id	site	job_url	title	company	location	date_posted	job_type	is_remote	emails	description	source	job_url_direct	job_level	job_function	company_industry	company_url	company_logo
go-07taTgKVP00FtMP4AAAAAA==	google	https://www.iitjobs.com/job/lead-qc-manual-bhubaneswar-odisha-india-cozentus-technologies-pvt-ltd-27502?utm_campaign=google_jobs_apply&utm_source=google_jobs_apply&utm_medium=organic	Lead QC - Manual	Cozentus Technologies Pvt Ltd	Bhubaneswar, Odisha	2025-04-28		False		The ideal candidate must possess both manual and automation testing skills, adept at analyzing requirements, planning testing strategies, writing test cases, and liaising with teams and clients. They should have experience setting up automation frameworks, conducting various tests (security, performance), utilizing test management tools, understanding Java development, and working with DevOps tools. Additionally, they should be capable of defining processes, training teams, and working in Agile methodologies. Location: BhubaneswarExperience: 8- 12 years	jobspy						
go-OSIiReCugwk3w9qfAAAAAA==	google	https://in.linkedin.com/jobs/view/senior-graphic-designer-at-ame-corporation-4218990706?utm_campaign=google_jobs_apply&utm_source=google_jobs_apply&utm_medium=organic	Senior Graphic Designer	Ame Corporation	Bhubaneswar, Odisha	2025-04-24		False		"Role Description

This is a full-time on-site role for a Senior Graphic Designer located in Bhubaneswar. The Senior Graphic Designer will be responsible for graphics, graphic design, logo design, branding, typography, and other design-related tasks for various projects at AME Corporation and Prime Pay

Qualifications
• Graphics, Graphic Design, and Logo Design skills
• Branding and Typography expertise
• Experience in creating visually appealing designs
• Proficiency in design software such as Adobe Creative Suite
• Strong portfolio demonstrating design skills
• Bachelor's degree in Graphic Design or related field
• Ability to work collaboratively in a fast-paced environment
• Attention to detail and creativity"	jobspy						
go-jPKlNlfBhzSfDHtTAAAAAA==	google	https://www.iitjobs.com/job/senior-qc-engineer-automation-bhubaneswar-odisha-india-cozentus-technologies-pvt-ltd-27505?utm_campaign=google_jobs_apply&utm_source=google_jobs_apply&utm_medium=organic	Senior QC Engineer (Automation)	Cozentus Technologies Pvt Ltd	Bhubaneswar, Odisha	2025-04-23		False		Must have manual and automation testing experience, able to analyse requirements, plan for testing needs of project, write system test cases, interact with teams and clients, plan and execute testing of project. Test management tool usage and integration with automation toolsUnderstanding of development process for Java and related technologies is needed . Location: BhubaneswarExperience: 4-7 years	jobspy						
go--Lsr79npfZ29VDIhAAAAAA==	google	https://www.iitjobs.com/job/healthcare-data-analyst-bhubaneswar-odisha-india-scalable-systems-4245?utm_campaign=google_jobs_apply&utm_source=google_jobs_apply&utm_medium=organic	Healthcare Data Analyst	Scalable Systems	Bhubaneswar, Odisha	2025-04-22		False		Job Description: Data analysts are experts with strong understanding of data structures and analysis. They are responsible for ensuring requirements around the accuracy, quality, completeness, and timeliness of data are captured and understood. They work hand in hand with Data Modelers, Data Developers, Data Stewards and Business SMEs to ensure the customer's data needs are accurately captured, understood and delivered. The Data Analyst III leads other data analysts on projects to ensure the development of a plan for and adequate completion of data analysis and design and ensure the quality of data specifications. In addition, the Data Analyst III reviews the work and ensures the quality of the team's deliverables. This role requires analytical skills related to Data Science or Actuarial.Responsibilities:Directly interacts with more senior level internal and external stakeholders (i.e. Managers, Directors, etc.).Act as a subject matter expert in one or more designated data domains.Play a lead role in Data Governance Domain Workgroups as domain SME.Partners with BSG and business to define & document data related requirements, and settle deliverables and deadlines, utilizing negotiation and creativity independently.Lead and provide direction to data analysts.Translate highly complex concepts and conclusions in a clear and concise manner in ways that can be understood by a variety of audiences.Lead and own the analysis of highly complex data sources, identifying trends and patterns in data and make recommendations based on analysis results.Perform root cause analysis on complex data anomalies and working closely data stewards to define best practice.Facilitate review sessions with management, business users and other team members.Direct and review the work of other Data Analysts.Coach and mentor junior analysts.Provide estimates for work efforts on projects.Oversees the creation of data assessments and project deliverables.Development of best practices, guidelines and standards for Data Governance, Data Quality and Data Integration.Qualifications:Education: Requires Bachelor's degree from an accredited college or university, preferably in a Quantitative Field (e.g. Actuarial, Analytics, Data Science, Mathematics, Engineering, Public Health, Data Science Information Systems, Statistics, etc.).MS/MA preferred.Experience:10+ Years of relevant work experience.8+ Years in Data Analysis or data related roles.6+ Years of Healthcare experience.Additional Licensing, Certifications, Registrations.Experience with Healthcare data formats such as X12, HL7, NCPDP, etc.Experience with Industry Data Models such as ADRM, IBM IIW/HPDM or Teradata Healthcare Data Model.Experience with Metadata management processes and tools (Glossary, Lineage, Mapping, etc.).Knowledge of, and experience, with database management system (DBMS) physical implementation, including tables, joins and views, specifically Teradata, Oracle, Greenplum, Vertica, etc.Knowledge of Big Data concepts and platforms such as Hadoop.Knowledge of NoSQL data stores such as MongoDB, Neo4J, Cassandra, Redis, etc.Experience with Data Warehouse and Data Marts.Excellent communication, interpersonal, presentation and facilitation skills.Excellent analytical and critical thinking skills with attention to detail.Proficiency using Query Tools such as AQT, TOAD, etc.Extremely strong SQL skills are required.Proficiency in analysis of very large data sets.Require ability to make decisions regarding data quality problems and make recommendations for higher level audience.Experience with Data Quality & Data Profiling metrics and tools.Knowledge and experience with Data Governance processes, policies and standards.Writing functional/mapping specifications for extracts and reports.Familiarity with the use cases, business purposes and quality of the data.Require the ability to lead multiple tasks.Require excellent organizational and time management skills.Demonstrates the ability to apply structure to a loosely defined problem.Strongly Desired Technical Skills:Informatica Data Analyst or other similar data analysis and profiling tools.Informatica Data Explorer or other similar tools.Master Data Management processes and platforms such as Initiate, Informatica MDM, IBM MDM, etc.Data Federation tools such as Teradata QueryGrid, Composite or Informatica DV.Other DBMS platforms such as Sybase, SQL Server, MS Access.Familiarity with reporting and analytics tools such as SAS, Tableau, Cognos, QlikView,Microstrategy, etc.	jobspy						
go-le7p3_g65DaZ7652AAAAAA==	google	https://www.iitjobs.com/job/full-stack-software-engineer-bhubaneswar-odisha-india-intersources-inc-81846?utm_campaign=google_jobs_apply&utm_source=google_jobs_apply&utm_medium=organic	Full Stack Software Engineer	InterSources Inc	Bhubaneswar, Odisha	2025-04-22		False		Responsibilities:• Design scalable, resilient, and cost-effective UI and Back-end solutions• Execute Unit Development, Unit Testing, and Integration activities for UI and Back-end functions supporting DSG's Data Privacy and Synthetic Fraud products.• Develop comprehensive design blueprints and documentation, including system diagrams, technical specifications, and implementation plans.• Partner with Sales, Marketing and Product teams on understanding customer requirements and supporting them throughout the sales lifecycle.• Work closely with the Customer Implementation and Support Manager on implementing Data Safeguard products within the customer environment.Qualifications:• Bachelor's degree/Masters/MS in Computer Science, Information Technology, or a related field.• 8+ years of experience developing and testing software applications.• 5+ years of experience using UI based technologies such as JavaScript, React and/or Next JS• 5+ years of experience with scripting languages such as Python, GO, Ruby, PERL• 5+ years of experience with Continuous Integration/Continuous Deployment (CI/CD)• 5+ years of experience using Agile methodology.• 3+ years of experience implementing products at customer sites.• Excellent written and oral communication.• Hands-on experience developing custom file viewers.• Experience with web development frameworks, databases, and version control systems.• Hands-on experience with integrating the front end with the back end using REST API's	jobspy						
go-TN3DmUxv0XliZ62HAAAAAA==	google	https://www.iitjobs.com/job/plsql-developer-bhubaneswar-odisha-india-bodhtree-consulting-ltd-84698?utm_campaign=google_jobs_apply&utm_source=google_jobs_apply&utm_medium=organic	PL/SQL Developer	Bodhtree Consulting Ltd	Bhubaneswar, Odisha	2025-04-22		False		1. Develop, debug, and optimize PL/SQL scripts for data transformation and integration2. Rewriting queries and PL/SQL code to improve efficiency, scalability, and response time3.Write and maintain scripts for data extraction, transformation, and loading (ETL) between various databases and systems.Perform data migration, ensuring data integrity during the process.4. Perform root cause analysis and troubleshoot database issues, including application performance, errors, and system downtime.5.Resolve database-related issues by performing recovery, patching, and upgrading.6. Work closely with other developers, DBAs (Database Administrators), business analysts, and project managers to deliver high-quality solutions.7. Participate in code reviews, peer programming, and provide mentoring to junior developers8.Deep understanding of Oracle Database (version 11g, 12c, or higher), its architecture, and features like tablespaces, indexes, constraints, etc.9.Experience working with Oracle database tools like SQL*Plus, SQL Developer, TOAD, and Oracle Enterprise Manager.	jobspy						
go-Soqfjq3g3NtmcpGLAAAAAA==	google	https://in.linkedin.com/jobs/view/associate-at-nalco-4218931700?utm_campaign=google_jobs_apply&utm_source=google_jobs_apply&utm_medium=organic	Associate	Nalco	Odisha	2025-04-20		False		"Company Description
TATA AIGGENERALINSURANCE.

Role Description

This is a full-time on-site role for an Associate located in Odisha, India. The Associate will be responsible for a variety of tasks, including supporting various projects, conducting research, coordinating with team members, and communicating with clients. The role also involves data entry, report generation, and maintaining accurate records. The Associate will work closely with supervisors to ensure that all tasks are completed efficiently and effectively.

Qualifications
• Strong organizational and time management skills
• Effective communication and interpersonal skills
• Proficiency in data entry and report generation
• Ability to work collaboratively with team members
• Problem-solving skills and attention to detail
• Experience with project coordination and client communication
• Proficiency in Microsoft Office Suite and relevant software tools
• B-Tech in a relevant field or equivalent experience"	jobspy						
go-AiXhf-h4j9DxsPv_AAAAAA==	google	https://in.linkedin.com/jobs/view/business-manager-sales-at-livspace-4217778086?utm_campaign=google_jobs_apply&utm_source=google_jobs_apply&utm_medium=organic	Business Manager - Sales	Livspace	Bhubaneswar, Odisha	2025-04-20	contract	False		"About Us

Livspace is Asia’s largest and fastest-growing omnichannel home interiors and renovation platform. Using its proprietary technology, Livspace provides a one-stop renovation solution for homeowners—from design to managed last mile fulfillment for all rooms in a home. The platform has organized a fragmented industry, bringing together designers, brands, manufacturers, and contractors to enable an eCommerce-like trusted, and predictable experience.

The company launched operations in Bengaluru, India in 2015. Since its inception, Livspace has organized a fragmented industry, bringing together a curated community of designers, brands, manufacturers and contractors. This has resulted in an e-commerce-like trusted and predictable experience for the homeowners. Livspace boasts of a community of 50000+ satisfied customers and over 2000 interior designers.

The company is already the largest employer of interior designers in the country. Livspace currently serves Singapore, Malaysia, Saudi Arabia as well as 30 metro and non-metro areas in India including - Bengaluru, Chennai, Delhi, Noida, Gurgaon, Mumbai, Thane, Pune, Hyderabad, Kolkata, Ahmedabad, Kochi, Jaipur, Lucknow, Indore, Surat, Coimbatore, Mysore, Mangalore, Vizag, Vijayawada.

Livspace has showcased phenomenal growth since its launch, having delivered over 125,000 rooms and selling over 7.5 million SKUs through its platform. The company also delivered 50,000 homes across all our serviceable locations.

The founders - Anuj Srivastava and Ramakant Sharma are former Google and Myntra executives respectively, who are seasoned entrepreneurs and successful angel investors. Livspace’s leadership team combines world-class talent and entrepreneurial experience gathered at some of the best companies in the world.

Livspace has raised around USD 450 million in capital from some of the top global investors including KKR, Ingka Group Investments (part of largest IKEA retailer Ingka Group), TPG Growth, Goldman Sachs, Kharis Capital, Venturi Partners, FFP (Peugeot Group’s Holding Company), EDBI, Bessemer Venture Partners, Jungle Ventures, Helion Ventures and UC-RNT. For more information, please visit: ""https://www.livspace.com/""

Job Description

In the role of a Business Manager - Sales, you will be required to own the sales funnel & drive sales closure. You will need to achieve sales target on projects month on month through a team of 6 to 10 designers.
• Enure sales funnel management to achieve a higher conversion rate output.
• Target and achieve of 12 to 15 projects a month, by ensuring new projects bookings.
• Responsible for Customer Experience & Relationship Management.
• Training designers to esnure sales & enabling them to achieve their targets.

Job Requirement
• Bachelor's Qualification: B-Arch (preferred) | If any other, then with relevant industry exposure.
• 5+ years of relevant work-experience in B2C Business Development and Growth.
• Managerial experience of minimum 12 months leading a team."	jobspy						
go-HA9RohELhCVuSUurAAAAAA==	google	https://www.iitjobs.com/job/aiml-software-engineer-bhubaneswar-odisha-india-intersources-inc-81845?utm_campaign=google_jobs_apply&utm_source=google_jobs_apply&utm_medium=organic	AI/ML Software Engineer	InterSources Inc	Bhubaneswar, Odisha	2025-04-17		False		We are currently seeking an experienced AI/ML Engineer to join our dynamic Engineering organization. As a key contributor, you will play a vital role in advancing our suite of products, leveraging your expertise in machine learning to develop and implement cutting-edge solutions.Candidates should also have extensive experience working with customers to implement product solutions within the customers environment (e.g., On Prem or Cloud)Responsibilities:• Develop and implement machine learning models and algorithms in collaboration with the AI/ML team.• Drive data pre-processing, feature engineering, and model evaluation to ensure the accuracy and efficiency of solutions.• Conduct rigorous experiments, analyze results, and provide actionable insights to enhance model performance and effectiveness.• Optimize model performance with large-scale datasets, employing advanced techniques and methodologies.• Spearhead the integration of AI/ML models into our product ecosystem, seamlessly merging them into product features.• Stay abreast of the latest advancements in AI/ML technologies, actively contributing to the team's knowledge base and fostering innovation.• Partner with Sales, Marketing and Product teams on understanding customer requirements and supporting them throughout the sales lifecycle.• Work closely with the Customer Implementation and Support Manager on implementing Data Safeguard products within the customers environment.Qualifications:• Bachelor's or Master's degree in Computer Science, Data Science, or a related field.• 5+ years of hands-on experience in developing, deploying and testing machine learning solutions.• 5+ years of experience with scripting languages such as Python and with machine learning libraries such as TensorFlow, PyTorch, and scikit-learn.• 5+ years of experience with Continuous Integration/Continuous Deployment (CI/CD)• 5+ years of experience using Agile methodology.• 3+ years of experience implementing products at customer sites.• Demonstrated expertise in data pre-processing, feature engineering, and model evaluation techniques	jobspy						
go-6ho4s7ARoqVBOJrLAAAAAA==	google	https://in.linkedin.com/jobs/view/academic-counsellor-in-andhra-pradesh-tamil-nadu-karnataka-odisha-begumpet-rajasthan-maharashtra-telangana-kolkata-hyderabad-raipur-nagpur-at-wemakescholars-4219933594?utm_campaign=google_jobs_apply&utm_source=google_jobs_apply&utm_medium=organic	Academic Counsellor in Andhra Pradesh, Tamil Nadu, Karnataka, Odisha, Begumpet, Rajasthan, Maharashtra, Telangana, Kolkata, Hyderabad, Raipur, Nagpur	WeMakeScholars	Odisha	2025-04-17		False		"Key Responsibilities
• Get trained on the process of scholarship and admission in various countries
• Help students secure admits and scholarships for their higher studies abroad
• Understand student profiles and requirements upon their application
• Shortlist appropriate scholarships and universities for each student
• Write scholarship essays and Statements of Purpose (SOP) for students
• Track and manage deadlines for your portfolio of students
• Interact with students via phone or email, dedicating 3-4 hours a day for calls

About Company: WeMakeScholars is a Hyderabad-based fintech startup specializing in education loans and scholarships. Established seven years ago, we collaborate closely with major banks and NBFCs in India, including SBI, Axis Bank, and ICICI Bank, to simplify the education loan application process for students and parents. While we do not directly provide loans, we ensure a seamless and hassle-free experience. As market leaders in the education finance segment, we currently partner with over 14 financial institutions, a number that continues to grow. Last year, we facilitated the disbursement of approximately 10,000 crore in student loans, and we anticipate even higher volumes this year."	jobspy						
go-Oc1Xmoc-mD1UFCUEAAAAAA==	google	https://www.iitjobs.com/job/business-intelligence-developer-sas-bhubaneswar-odisha-india-scalable-systems-4248?utm_campaign=google_jobs_apply&utm_source=google_jobs_apply&utm_medium=organic	Business Intelligence Developer (SAS)	Scalable Systems	Bhubaneswar, Odisha	2025-04-17		False		Job Description: A SAS Business Intelligence Developer is responsible for performing all phases of reporting; including report design, measure development, data collection, summarization, documentation and validation to support the information needs of analysts, management, staff and providers. The Business Intelligence Developer exercises independent judgment, strong commitment to team work, exceptional customer service while working collaboratively with business users throughout the organization. A Business Intelligence Developer utilizes strong analytical and problem solving skills to accurately interpret and execute business requirements producing meaningful, actionable products. Proficiency with reporting tools, such as Crystal Reports, and database structures and content is needed.Responsibilities:Qualifications:Collaborate with cross functional teams to gather and document BI requirementsAnalyze BI requirements and design/develop Cognos Reporting solutions to support standard reporting, Dashboard and self-service environment.Will be the primary contact for questions about existing reports and DashboardsPerformance tuning to ensure reports function within acceptable parametersCollaborate with stakeholders to define the business layer and presentation layer of the BI Model that is business friendly and supports a self-service environment.Analyze requirements and architect appropriate solutions, with detailed design documentsReview the current architecture and recommend changes as appropriateEnsure documentation is up to dateEducation: Associate's Degree in a Related Field or Bachelor's Degree in a Related Field.Experience:5+ years of experience. Most recent experience must be Business Intelligence focused with at least five years of hands on experience in dashboard and report development using SAS VA and EG.Strong communication skills, with prior experience in requirements gathering and working with SMEs and Stakeholders at various leadership levels.Hands on Framework Manager Dimensional Modeling, Transformer cube, Design and DevelopmentHands on Dashboard, and report development experienceProven experience in scripting (Java Scripting/JQuery) to extend SAS CapabilitiesExcellent performance tuning and trouble shooting skillsEffective verbal, written and interpersonal communicationStrong grasp of relational Database principles, OLTP, OLAP, 3NF, Star-SchemaDemonstrable experience in Dashboards, KPI, Scorecards, mobile, Operational and Business Intelligence Prior experience in leading a BI TeamPreferred:Experience in business areas such as finance, marketing, Healthcare or operations.Computer skills including Windows-based applications (e.g., Word, Excel, PowerPoint, Visio, Outlook, etc) or other online collaborative tools.Knowledge and understanding of database theory and practice, database structures, query languages, and concepts.Experience with one or more reporting tools (e.g. Crystal, Access, SQL, Tableau, SAS, QlikView) used to fill data/information requests. Working knowledge for database applications or reporting tools.Ability to create, manipulate and report from various data sources. Basic analytical, critical thinking, and problem solving abilities.Ability to interpret data, identify trends, and anomalies.Strong communication skills (written and oral). Demonstrated commitment to team work and exceptional customer service.Ability to work in ambiguous situations under pressure.Ability to maintain a professional demeanor and appearance at all times.Ability to manage multiple tasks and track issues on a daily basis.	jobspy						
go-M-0x9U4mIXRLUUMEAAAAAA==	google	https://www.iitjobs.com/job/senior-business-intelligence-developer-cognos-bhubaneswar-odisha-india-scalable-systems-4246?utm_campaign=google_jobs_apply&utm_source=google_jobs_apply&utm_medium=organic	Senior Business Intelligence Developer (Cognos)	Scalable Systems	Bhubaneswar, Odisha	2025-04-17		False		Job Description: Position requires extensive experience in Business Intelligence with proven skills in working with peers, Subject Matter Experts and the business to help develop the appropriate solutions to empower the business. As a BI Team lead you have advanced Cognos Development skills with expertise/exposure to Tableau or similar tools. You will be responsible for the design, development, and implementation of Business Intelligence (BI) Solutions.Responsibilities:Qualifications:Collaborate with cross functional teams to gather and document BI requirementsAnalyze BI requirements and design/develop Cognos Reporting solutions to support standard reporting, Dashboard and self-service environment.Will be the primary contact for questions about existing reports and DashboardsPerformance tuning to ensure reports function within acceptable parametersCollaborate with stakeholders to define the business layer and presentation layer of the BI Model that is business friendly and supports a self-service environment.Analyze requirements and architect appropriate solutions, with detailed design documentsReview the current architecture and recommend changes as appropriateEnsure documentation is up to dateEducation: Bachelor's Degree in Computer Science or equivalent experience requiredExperience:Bachelor's degree with at least eight years of IS experience. Most recent experience must be Business Intelligence focused with at least five years of hands on experience in dashboard and report development using Cognos.Strong communication skills, with prior experience in requirements gathering and working with SMEs and Stakeholders at various leadership levels.Proficiency with Cognos BI (Preferably 10.2.2) Product Suite (Report Studio, Analysis Studio, Query Studio, Framework Manager, Transformer, workspace advanced)Hands on Framework Manager Dimensional Modeling, Transformer cube, Design and DevelopmentHands on Dashboard, and report development experienceProven experience in scripting (Java Scripting/JQuery) to extend Cognos CapabilitiesExcellent performance tuning and trouble shooting skillsEffective verbal, written and interpersonal communicationStrong grasp of relational Database principles, OLTP, OLAP, 3NF, Star-SchemaDemonstrable experience in Dashboards, KPI, Scorecards, mobile, Operational and Business Intelligence Prior experience in leading a BI TeamPreferred:Advanced query writing skills would be a strong plusPrior experience working with data sourced from JD EdwardsUnderstanding of SOX and Project management principles and conceptsRapid prototyping and agile methodologyCognos Administration experience/familiarityExpertise in Tableau or similar visualization tools	jobspy						
go-aCwS5k9tmMzYfoU1AAAAAA==	google	https://in.linkedin.com/jobs/view/team-leader-at-netambit-4218583253?utm_campaign=google_jobs_apply&utm_source=google_jobs_apply&utm_medium=organic	Team Leader	NetAmbit	Jatni, Odisha	2025-04-16		False	bablu.pathak@netambit.net	"This job is provided by apna.co Process: Gpay

Designation: Team Leader

Company: Netambit ValueFirst Services Pvt Ltd
• Experience: 2-5 years in Team Leader Direct sales/ B2B Sales/ Merchant Acquisition / Retail Sales (Not Stores experience) Telecom Sales/ Digital Payment.

Field sales & Team handling experience is must.

Digital Payments & Telecom Sales Experience Will Be Preferred.
• Only QR+Sound box installation experience candidate share cv

Interested candidate share your Cv bablu.pathak@netambit.net $ 6202572748

Job Responsibilities
• Develop strategy for acquisition of merchants, retailers from various segments.
• Responsible for sourcing, generating; closing new acquisition & activations signing leads.
• Will be managing the team of direct sales people.
• Coach & mentor th…"	jobspy						
go-1YDW2GDl7xYN55FPAAAAAA==	google	https://in.linkedin.com/jobs/view/medical-practitioner-at-pvt-hospital-4218356930?utm_campaign=google_jobs_apply&utm_source=google_jobs_apply&utm_medium=organic	Medical Practitioner	Pvt hospital	Puri, Odisha	2025-04-14		False		"Company Description

A reputed super speciality hospital in Puri Odisha

Role Description

This is a full-time on-site role for a Medical Practitioner(MBBS) at Pvt hospital located in Puri. The Medical Practitioner will be responsible for diagnosing and treating patients, prescribing medications, performing medical procedures, and collaborating with other healthcare professionals to provide comprehensive patient care.

Qualifications
• Medical Degree and valid license to practice as a Medical Practitioner
• Strong diagnostic and decision-making skills
• Excellent communication and interpersonal abilities
• Experience in patient care and treatment planning
• Knowledge of electronic medical records systems
• Ability to work in a fast-paced environment
• Icu and casualty experience is a plus
• Good remuneration with hike as per performance.
• 0-2years min experience.

Contact No : 9777547940"	jobspy						
go-I2kgJEOj5hR12ZKFAAAAAA==	google	https://in.linkedin.com/jobs/view/sales-officer-sales-representative-at-balaji-wafers-pvt-ltd-4219879684?utm_campaign=google_jobs_apply&utm_source=google_jobs_apply&utm_medium=organic	Sales Officer / Sales Representative	Balaji Wafers Pvt.Ltd.	Jharsuguda, Odisha	2025-04-13		False	sarveshkumarjha@balajiwafers.com	"Company Description

Balaji Wafers Pvt. Ltd. specializes in manufacturing potato wafers and Indian ethnic snacks like aloosev, moong dal, chana dal, tikha mitha mix under the brand name of ""BALAJI."" The company currently operates two manufacturing units in Gujarat and is expanding into the north and south regions.

Role Description

This is a full-time on-site role for a Sales Officer/Sales Representative located in Jharsuguda. The Sales Officer will be responsible for customer service, lead generation, communication, sales operations, and channel sales on a day-to-day basis.

Qualifications
• Customer Service and Communication skills
• Lead Generation and Sales Operations skills
• Experience in Channel Sales
• Strong interpersonal and negotiation skills
• Ability to work independently and as part of a team
• Previous sales experience is preferred
• Bachelor's degree in Business Administration or related field

Email: sarveshkumarjha@balajiwafers.com"	jobspy						
go-34JpjlrKV4wRibCsAAAAAA==	google	https://in.linkedin.com/jobs/view/security-and-loss-prevention-specialist-inslp-at-amazon-4219803760?utm_campaign=google_jobs_apply&utm_source=google_jobs_apply&utm_medium=organic	Security and Loss Prevention Specialist, INSLP	Amazon	Bhubaneswar, Odisha	2025-04-09		False		"Description

INSLP (Security & Loss Prevention) is hiring an SLP Specialist to support growth of the “SLP MDR Concessions Abuse Program” and help preventing losses via identification of abusive entity. The program is aimed at identifying and eliminating Concessions Abuse while preserving customer trust.

The primary objective of the SLP Specialist is to provide security services, investigation and asset protection in designated area of responsibility, assist in mitigating product loss, and maintain customer satisfaction in accordance with INSLP guidelines and policies. The role is cross-functional and requires deep collaboration and influencing ability with stakeholders from business and corporate functions. SLP Specialist's day-to-day activities involve planning, organizing, coordinating, implementing and executing process and procedures laid down by the organization and the SLP function.

As a part of the SLP MDR Concessions Abuse program, the SLP Specialist is required to deep dive into the Concessions request raised by customer, and conduct end-to-end investigation across customer, DA/network and seller to identify the abusive entity. SLP has outlined frameworks for investigation, and the SLP Specialist is bound to adhere to the investigation guidelines. Along with primarily supporting on Concessions investigations, the SLP Specialist will be required to provide on-ground intel useful in uncovering abuse MOs. In order to ensure network integrity, the SLP Specialist will be required to conduct risk assessment and process audit for the respective sites and work in accordance with the security policies and guidelines.

Key job responsibilities

Security Operation
• Implementation and follow-up of Loss Prevention Plan in MDR Concessions

Audits and Compliance
• Conducting SLP audits and implementing SOPs
• Surprise check and reports at LM (Last Mile) stations
• Keeping the plans and SOPs updated
• Periodical check of documentation
• Adhering to SLAs defined for the SLP MDR Concessions Abuse Program

Process Improvement and Loss Prevention
• Process review, gap analysis and implementation of necessary improvements
• Weekly, monthly and quarterly assessments
• Loss prevention reporting
• Working on feedbacks received from internal and external stakeholders
• Follow up and completion of CAPA
• Recommending loss prevention initiatives based on on-ground intel

Loss Prevention Analysis and Investigation
• Work closely with the SLP and CS teams to analyze the loss trends in MDR Concessions
• Weekly loss trend analysis, identifying defects / abusive entities and working towards loss reduction
• Conduct investigations by working closely with CS and support functions in SLP and Ops
• Meeting the weekly investigation targets and submitting investigation reports
• Sharing RCAs and PTG initiatives on shrink and unmet goals

Basic Qualifications

University degree or equivalent through experience and professional certification
• A minimum of 7-10 years in Security and Loss prevention role, law enforcement or security-related profession
• Extensive and up to date knowledge of Shrink Management and Data Analysis
• Experience in managing or coordinating security investigations of complex nature
• Knowledge of information security processes and systems
• Experience in security auditing

Preferred Qualifications

Loss Prevention experience
• Investigation/Security related certification
• Emergency Response / Crisis Management certification
• Training & Development experience
• Auditing and security investigations experience
• Exposure to MNC culture and dynamics

Our inclusive culture empowers Amazonians to deliver the best results for our customers. If you have a disability and need a workplace accommodation or adjustment during the application and hiring process, including support for the interview or onboarding process, please visit https://amazon.jobs/content/en/how-we-hire/accommodations for more information. If the country/region you’re applying in isn’t listed, please contact your Recruiting Partner.

Company - ATSPL - Odisha - G69

Job ID: A2969734"	jobspy						
go-BSTWMiTW056nziEzAAAAAA==	google	https://in.linkedin.com/jobs/view/sales-officer-senior-sales-officer-at-planet-solutions-4219640148?utm_campaign=google_jobs_apply&utm_source=google_jobs_apply&utm_medium=organic	Sales Officer / Senior Sales Officer	Planet Solutions	Malkangiri, Odisha	2025-04-08	contract	False		"Position : Sales Officer / Senior Sales Officer

Department : Retail Marketing

Experience : Minimum 3 years of experience in Cement / Steel / Building Materials.

Qualification: : Any Graduate

Location : Malkangiri, Odisha

Responsibilities :
• Responsible for selling TMT bars (Primary & Secondary)
• Meeting dealers , masons, contractors & engineers
• Appointing new dealers and enrollment of Engineers, masons & Contractors
• Preparing weekly, monthly, and Yearly to the DSR’s
• Site visits, CRM Reporting and updation
• Payment Follow-up with Dealers
• Conducting influencers meets"	jobspy						
go-m9Dg3rUmkHaTWc-YAAAAAA==	google	https://in.linkedin.com/jobs/view/senior-research-fellow-srf-at-nit-rourkela-at-nit-rourklea-4218086547?utm_campaign=google_jobs_apply&utm_source=google_jobs_apply&utm_medium=organic	Senior Research Fellow (SRF) at NIT Rourkela	NIT -Rourklea	Sundargarh, Odisha	2025-04-07		False	hiremaths@nitrkl.ac.in, hiremaths@nitrkl.ac.in	"Dear All,

Greetings from the Department of Electronics and Communication Engineering, NIT Rourkela.

We are pleased to invite applications for the post of Senior Research Fellow (SRF) under a prestigious research project funded by the Department of Telecommunications (DOT), Government of India, titled:

🎯 “Design and Development of Deep Learning-based Secure Joint Channel Estimation and Feedback Algorithms for 6G”
📌 Key Details:
• Number of Positions: 02
• Duration: Up to December 2027 (subject to project continuation)
• Monthly Fellowship: ₹42,000/-
• Mode of Interview: Offline
• Interview Date: May 20, 2025, 4:00 PM
• Last Date to Apply: May 19, 2025
• Department: Electronics and Communication Engineering, NIT Rourkela
🎓 Eligibility Criteria:
• M.Tech/M.E/MS or equivalent in ECE, EE, CSE, Telecommunication, AI/ML, VLSI, etc.
• Or M.Sc./MCA with valid GATE/NET score
• Or B.Tech/B.E with valid GATE score
• Minimum 60% marks or 6.5/10 CGPA throughout
🧠 Desired Skills:
• Strong background in Signal Processing, Wireless/MIMO Communication, Deep Learning
• Programming proficiency in Python, MATLAB, VHDL/Verilog, etc.
• Exposure to hardware (SDR, FPGA, RF-Soc) and EDA tools preferred

This opportunity also opens avenues for Ph.D. admission, subject to eligibility and institute norms.

Interested candidates may reach out to the PI:

Prof. Shrishailayya M Hiremath

📧 Email: hiremaths@nitrkl.ac.in

We request that you circulate this announcement widely among your networks and encourage eligible candidates to apply.

The application can be found here: https://nitrkl.ac.in/SRICCE/Career

Warm regards,

Prof. Shrishailayya M Hiremath

Department of Electronics and Communication Engineering

National Institute of Technology

Rourkela, PIN - 769008

ORISSA, INDIA

hiremaths@nitrkl.ac.in

Mob:9438503621

Office:0661-2462459"	jobspy						
go-0AUZ5ONV9xEtb6IBAAAAAA==	google	https://www.iitjobs.com/job/network-administrator-routing-protocols-bhubaneswar-odisha-india-fluentgrid-limited-11988?utm_campaign=google_jobs_apply&utm_source=google_jobs_apply&utm_medium=organic	Network Administrator - Routing Protocols	Fluentgrid Limited	Bhubaneswar, Odisha	2025-04-28		False		About the jobThis job is sourced from a job board. Learn MoreWe are looking IT Infra Positions for Data CenterRole : Network AdministratorLocation : BhubaneswarJob DescriptionRequired Skills : Should be able to Design, Install, Modify, Monitor and Maintain the Network and Computer Systems.Exceptional Analytical Skills Are Required to Trouble Shoot Issues and Deliver Secure, Creative, Value-Driven SolutionsEstablishes VPN, LAN, WAN and DMZ Specifications by Conferring With UsersAnalysing Workflow, Access, Information, and Security RequirementsDesigning Router Administration, Including Interface Configuration and Routing Protocols.Continually Improves the Networks by Monitoring and Evaluating Network Performance Issues Including Availability, Utilization, Throughput and Latency; Planning and Executing the SelectionInstallation, Configuration, and Testing of EquipmentDefining Network Policies and Procedures; Establishing Connections and Firewalls.Maintains Inventory of Equipment and Parts as Well as Documentation of Configurations, Standards and Vendor Activities.Protects Organizational Value by Keeping Information Confidential.Accomplishes Organization Goals by Accepting Ownership of Tasks and Requests;Exploring Opportunities to Add Value to Job Accomplishments.In-Depth Understanding of Communication Protocols (Mainly TCP/IP) and Routing Protocols (e.g. BGP, OSPF)Resolve Issues Tiers of Support Have Escalated by Troubleshooting Cloud and Local InfrastructureExperience With Network Diagnostic, Monitoring and Analysis Tools (e.g. SolarWinds Network Tools)Professional Certification (e.g. CCNP, CCNA)	jobspy						
go-GqBf_yHne9OinfLvAAAAAA==	google	https://www.iitjobs.com/job/cloud-solutions-developer-bhubaneswar-odisha-india-intersources-inc-81842?utm_campaign=google_jobs_apply&utm_source=google_jobs_apply&utm_medium=organic	Cloud Solutions Developer	InterSources Inc	Bhubaneswar, Odisha	2025-04-24		False		We are currently seeking a Cloud Engineer to join our engineering team. You will work with the architecture and development teams to implement and manage cloud-based solutions across multiple platforms including Azure, AWS, and Google Cloud.Responsibilities:• Implement and manage scalable, resilient, and cost-effective cloud environments across various cloud platforms.• Develop and maintain cloud infrastructure components, including virtual networks, storage accounts, virtual machines, and containers.• Assist in the evaluation and recommendation of appropriate cloud services, technologies, and tools to meet product development standards.• Support the implementation of cloud-based solutions, ensuring adherence to product architectural guidelines, security standards, and best practices.• Configure and deploy cloud infrastructure components across multiple platforms.• Implement identity and access management (IAM) solutions and set up authentication mechanisms and security controls.• Monitor and optimize cloud resources to maximize performance, scalability, and cost efficiency.• Implement backup and disaster recovery solutions for cloud-based environments.Minimum Qualifications:• Bachelor’s degree in computer science, Information Technology, or a related field.• 3+ years of experience as a Cloud Engineer with experience across multiple cloud platforms (e.g., Azure, AWS, Google Cloud).• Strong understanding of cloud architecture and security principles. • Knowledge and experience with various operating systems including Linux • Experience with BASH scripting and programming languages such as Python.• Strong experience with cloud deployment methodologies, DevOps practices, continuous integration/continuous deployment (CI/CD) pipelines and Infrastructure-As-Code (IaC) tools such as Terraform.• Familiarity with cloud services such as virtual machines, storage accounts, networking, and security.• Experience with containerization technologies like Docker and Kubernetes.• Basic understanding of API design and security practices including Microservices.• Strong problem-solving skills and ability to work independently as well as part of a team.• Excellent communication and client management skills.Preferred Qualifications:• Knowledge of Configuration Management tools such as Ansible• Knowledge of managing multiples databases including Oracle, Mongo, Postgre and SQL Server• Basic knowledge of VPN technologies such as Sophos• General understanding of Hybrid Environments such as On Premise (in the Data Center) to Cloud (e.g., GCP)• Demonstrated expertise in Linux storage systems	jobspy						
go-HA9RohELhCVuSUurAAAAAA==	google	https://www.iitjobs.com/job/aiml-software-engineer-bhubaneswar-odisha-india-intersources-inc-81845?utm_campaign=google_jobs_apply&utm_source=google_jobs_apply&utm_medium=organic	AI/ML Software Engineer	InterSources Inc	Bhubaneswar, Odisha	2025-04-23		False		We are currently seeking an experienced AI/ML Engineer to join our dynamic Engineering organization. As a key contributor, you will play a vital role in advancing our suite of products, leveraging your expertise in machine learning to develop and implement cutting-edge solutions.Candidates should also have extensive experience working with customers to implement product solutions within the customers environment (e.g., On Prem or Cloud)Responsibilities:• Develop and implement machine learning models and algorithms in collaboration with the AI/ML team.• Drive data pre-processing, feature engineering, and model evaluation to ensure the accuracy and efficiency of solutions.• Conduct rigorous experiments, analyze results, and provide actionable insights to enhance model performance and effectiveness.• Optimize model performance with large-scale datasets, employing advanced techniques and methodologies.• Spearhead the integration of AI/ML models into our product ecosystem, seamlessly merging them into product features.• Stay abreast of the latest advancements in AI/ML technologies, actively contributing to the team's knowledge base and fostering innovation.• Partner with Sales, Marketing and Product teams on understanding customer requirements and supporting them throughout the sales lifecycle.• Work closely with the Customer Implementation and Support Manager on implementing Data Safeguard products within the customers environment.Qualifications:• Bachelor's or Master's degree in Computer Science, Data Science, or a related field.• 5+ years of hands-on experience in developing, deploying and testing machine learning solutions.• 5+ years of experience with scripting languages such as Python and with machine learning libraries such as TensorFlow, PyTorch, and scikit-learn.• 5+ years of experience with Continuous Integration/Continuous Deployment (CI/CD)• 5+ years of experience using Agile methodology.• 3+ years of experience implementing products at customer sites.• Demonstrated expertise in data pre-processing, feature engineering, and model evaluation techniques	jobspy						
go-M-0x9U4mIXRLUUMEAAAAAA==	google	https://www.iitjobs.com/job/senior-business-intelligence-developer-cognos-bhubaneswar-odisha-india-scalable-systems-4246?utm_campaign=google_jobs_apply&utm_source=google_jobs_apply&utm_medium=organic	Senior Business Intelligence Developer (Cognos)	Scalable Systems	Bhubaneswar, Odisha	2025-04-23		False		Job Description: Position requires extensive experience in Business Intelligence with proven skills in working with peers, Subject Matter Experts and the business to help develop the appropriate solutions to empower the business. As a BI Team lead you have advanced Cognos Development skills with expertise/exposure to Tableau or similar tools. You will be responsible for the design, development, and implementation of Business Intelligence (BI) Solutions.Responsibilities:Qualifications:Collaborate with cross functional teams to gather and document BI requirementsAnalyze BI requirements and design/develop Cognos Reporting solutions to support standard reporting, Dashboard and self-service environment.Will be the primary contact for questions about existing reports and DashboardsPerformance tuning to ensure reports function within acceptable parametersCollaborate with stakeholders to define the business layer and presentation layer of the BI Model that is business friendly and supports a self-service environment.Analyze requirements and architect appropriate solutions, with detailed design documentsReview the current architecture and recommend changes as appropriateEnsure documentation is up to dateEducation: Bachelor's Degree in Computer Science or equivalent experience requiredExperience:Bachelor's degree with at least eight years of IS experience. Most recent experience must be Business Intelligence focused with at least five years of hands on experience in dashboard and report development using Cognos.Strong communication skills, with prior experience in requirements gathering and working with SMEs and Stakeholders at various leadership levels.Proficiency with Cognos BI (Preferably 10.2.2) Product Suite (Report Studio, Analysis Studio, Query Studio, Framework Manager, Transformer, workspace advanced)Hands on Framework Manager Dimensional Modeling, Transformer cube, Design and DevelopmentHands on Dashboard, and report development experienceProven experience in scripting (Java Scripting/JQuery) to extend Cognos CapabilitiesExcellent performance tuning and trouble shooting skillsEffective verbal, written and interpersonal communicationStrong grasp of relational Database principles, OLTP, OLAP, 3NF, Star-SchemaDemonstrable experience in Dashboards, KPI, Scorecards, mobile, Operational and Business Intelligence Prior experience in leading a BI TeamPreferred:Advanced query writing skills would be a strong plusPrior experience working with data sourced from JD EdwardsUnderstanding of SOX and Project management principles and conceptsRapid prototyping and agile methodologyCognos Administration experience/familiarityExpertise in Tableau or similar visualization tools	jobspy						
go-u89OaTlgGEH1hPDYAAAAAA==	google	https://www.iitjobs.com/job/tableau-developerbi-bhubaneswar-odisha-india-bodhtree-consulting-ltd-84699?utm_campaign=google_jobs_apply&utm_source=google_jobs_apply&utm_medium=organic	Tableau Developer(BI)	Bodhtree Consulting Ltd	Bhubaneswar, Odisha	2025-04-22		False		1. Analyze, design, develop, document, test, and deploy BI solutions2. Translate data into meaningful operational insights3. Enhance and support existing solutions4. Translate business needs to technical specifications5. Create engaging visualizations and reports for requested projects6. Maintain and support the analytics platform7. Develop and execute database queries and conduct analyses8. Develop and maintain technical documentation9. Implement best practices for optimum use, performance, and maintainability.	jobspy						
go-KTr0zofbUUBXtAbVAAAAAA==	google	https://www.iitjobs.com/job/database-lead-bhubaneswar-odisha-india-cozentus-technologies-pvt-ltd-27507?utm_campaign=google_jobs_apply&utm_source=google_jobs_apply&utm_medium=organic	Database Lead	Cozentus Technologies Pvt Ltd	Bhubaneswar, Odisha	2025-04-22		False		Proficient in MYSQL database with the ability to independently tackle intricate design and development tasks. Capable of comprehending requirements and delivering on database design, queries, stored procedures, triggers, and functions. Skilled in crafting complex SQL queries and business logic, performing database design, and optimizing query and database performance. Strong English communication skills.Location: BhubaneswarExperience: 6-10 years	jobspy						
go-veKJko0nJmlcU0_-AAAAAA==	google	https://www.iitjobs.com/job/software-automation-testing-bhubaneswar-odisha-india-bodhtree-consulting-ltd-84691?utm_campaign=google_jobs_apply&utm_source=google_jobs_apply&utm_medium=organic	Software Automation Testing	Bodhtree Consulting Ltd	Bhubaneswar, Odisha	2025-04-22		False		Mandatory Skills:Mobile Automation : Java, Selenium, Appium* IOS and Android App automation* Framework : Cucumber, TestNG, Maven Framework* Android Studio and XCode, Emulators* DB : Mongo DB, or any other SQL DB knowledge* Manual Mobile testing * GitHub, JIRA* CI/CD : Jenkins or GitHub Actions* Agile Methodology* Device farms - Browser stack or Lambda test or Sauce labsJob Description:· Overall, 8 - 10 years of experience in software testing and test automation· 4+ years of experience in test automation techniques for complexinterdependent programs/projects.· 4+ years of testing experience with mobile apps and test automation cases· Must-Have - Automation with Java, test framework, QA process & tools like Selenium, Jenkins, Maven.· Hands-on experience writing test automation scripts in Java or JS.· Familiarity with test engineering tools such as JUnit, Selenium, Note JS, UnixShell scripting, JMeter, JIRA, Charles Proxy, Android Studio, Xcode, GIT, and SQL.· Experience with Cucumber/Behave, BDD, TestNG testing frameworks.· Demonstrated knowledge of CI/CD tools to integrate the Automation scripts.· Working knowledge of GitHub actions is a plus. · Possess experience in Test Planning, execution, and tracking tool. · Experience with Agile/Scrum methodologies.· Experience with Continuous Integration/Continuous Deploymentmethodologies· In-depth knowledge of test automation using Selenium.Good to Have Skills:* API Automation : Rest Assured* Charles Proxy* JavaScript* Jasmine.	jobspy						
go-07taTgKVP00FtMP4AAAAAA==	google	https://www.iitjobs.com/job/lead-qc-manual-bhubaneswar-odisha-india-cozentus-technologies-pvt-ltd-27502?utm_campaign=google_jobs_apply&utm_source=google_jobs_apply&utm_medium=organic	Lead QC - Manual	Cozentus Technologies Pvt Ltd	Bhubaneswar, Odisha	2025-04-22		False		The ideal candidate must possess both manual and automation testing skills, adept at analyzing requirements, planning testing strategies, writing test cases, and liaising with teams and clients. They should have experience setting up automation frameworks, conducting various tests (security, performance), utilizing test management tools, understanding Java development, and working with DevOps tools. Additionally, they should be capable of defining processes, training teams, and working in Agile methodologies. Location: BhubaneswarExperience: 8- 12 years	jobspy						
go-TN3DmUxv0XliZ62HAAAAAA==	google	https://www.iitjobs.com/job/plsql-developer-bhubaneswar-odisha-india-bodhtree-consulting-ltd-84698?utm_campaign=google_jobs_apply&utm_source=google_jobs_apply&utm_medium=organic	PL/SQL Developer	Bodhtree Consulting Ltd	Bhubaneswar, Odisha	2025-04-22		False		1. Develop, debug, and optimize PL/SQL scripts for data transformation and integration2. Rewriting queries and PL/SQL code to improve efficiency, scalability, and response time3.Write and maintain scripts for data extraction, transformation, and loading (ETL) between various databases and systems.Perform data migration, ensuring data integrity during the process.4. Perform root cause analysis and troubleshoot database issues, including application performance, errors, and system downtime.5.Resolve database-related issues by performing recovery, patching, and upgrading.6. Work closely with other developers, DBAs (Database Administrators), business analysts, and project managers to deliver high-quality solutions.7. Participate in code reviews, peer programming, and provide mentoring to junior developers8.Deep understanding of Oracle Database (version 11g, 12c, or higher), its architecture, and features like tablespaces, indexes, constraints, etc.9.Experience working with Oracle database tools like SQL*Plus, SQL Developer, TOAD, and Oracle Enterprise Manager.	jobspy						
go-AiXhf-h4j9DxsPv_AAAAAA==	google	https://in.linkedin.com/jobs/view/business-manager-sales-at-livspace-4217778086?utm_campaign=google_jobs_apply&utm_source=google_jobs_apply&utm_medium=organic	Business Manager - Sales	Livspace	Bhubaneswar, Odisha	2025-04-20	contract	False		"About Us

Livspace is Asia’s largest and fastest-growing omnichannel home interiors and renovation platform. Using its proprietary technology, Livspace provides a one-stop renovation solution for homeowners—from design to managed last mile fulfillment for all rooms in a home. The platform has organized a fragmented industry, bringing together designers, brands, manufacturers, and contractors to enable an eCommerce-like trusted, and predictable experience.

The company launched operations in Bengaluru, India in 2015. Since its inception, Livspace has organized a fragmented industry, bringing together a curated community of designers, brands, manufacturers and contractors. This has resulted in an e-commerce-like trusted and predictable experience for the homeowners. Livspace boasts of a community of 50000+ satisfied customers and over 2000 interior designers.

The company is already the largest employer of interior designers in the country. Livspace currently serves Singapore, Malaysia, Saudi Arabia as well as 30 metro and non-metro areas in India including - Bengaluru, Chennai, Delhi, Noida, Gurgaon, Mumbai, Thane, Pune, Hyderabad, Kolkata, Ahmedabad, Kochi, Jaipur, Lucknow, Indore, Surat, Coimbatore, Mysore, Mangalore, Vizag, Vijayawada.

Livspace has showcased phenomenal growth since its launch, having delivered over 125,000 rooms and selling over 7.5 million SKUs through its platform. The company also delivered 50,000 homes across all our serviceable locations.

The founders - Anuj Srivastava and Ramakant Sharma are former Google and Myntra executives respectively, who are seasoned entrepreneurs and successful angel investors. Livspace’s leadership team combines world-class talent and entrepreneurial experience gathered at some of the best companies in the world.

Livspace has raised around USD 450 million in capital from some of the top global investors including KKR, Ingka Group Investments (part of largest IKEA retailer Ingka Group), TPG Growth, Goldman Sachs, Kharis Capital, Venturi Partners, FFP (Peugeot Group’s Holding Company), EDBI, Bessemer Venture Partners, Jungle Ventures, Helion Ventures and UC-RNT. For more information, please visit: ""https://www.livspace.com/""

Job Description

In the role of a Business Manager - Sales, you will be required to own the sales funnel & drive sales closure. You will need to achieve sales target on projects month on month through a team of 6 to 10 designers.
• Enure sales funnel management to achieve a higher conversion rate output.
• Target and achieve of 12 to 15 projects a month, by ensuring new projects bookings.
• Responsible for Customer Experience & Relationship Management.
• Training designers to esnure sales & enabling them to achieve their targets.

Job Requirement
• Bachelor's Qualification: B-Arch (preferred) | If any other, then with relevant industry exposure.
• 5+ years of relevant work-experience in B2C Business Development and Growth.
• Managerial experience of minimum 12 months leading a team."	jobspy						
go-kR9P4gVt4pMRd_axAAAAAA==	google	https://www.iitjobs.com/job/java-senior-software-developer-bhubaneswar-odisha-india-cozentus-technologies-pvt-ltd-27498?utm_campaign=google_jobs_apply&utm_source=google_jobs_apply&utm_medium=organic	Java Senior Software Developer	Cozentus Technologies Pvt Ltd	Bhubaneswar, Odisha	2025-04-20		False		The responsibilities entail designing software solutions to address security vulnerabilities, contributing to architectural aspects, maintaining technical documentation, advising on secure coding practices, and staying updated with new tools and practices. Proficiency in Java (J2EE), Oracle database, Spring Framework, HTML, CSS, JavaScript, Angular, and Bootstrap is essential.Location: BhubaneswarExperience: 4-7 years	jobspy						
go-jPKlNlfBhzSfDHtTAAAAAA==	google	https://www.iitjobs.com/job/senior-qc-engineer-automation-bhubaneswar-odisha-india-cozentus-technologies-pvt-ltd-27505?utm_campaign=google_jobs_apply&utm_source=google_jobs_apply&utm_medium=organic	Senior QC Engineer (Automation)	Cozentus Technologies Pvt Ltd	Bhubaneswar, Odisha	2025-04-17		False		Must have manual and automation testing experience, able to analyse requirements, plan for testing needs of project, write system test cases, interact with teams and clients, plan and execute testing of project. Test management tool usage and integration with automation toolsUnderstanding of development process for Java and related technologies is needed . Location: BhubaneswarExperience: 4-7 years	jobspy						
li-4220532751	linkedin	https://www.linkedin.com/jobs/view/4220532751	DM Fashion	Reliance Retail	Baleshwar, Odisha, India		fulltime	False		"**Skills:**
 Digital Marketing Strategy, Social Media Advertising, Content Creation, SEO Optimization, Email Marketing, Influencer Partnerships, Data Analytics, E\-commerce Platforms,
   

  

**Company Overview**
 Reliance Retail is India's largest and fastest\-growing retailer, known for its diverse omni\-channel presence through integrated store concepts and digital commerce platforms. Since its inception in 2006, the company has committed to revolutionizing Indian retail, offering superior quality products and unmatched shopping experiences. With a loyal customer base of over 193 million and a vast network of more than 15,000 stores, Reliance Retail continues to enhance customer value and strengthen its market presence.
   

  

**Job Overview**
 Reliance Retail is seeking a mid\-level professional for the position of DM Fashion. This full\-time role is based in Balasore, Bhadrak, Bhubaneswar, Koraput, and Jeypore. The ideal candidate will possess a strong understanding of digital marketing strategies and be capable of driving our fashion segment through innovative marketing techniques. Join our team to leverage your skills in a collaborative environment, aiming to create impactful strategies that resonate with our customers.
   

  

**Qualifications And Skills**
- Proven expertise in crafting and implementing digital marketing strategies that enhance brand visibility and drive sales.

- Proficiency in social media advertising to engage and expand our customer base across various platforms effectively.

- Strong skills in content creation, ensuring engaging and relevant content that aligns with brand communication.

- Comprehensive knowledge of SEO optimization techniques to improve search engine rankings and website traffic.

- Experience in executing successful email marketing campaigns that nurture leads and maintain customer engagement.

- Ability to establish influencer partnerships to enhance brand credibility and reach wider audiences.

- Competency in data analytics to interpret

- Company Overview

 Reliance Retail is the largest and fastest\-growing retailer in India,, providing offering a diverse omni\-channel presence. Founded in 2006 insights for, the company revolutionizes Indian informed decision retail, serving over 193 million loyal customers with superior quality\-making. growing, Reliance Retail is 7,000 cities, supportedFamiliarity with e\-commerce by a strong team platforms, enhancing user experience and and a robust digital driving online and supply chain infrastructure sales effectively.
   

  

 headquartered in Mumbai and
   

  

 \< maintains astrong\>Roles and Responsibilities\< strong portfoliobr/\>
   

  

 of both own and
   

  

* partner brands.
* Job Overview
* The promote our fashion products and increase DM Fashion market penetration.
* Manage and optimize a full\-time, social media mid\-level position focused on executing accounts to boost engagement digital marketing strategies for and foster a loyal our Fashion division in Balasore, Bhadr customer communityak, Bhub.
* aneswar Create compelling. The successful candidate will leverage digital marketing content that tools to enhance brand presence and resonates with drive sales growth, our target audience and utilizing their supports marketing expertise and creativity to initiatives.
* Implement SEO engage and attract a strategies to wider audience. Applicants should possess strong digital marketing prof enhance ouriciencies, with a online presence background in and make managing integrated campaigns across our fashion products more discoverable.
* various platforms
* Coordinate.
* Qualifications to enhance and Skills brand awareness
* \>Pro
* ficiency in designing andIdentify and collaborate with influencers to implementing digital marketing strategies amplify brand awareness and drive sales to penetrate.
* Analyze marketing data effectively.
* for performanceExperience in managing social metrics, media advertising campaigns, including content providing insights for campaign optimization.
* Ensure all budget management digital marketing efforts align for optimal with overall business objectives and brand standards.
* reach.
* Expertise in content creation, ensuring engaging, relevant, and high\-quality content across all digital platforms.
* Solid understanding and application of SEO optimization techniques to improve search engine rankings and visibility.
* Proficient in executing email marketing campaigns, using data\-driven strategies to enhance engagement and conversion rates.
* Experience in developing and managing influencer partnerships to amplify brand messages and reach new audiences.
* Strong analytical skills with a capability to interpret data analytics to guide marketing strategies and decision\-making.
* Familiarity with e\-commerce platforms and tools to effectively drive online sales and customer acquisition strategies.


**Roles And Responsibilities**
* Develop and implement comprehensive digital marketing strategies for the Fashion division, enhancing online brand visibility.
* Manage social media presence and advertising campaigns across multiple platforms to increase follower engagement and brand reach.
* Create engaging and relevant content to be shared across digital channels, ensuring alignment with overall brand voice and goals.
* Conduct regular SEO audits and implement optimization strategies for enhancing website search engine performance.
* Plan and conduct email marketing campaigns to nurture leads, foster customer loyalty, and drive sales.
* Establish and maintain partnerships with relevant influencers to enhance brand advocacy and message amplification.
* Analyze digital marketing metrics and analytics to assess campaign effectiveness and ROI, adjusting strategies as needed.
* Collaborate with cross\-functional teams to align digital marketing efforts with company objectives and growth targets."	jobspy	https://www.expertia.ai/ril-reliance-retail/job/hiring-dm-fashion-67ee4cf8d1b2125bbf72766b?utm_source=linkedin-feed&easy_apply=true&date-refresh=05/01/2025&urlHash=-0BD	associate	Design, Art/Creative, and Information Technology	Retail	https://in.linkedin.com/company/reliance-retail	https://media.licdn.com/dms/image/v2/C4E0BAQHM_iN30Rgv3w/company-logo_100_100/company-logo_100_100/0/1631307312115?e=2147483647&v=beta&t=0aVIacsATufIRcJR18WUij7uuBU9_zV-BYTJclL5lak
li-4220533736	linkedin	https://www.linkedin.com/jobs/view/4220533736	DM Fashion	Reliance Retail	Bhubaneswar, Odisha, India		fulltime	False		"**Skills:**
 Digital Marketing Strategy, Social Media Advertising, Content Creation, SEO Optimization, Email Marketing, Influencer Partnerships, Data Analytics, E\-commerce Platforms,
   

  

**Company Overview**
 Reliance Retail is India's largest and fastest\-growing retailer, known for its diverse omni\-channel presence through integrated store concepts and digital commerce platforms. Since its inception in 2006, the company has committed to revolutionizing Indian retail, offering superior quality products and unmatched shopping experiences. With a loyal customer base of over 193 million and a vast network of more than 15,000 stores, Reliance Retail continues to enhance customer value and strengthen its market presence.
   

  

**Job Overview**
 Reliance Retail is seeking a mid\-level professional for the position of DM Fashion. This full\-time role is based in Balasore, Bhadrak, Bhubaneswar, Koraput, and Jeypore. The ideal candidate will possess a strong understanding of digital marketing strategies and be capable of driving our fashion segment through innovative marketing techniques. Join our team to leverage your skills in a collaborative environment, aiming to create impactful strategies that resonate with our customers.
   

  

**Qualifications And Skills**
- Proven expertise in crafting and implementing digital marketing strategies that enhance brand visibility and drive sales.

- Proficiency in social media advertising to engage and expand our customer base across various platforms effectively.

- Strong skills in content creation, ensuring engaging and relevant content that aligns with brand communication.

- Comprehensive knowledge of SEO optimization techniques to improve search engine rankings and website traffic.

- Experience in executing successful email marketing campaigns that nurture leads and maintain customer engagement.

- Ability to establish influencer partnerships to enhance brand credibility and reach wider audiences.

- Competency in data analytics to interpret

- Company Overview

 Reliance Retail is the largest and fastest\-growing retailer in India,, providing offering a diverse omni\-channel presence. Founded in 2006 insights for, the company revolutionizes Indian informed decision retail, serving over 193 million loyal customers with superior quality\-making. growing, Reliance Retail is 7,000 cities, supportedFamiliarity with e\-commerce by a strong team platforms, enhancing user experience and and a robust digital driving online and supply chain infrastructure sales effectively.
   

  

 headquartered in Mumbai and
   

  

 \< maintains astrong\>Roles and Responsibilities\< strong portfoliobr/\>
   

  

 of both own and
   

  

* partner brands.
* Job Overview
* The promote our fashion products and increase DM Fashion market penetration.
* Manage and optimize a full\-time, social media mid\-level position focused on executing accounts to boost engagement digital marketing strategies for and foster a loyal our Fashion division in Balasore, Bhadr customer communityak, Bhub.
* aneswar Create compelling. The successful candidate will leverage digital marketing content that tools to enhance brand presence and resonates with drive sales growth, our target audience and utilizing their supports marketing expertise and creativity to initiatives.
* Implement SEO engage and attract a strategies to wider audience. Applicants should possess strong digital marketing prof enhance ouriciencies, with a online presence background in and make managing integrated campaigns across our fashion products more discoverable.
* various platforms
* Coordinate.
* Qualifications to enhance and Skills brand awareness
* \>Pro
* ficiency in designing andIdentify and collaborate with influencers to implementing digital marketing strategies amplify brand awareness and drive sales to penetrate.
* Analyze marketing data effectively.
* for performanceExperience in managing social metrics, media advertising campaigns, including content providing insights for campaign optimization.
* Ensure all budget management digital marketing efforts align for optimal with overall business objectives and brand standards.
* reach.
* Expertise in content creation, ensuring engaging, relevant, and high\-quality content across all digital platforms.
* Solid understanding and application of SEO optimization techniques to improve search engine rankings and visibility.
* Proficient in executing email marketing campaigns, using data\-driven strategies to enhance engagement and conversion rates.
* Experience in developing and managing influencer partnerships to amplify brand messages and reach new audiences.
* Strong analytical skills with a capability to interpret data analytics to guide marketing strategies and decision\-making.
* Familiarity with e\-commerce platforms and tools to effectively drive online sales and customer acquisition strategies.


**Roles And Responsibilities**
* Develop and implement comprehensive digital marketing strategies for the Fashion division, enhancing online brand visibility.
* Manage social media presence and advertising campaigns across multiple platforms to increase follower engagement and brand reach.
* Create engaging and relevant content to be shared across digital channels, ensuring alignment with overall brand voice and goals.
* Conduct regular SEO audits and implement optimization strategies for enhancing website search engine performance.
* Plan and conduct email marketing campaigns to nurture leads, foster customer loyalty, and drive sales.
* Establish and maintain partnerships with relevant influencers to enhance brand advocacy and message amplification.
* Analyze digital marketing metrics and analytics to assess campaign effectiveness and ROI, adjusting strategies as needed.
* Collaborate with cross\-functional teams to align digital marketing efforts with company objectives and growth targets."	jobspy	https://www.expertia.ai/ril-reliance-retail/job/hiring-dm-fashion-67ee4cf8d1b2125bbf72766b?utm_source=linkedin-feed&easy_apply=true&date-refresh=05/01/2025&urlHash=-0BD	associate	Design, Art/Creative, and Information Technology	Retail	https://in.linkedin.com/company/reliance-retail	https://media.licdn.com/dms/image/v2/C4E0BAQHM_iN30Rgv3w/company-logo_100_100/company-logo_100_100/0/1631307312115?e=2147483647&v=beta&t=0aVIacsATufIRcJR18WUij7uuBU9_zV-BYTJclL5lak
li-4220535417	linkedin	https://www.linkedin.com/jobs/view/4220535417	DM Fashion	Reliance Retail	Bhadrak, Odisha, India		fulltime	False		"**Skills:**
 Digital Marketing Strategy, Social Media Advertising, Content Creation, SEO Optimization, Email Marketing, Influencer Partnerships, Data Analytics, E\-commerce Platforms,
   

  

**Company Overview**
 Reliance Retail is India's largest and fastest\-growing retailer, known for its diverse omni\-channel presence through integrated store concepts and digital commerce platforms. Since its inception in 2006, the company has committed to revolutionizing Indian retail, offering superior quality products and unmatched shopping experiences. With a loyal customer base of over 193 million and a vast network of more than 15,000 stores, Reliance Retail continues to enhance customer value and strengthen its market presence.
   

  

**Job Overview**
 Reliance Retail is seeking a mid\-level professional for the position of DM Fashion. This full\-time role is based in Balasore, Bhadrak, Bhubaneswar, Koraput, and Jeypore. The ideal candidate will possess a strong understanding of digital marketing strategies and be capable of driving our fashion segment through innovative marketing techniques. Join our team to leverage your skills in a collaborative environment, aiming to create impactful strategies that resonate with our customers.
   

  

**Qualifications And Skills**
- Proven expertise in crafting and implementing digital marketing strategies that enhance brand visibility and drive sales.

- Proficiency in social media advertising to engage and expand our customer base across various platforms effectively.

- Strong skills in content creation, ensuring engaging and relevant content that aligns with brand communication.

- Comprehensive knowledge of SEO optimization techniques to improve search engine rankings and website traffic.

- Experience in executing successful email marketing campaigns that nurture leads and maintain customer engagement.

- Ability to establish influencer partnerships to enhance brand credibility and reach wider audiences.

- Competency in data analytics to interpret

- Company Overview

 Reliance Retail is the largest and fastest\-growing retailer in India,, providing offering a diverse omni\-channel presence. Founded in 2006 insights for, the company revolutionizes Indian informed decision retail, serving over 193 million loyal customers with superior quality\-making. growing, Reliance Retail is 7,000 cities, supportedFamiliarity with e\-commerce by a strong team platforms, enhancing user experience and and a robust digital driving online and supply chain infrastructure sales effectively.
   

  

 headquartered in Mumbai and
   

  

 \< maintains astrong\>Roles and Responsibilities\< strong portfoliobr/\>
   

  

 of both own and
   

  

* partner brands.
* Job Overview
* The promote our fashion products and increase DM Fashion market penetration.
* Manage and optimize a full\-time, social media mid\-level position focused on executing accounts to boost engagement digital marketing strategies for and foster a loyal our Fashion division in Balasore, Bhadr customer communityak, Bhub.
* aneswar Create compelling. The successful candidate will leverage digital marketing content that tools to enhance brand presence and resonates with drive sales growth, our target audience and utilizing their supports marketing expertise and creativity to initiatives.
* Implement SEO engage and attract a strategies to wider audience. Applicants should possess strong digital marketing prof enhance ouriciencies, with a online presence background in and make managing integrated campaigns across our fashion products more discoverable.
* various platforms
* Coordinate.
* Qualifications to enhance and Skills brand awareness
* \>Pro
* ficiency in designing andIdentify and collaborate with influencers to implementing digital marketing strategies amplify brand awareness and drive sales to penetrate.
* Analyze marketing data effectively.
* for performanceExperience in managing social metrics, media advertising campaigns, including content providing insights for campaign optimization.
* Ensure all budget management digital marketing efforts align for optimal with overall business objectives and brand standards.
* reach.
* Expertise in content creation, ensuring engaging, relevant, and high\-quality content across all digital platforms.
* Solid understanding and application of SEO optimization techniques to improve search engine rankings and visibility.
* Proficient in executing email marketing campaigns, using data\-driven strategies to enhance engagement and conversion rates.
* Experience in developing and managing influencer partnerships to amplify brand messages and reach new audiences.
* Strong analytical skills with a capability to interpret data analytics to guide marketing strategies and decision\-making.
* Familiarity with e\-commerce platforms and tools to effectively drive online sales and customer acquisition strategies.


**Roles And Responsibilities**
* Develop and implement comprehensive digital marketing strategies for the Fashion division, enhancing online brand visibility.
* Manage social media presence and advertising campaigns across multiple platforms to increase follower engagement and brand reach.
* Create engaging and relevant content to be shared across digital channels, ensuring alignment with overall brand voice and goals.
* Conduct regular SEO audits and implement optimization strategies for enhancing website search engine performance.
* Plan and conduct email marketing campaigns to nurture leads, foster customer loyalty, and drive sales.
* Establish and maintain partnerships with relevant influencers to enhance brand advocacy and message amplification.
* Analyze digital marketing metrics and analytics to assess campaign effectiveness and ROI, adjusting strategies as needed.
* Collaborate with cross\-functional teams to align digital marketing efforts with company objectives and growth targets."	jobspy	https://www.expertia.ai/ril-reliance-retail/job/hiring-dm-fashion-67ee4cf8d1b2125bbf72766b?utm_source=linkedin-feed&easy_apply=true&date-refresh=05/01/2025&urlHash=-0BD	associate	Design, Art/Creative, and Information Technology	Retail	https://in.linkedin.com/company/reliance-retail	https://media.licdn.com/dms/image/v2/C4E0BAQHM_iN30Rgv3w/company-logo_100_100/company-logo_100_100/0/1631307312115?e=2147483647&v=beta&t=0aVIacsATufIRcJR18WUij7uuBU9_zV-BYTJclL5lak
li-4220537091	linkedin	https://www.linkedin.com/jobs/view/4220537091	DM Fashion	Reliance Retail	Jeypore, Odisha, India		fulltime	False		"**Skills:**
 Digital Marketing Strategy, Social Media Advertising, Content Creation, SEO Optimization, Email Marketing, Influencer Partnerships, Data Analytics, E\-commerce Platforms,
   

  

**Company Overview**
 Reliance Retail is India's largest and fastest\-growing retailer, known for its diverse omni\-channel presence through integrated store concepts and digital commerce platforms. Since its inception in 2006, the company has committed to revolutionizing Indian retail, offering superior quality products and unmatched shopping experiences. With a loyal customer base of over 193 million and a vast network of more than 15,000 stores, Reliance Retail continues to enhance customer value and strengthen its market presence.
   

  

**Job Overview**
 Reliance Retail is seeking a mid\-level professional for the position of DM Fashion. This full\-time role is based in Balasore, Bhadrak, Bhubaneswar, Koraput, and Jeypore. The ideal candidate will possess a strong understanding of digital marketing strategies and be capable of driving our fashion segment through innovative marketing techniques. Join our team to leverage your skills in a collaborative environment, aiming to create impactful strategies that resonate with our customers.
   

  

**Qualifications And Skills**
- Proven expertise in crafting and implementing digital marketing strategies that enhance brand visibility and drive sales.

- Proficiency in social media advertising to engage and expand our customer base across various platforms effectively.

- Strong skills in content creation, ensuring engaging and relevant content that aligns with brand communication.

- Comprehensive knowledge of SEO optimization techniques to improve search engine rankings and website traffic.

- Experience in executing successful email marketing campaigns that nurture leads and maintain customer engagement.

- Ability to establish influencer partnerships to enhance brand credibility and reach wider audiences.

- Competency in data analytics to interpret

- Company Overview

 Reliance Retail is the largest and fastest\-growing retailer in India,, providing offering a diverse omni\-channel presence. Founded in 2006 insights for, the company revolutionizes Indian informed decision retail, serving over 193 million loyal customers with superior quality\-making. growing, Reliance Retail is 7,000 cities, supportedFamiliarity with e\-commerce by a strong team platforms, enhancing user experience and and a robust digital driving online and supply chain infrastructure sales effectively.
   

  

 headquartered in Mumbai and
   

  

 \< maintains astrong\>Roles and Responsibilities\< strong portfoliobr/\>
   

  

 of both own and
   

  

* partner brands.
* Job Overview
* The promote our fashion products and increase DM Fashion market penetration.
* Manage and optimize a full\-time, social media mid\-level position focused on executing accounts to boost engagement digital marketing strategies for and foster a loyal our Fashion division in Balasore, Bhadr customer communityak, Bhub.
* aneswar Create compelling. The successful candidate will leverage digital marketing content that tools to enhance brand presence and resonates with drive sales growth, our target audience and utilizing their supports marketing expertise and creativity to initiatives.
* Implement SEO engage and attract a strategies to wider audience. Applicants should possess strong digital marketing prof enhance ouriciencies, with a online presence background in and make managing integrated campaigns across our fashion products more discoverable.
* various platforms
* Coordinate.
* Qualifications to enhance and Skills brand awareness
* \>Pro
* ficiency in designing andIdentify and collaborate with influencers to implementing digital marketing strategies amplify brand awareness and drive sales to penetrate.
* Analyze marketing data effectively.
* for performanceExperience in managing social metrics, media advertising campaigns, including content providing insights for campaign optimization.
* Ensure all budget management digital marketing efforts align for optimal with overall business objectives and brand standards.
* reach.
* Expertise in content creation, ensuring engaging, relevant, and high\-quality content across all digital platforms.
* Solid understanding and application of SEO optimization techniques to improve search engine rankings and visibility.
* Proficient in executing email marketing campaigns, using data\-driven strategies to enhance engagement and conversion rates.
* Experience in developing and managing influencer partnerships to amplify brand messages and reach new audiences.
* Strong analytical skills with a capability to interpret data analytics to guide marketing strategies and decision\-making.
* Familiarity with e\-commerce platforms and tools to effectively drive online sales and customer acquisition strategies.


**Roles And Responsibilities**
* Develop and implement comprehensive digital marketing strategies for the Fashion division, enhancing online brand visibility.
* Manage social media presence and advertising campaigns across multiple platforms to increase follower engagement and brand reach.
* Create engaging and relevant content to be shared across digital channels, ensuring alignment with overall brand voice and goals.
* Conduct regular SEO audits and implement optimization strategies for enhancing website search engine performance.
* Plan and conduct email marketing campaigns to nurture leads, foster customer loyalty, and drive sales.
* Establish and maintain partnerships with relevant influencers to enhance brand advocacy and message amplification.
* Analyze digital marketing metrics and analytics to assess campaign effectiveness and ROI, adjusting strategies as needed.
* Collaborate with cross\-functional teams to align digital marketing efforts with company objectives and growth targets."	jobspy	https://www.expertia.ai/ril-reliance-retail/job/hiring-dm-fashion-67ee4cf8d1b2125bbf72766b?utm_source=linkedin-feed&easy_apply=true&date-refresh=05/01/2025&urlHash=-0BD	associate	Design, Art/Creative, and Information Technology	Retail	https://in.linkedin.com/company/reliance-retail	https://media.licdn.com/dms/image/v2/C4E0BAQHM_iN30Rgv3w/company-logo_100_100/company-logo_100_100/0/1631307312115?e=2147483647&v=beta&t=0aVIacsATufIRcJR18WUij7uuBU9_zV-BYTJclL5lak
li-4220534603	linkedin	https://www.linkedin.com/jobs/view/4220534603	DM Fashion	Reliance Retail	Koraput, Odisha, India		fulltime	False		"**Skills:**
 Digital Marketing Strategy, Social Media Advertising, Content Creation, SEO Optimization, Email Marketing, Influencer Partnerships, Data Analytics, E\-commerce Platforms,
   

  

**Company Overview**
 Reliance Retail is India's largest and fastest\-growing retailer, known for its diverse omni\-channel presence through integrated store concepts and digital commerce platforms. Since its inception in 2006, the company has committed to revolutionizing Indian retail, offering superior quality products and unmatched shopping experiences. With a loyal customer base of over 193 million and a vast network of more than 15,000 stores, Reliance Retail continues to enhance customer value and strengthen its market presence.
   

  

**Job Overview**
 Reliance Retail is seeking a mid\-level professional for the position of DM Fashion. This full\-time role is based in Balasore, Bhadrak, Bhubaneswar, Koraput, and Jeypore. The ideal candidate will possess a strong understanding of digital marketing strategies and be capable of driving our fashion segment through innovative marketing techniques. Join our team to leverage your skills in a collaborative environment, aiming to create impactful strategies that resonate with our customers.
   

  

**Qualifications And Skills**
- Proven expertise in crafting and implementing digital marketing strategies that enhance brand visibility and drive sales.

- Proficiency in social media advertising to engage and expand our customer base across various platforms effectively.

- Strong skills in content creation, ensuring engaging and relevant content that aligns with brand communication.

- Comprehensive knowledge of SEO optimization techniques to improve search engine rankings and website traffic.

- Experience in executing successful email marketing campaigns that nurture leads and maintain customer engagement.

- Ability to establish influencer partnerships to enhance brand credibility and reach wider audiences.

- Competency in data analytics to interpret

- Company Overview

 Reliance Retail is the largest and fastest\-growing retailer in India,, providing offering a diverse omni\-channel presence. Founded in 2006 insights for, the company revolutionizes Indian informed decision retail, serving over 193 million loyal customers with superior quality\-making. growing, Reliance Retail is 7,000 cities, supportedFamiliarity with e\-commerce by a strong team platforms, enhancing user experience and and a robust digital driving online and supply chain infrastructure sales effectively.
   

  

 headquartered in Mumbai and
   

  

 \< maintains astrong\>Roles and Responsibilities\< strong portfoliobr/\>
   

  

 of both own and
   

  

* partner brands.
* Job Overview
* The promote our fashion products and increase DM Fashion market penetration.
* Manage and optimize a full\-time, social media mid\-level position focused on executing accounts to boost engagement digital marketing strategies for and foster a loyal our Fashion division in Balasore, Bhadr customer communityak, Bhub.
* aneswar Create compelling. The successful candidate will leverage digital marketing content that tools to enhance brand presence and resonates with drive sales growth, our target audience and utilizing their supports marketing expertise and creativity to initiatives.
* Implement SEO engage and attract a strategies to wider audience. Applicants should possess strong digital marketing prof enhance ouriciencies, with a online presence background in and make managing integrated campaigns across our fashion products more discoverable.
* various platforms
* Coordinate.
* Qualifications to enhance and Skills brand awareness
* \>Pro
* ficiency in designing andIdentify and collaborate with influencers to implementing digital marketing strategies amplify brand awareness and drive sales to penetrate.
* Analyze marketing data effectively.
* for performanceExperience in managing social metrics, media advertising campaigns, including content providing insights for campaign optimization.
* Ensure all budget management digital marketing efforts align for optimal with overall business objectives and brand standards.
* reach.
* Expertise in content creation, ensuring engaging, relevant, and high\-quality content across all digital platforms.
* Solid understanding and application of SEO optimization techniques to improve search engine rankings and visibility.
* Proficient in executing email marketing campaigns, using data\-driven strategies to enhance engagement and conversion rates.
* Experience in developing and managing influencer partnerships to amplify brand messages and reach new audiences.
* Strong analytical skills with a capability to interpret data analytics to guide marketing strategies and decision\-making.
* Familiarity with e\-commerce platforms and tools to effectively drive online sales and customer acquisition strategies.


**Roles And Responsibilities**
* Develop and implement comprehensive digital marketing strategies for the Fashion division, enhancing online brand visibility.
* Manage social media presence and advertising campaigns across multiple platforms to increase follower engagement and brand reach.
* Create engaging and relevant content to be shared across digital channels, ensuring alignment with overall brand voice and goals.
* Conduct regular SEO audits and implement optimization strategies for enhancing website search engine performance.
* Plan and conduct email marketing campaigns to nurture leads, foster customer loyalty, and drive sales.
* Establish and maintain partnerships with relevant influencers to enhance brand advocacy and message amplification.
* Analyze digital marketing metrics and analytics to assess campaign effectiveness and ROI, adjusting strategies as needed.
* Collaborate with cross\-functional teams to align digital marketing efforts with company objectives and growth targets."	jobspy	https://www.expertia.ai/ril-reliance-retail/job/hiring-dm-fashion-67ee4cf8d1b2125bbf72766b?utm_source=linkedin-feed&easy_apply=true&date-refresh=05/01/2025&urlHash=-0BD	associate	Design, Art/Creative, and Information Technology	Retail	https://in.linkedin.com/company/reliance-retail	https://media.licdn.com/dms/image/v2/C4E0BAQHM_iN30Rgv3w/company-logo_100_100/company-logo_100_100/0/1631307312115?e=2147483647&v=beta&t=0aVIacsATufIRcJR18WUij7uuBU9_zV-BYTJclL5lak
li-4217778088	linkedin	https://www.linkedin.com/jobs/view/4217778088	Business Manager - Design	Livspace	Bhubaneswar, Odisha, India		fulltime	False		"**About Us**
 Livspace is Asia’s largest and fastest\-growing omnichannel home interiors and renovation platform. Using its proprietary technology, Livspace provides a one\-stop renovation solution for homeowners—from design to managed last mile fulfillment for all rooms in a home. The platform has organized a fragmented industry, bringing together designers, brands, manufacturers, and contractors to enable an eCommerce\-like trusted, and predictable experience.
   

  

 The company launched operations in Bengaluru, India in 2015\. Since its inception, Livspace has organized a fragmented industry, bringing together a curated community of designers, brands, manufacturers and contractors. This has resulted in an e\-commerce\-like trusted and predictable experience for the homeowners. Livspace boasts of a community of 50000\+ satisfied customers and over 2000 interior designers.
   

  

 The company is already the largest employer of interior designers in the country. Livspace currently serves Singapore, Malaysia, Saudi Arabia as well as 30 metro and non\-metro areas in India including \- Bengaluru, Chennai, Delhi, Noida, Gurgaon, Mumbai, Thane, Pune, Hyderabad, Kolkata, Ahmedabad, Kochi, Jaipur, Lucknow, Indore, Surat, Coimbatore, Mysore, Mangalore, Vizag, Vijayawada.
   

  

 Livspace has showcased phenomenal growth since its launch, having delivered over 125,000 rooms and selling over 7\.5 million SKUs through its platform. The company also delivered 50,000 homes across all our serviceable locations.
   

  

 The founders \- Anuj Srivastava and Ramakant Sharma are former Google and Myntra executives respectively, who are seasoned entrepreneurs and successful angel investors. Livspace’s leadership team combines world\-class talent and entrepreneurial experience gathered at some of the best companies in the world.
   

  

 Livspace has raised around USD 450 million in capital from some of the top global investors including KKR, Ingka Group Investments (part of largest IKEA retailer Ingka Group), TPG Growth, Goldman Sachs, Kharis Capital, Venturi Partners, FFP (Peugeot Group’s Holding Company), EDBI, Bessemer Venture Partners, Jungle Ventures, Helion Ventures and UC\-RNT. For more information, please visit: ""https://www.livspace.com/""
   

  

**Job Description**
 As a Business Manager \- Design, you are responsible for managing the designing for projects month\-on\-month, through a team of designers. You will ensure their productivity \& work output by imparting required trainings and leading discussions on designs.
   

  

* Manage designing of 12 to 15 projects month\-on\-month.
* Ensuring work output of a Team of 6 to 10 Designers.
* Drive Customer experience \& Relationship Management.
* Ensure output on design Net Promoter Survey (Customer rating).
* Training designers on technical details and managing/ leading design discussions.


 Job Requirement
   

  

* B.Arch, B.Interior Design \| Masters/Specialization: Construction Planning Management, MBA, Design Management.
* 3\+ years of relevant experience as an Interior Designer/ Project Manager.
* Led and delivered minimum 10 Residential/Interior projects (end to end Project Management)"	jobspy	https://livspace.sensehq.com/careers/jobs/59461&urlHash=LVIR	mid-senior level	Design, Art/Creative, and Information Technology	Interior Design	https://in.linkedin.com/company/livspace	https://media.licdn.com/dms/image/v2/C4D0BAQH3FQB6L_BhjA/company-logo_100_100/company-logo_100_100/0/1679385176826/livspace_logo?e=2147483647&v=beta&t=H8mX-6cDVPCrJ06A0iKQjj33zBGSF2WhrqgY8VH7Oco
li-4217780050	linkedin	https://www.linkedin.com/jobs/view/4217780050	Business Manager - Design	Livspace	Bhubaneswar, Odisha, India		fulltime	False		"**About Us**
 Livspace is Asia’s largest and fastest\-growing omnichannel home interiors and renovation platform. Using its proprietary technology, Livspace provides a one\-stop renovation solution for homeowners—from design to managed last mile fulfillment for all rooms in a home. The platform has organized a fragmented industry, bringing together designers, brands, manufacturers, and contractors to enable an eCommerce\-like trusted, and predictable experience.
   

  

 The company launched operations in Bengaluru, India in 2015\. Since its inception, Livspace has organized a fragmented industry, bringing together a curated community of designers, brands, manufacturers and contractors. This has resulted in an e\-commerce\-like trusted and predictable experience for the homeowners. Livspace boasts of a community of 50000\+ satisfied customers and over 2000 interior designers.
   

  

 The company is already the largest employer of interior designers in the country. Livspace currently serves Singapore, Malaysia, Saudi Arabia as well as 30 metro and non\-metro areas in India including \- Bengaluru, Chennai, Delhi, Noida, Gurgaon, Mumbai, Thane, Pune, Hyderabad, Kolkata, Ahmedabad, Kochi, Jaipur, Lucknow, Indore, Surat, Coimbatore, Mysore, Mangalore, Vizag, Vijayawada.
   

  

 Livspace has showcased phenomenal growth since its launch, having delivered over 125,000 rooms and selling over 7\.5 million SKUs through its platform. The company also delivered 50,000 homes across all our serviceable locations.
   

  

 The founders \- Anuj Srivastava and Ramakant Sharma are former Google and Myntra executives respectively, who are seasoned entrepreneurs and successful angel investors. Livspace’s leadership team combines world\-class talent and entrepreneurial experience gathered at some of the best companies in the world.
   

  

 Livspace has raised around USD 450 million in capital from some of the top global investors including KKR, Ingka Group Investments (part of largest IKEA retailer Ingka Group), TPG Growth, Goldman Sachs, Kharis Capital, Venturi Partners, FFP (Peugeot Group’s Holding Company), EDBI, Bessemer Venture Partners, Jungle Ventures, Helion Ventures and UC\-RNT. For more information, please visit: ""https://www.livspace.com/""
   

  

**Job Description**
 A Business Manager \- Design will be responsible for managing the designing for 12 to 15 projects month\-on\-month through a team of 6 to 10 designers. The output of which would be achieved through managing their design productivity, imparting required trainings and design discussions.
   

  

* Managing Designing Projects.
* Managing and ensuring the productivity and work output of a Team of Designers.
* Customer Experience \& Relationship Management.
* Ensuring output on design Net Promoter Survey (Customner rating).
* Training designers on technical details (wherever required).
* Managing/ leading design discussions.


 Job Requirement
   

  

* Bachelors Qualification preferably B.Arch, B.Interior Design.
* Masters/ Specialization: Construction Planning Management,MBA, Design Management.
* 3\+ years' experience as an Interior Designer/ Project Manager.
* Led and delivered a minimum of 10 Residential/Interior projects (end to end project management)."	jobspy	https://livspace.sensehq.com/careers/jobs/60618&urlHash=yfd2	mid-senior level	Design, Art/Creative, and Information Technology	Interior Design	https://in.linkedin.com/company/livspace	https://media.licdn.com/dms/image/v2/C4D0BAQH3FQB6L_BhjA/company-logo_100_100/company-logo_100_100/0/1679385176826/livspace_logo?e=2147483647&v=beta&t=H8mX-6cDVPCrJ06A0iKQjj33zBGSF2WhrqgY8VH7Oco
li-4217778086	linkedin	https://www.linkedin.com/jobs/view/4217778086	Business Manager - Sales	Livspace	Bhubaneswar, Odisha, India		fulltime	False		"**About Us**
 Livspace is Asia’s largest and fastest\-growing omnichannel home interiors and renovation platform. Using its proprietary technology, Livspace provides a one\-stop renovation solution for homeowners—from design to managed last mile fulfillment for all rooms in a home. The platform has organized a fragmented industry, bringing together designers, brands, manufacturers, and contractors to enable an eCommerce\-like trusted, and predictable experience.
   

  

 The company launched operations in Bengaluru, India in 2015\. Since its inception, Livspace has organized a fragmented industry, bringing together a curated community of designers, brands, manufacturers and contractors. This has resulted in an e\-commerce\-like trusted and predictable experience for the homeowners. Livspace boasts of a community of 50000\+ satisfied customers and over 2000 interior designers.
   

  

 The company is already the largest employer of interior designers in the country. Livspace currently serves Singapore, Malaysia, Saudi Arabia as well as 30 metro and non\-metro areas in India including \- Bengaluru, Chennai, Delhi, Noida, Gurgaon, Mumbai, Thane, Pune, Hyderabad, Kolkata, Ahmedabad, Kochi, Jaipur, Lucknow, Indore, Surat, Coimbatore, Mysore, Mangalore, Vizag, Vijayawada.
   

  

 Livspace has showcased phenomenal growth since its launch, having delivered over 125,000 rooms and selling over 7\.5 million SKUs through its platform. The company also delivered 50,000 homes across all our serviceable locations.
   

  

 The founders \- Anuj Srivastava and Ramakant Sharma are former Google and Myntra executives respectively, who are seasoned entrepreneurs and successful angel investors. Livspace’s leadership team combines world\-class talent and entrepreneurial experience gathered at some of the best companies in the world.
   

  

 Livspace has raised around USD 450 million in capital from some of the top global investors including KKR, Ingka Group Investments (part of largest IKEA retailer Ingka Group), TPG Growth, Goldman Sachs, Kharis Capital, Venturi Partners, FFP (Peugeot Group’s Holding Company), EDBI, Bessemer Venture Partners, Jungle Ventures, Helion Ventures and UC\-RNT. For more information, please visit: ""https://www.livspace.com/""
   

  

**Job Description**
 In the role of a Business Manager \- Sales, you will be required to own the sales funnel \& drive sales closure. You will need to achieve sales target on projects month on month through a team of 6 to 10 designers.
   

  

* Enure sales funnel management to achieve a higher conversion rate output.
* Target and achieve of 12 to 15 projects a month, by ensuring new projects bookings.
* Responsible for Customer Experience \& Relationship Management.
* Training designers to esnure sales \& enabling them to achieve their targets.


 Job Requirement
   

  

* Bachelor's Qualification: B\-Arch (preferred) \| If any other, then with relevant industry exposure.
* 5\+ years of relevant work\-experience in B2C Business Development and Growth.
* Managerial experience of minimum 12 months leading a team."	jobspy	https://livspace.sensehq.com/careers/jobs/60724&urlHash=Smzs	mid-senior level	Sales and Business Development	Interior Design	https://in.linkedin.com/company/livspace	https://media.licdn.com/dms/image/v2/C4D0BAQH3FQB6L_BhjA/company-logo_100_100/company-logo_100_100/0/1679385176826/livspace_logo?e=2147483647&v=beta&t=H8mX-6cDVPCrJ06A0iKQjj33zBGSF2WhrqgY8VH7Oco
li-4217776461	linkedin	https://www.linkedin.com/jobs/view/4217776461	Validation Lead	Livspace	Bhubaneswar, Odisha, India		fulltime	False		"**About Us**
 Livspace is Asia’s largest and fastest\-growing omnichannel home interiors and renovation platform. Using its proprietary technology, Livspace provides a one\-stop renovation solution for homeowners—from design to managed last mile fulfillment for all rooms in a home. The platform has organized a fragmented industry, bringing together designers, brands, manufacturers, and contractors to enable an eCommerce\-like trusted, and predictable experience.
   

  

 The company launched operations in Bengaluru, India in 2015\. Since its inception, Livspace has organized a fragmented industry, bringing together a curated community of designers, brands, manufacturers and contractors. This has resulted in an e\-commerce\-like trusted and predictable experience for the homeowners. Livspace boasts of a community of 50000\+ satisfied customers and over 2000 interior designers.
   

  

 The company is already the largest employer of interior designers in the country. Livspace currently serves Singapore, Malaysia, Saudi Arabia as well as 30 metro and non\-metro areas in India including \- Bengaluru, Chennai, Delhi, Noida, Gurgaon, Mumbai, Thane, Pune, Hyderabad, Kolkata, Ahmedabad, Kochi, Jaipur, Lucknow, Indore, Surat, Coimbatore, Mysore, Mangalore, Vizag, Vijayawada.
   

  

 Livspace has showcased phenomenal growth since its launch, having delivered over 125,000 rooms and selling over 7\.5 million SKUs through its platform. The company also delivered 50,000 homes across all our serviceable locations.
   

  

 The founders \- Anuj Srivastava and Ramakant Sharma are former Google and Myntra executives respectively, who are seasoned entrepreneurs and successful angel investors. Livspace’s leadership team combines world\-class talent and entrepreneurial experience gathered at some of the best companies in the world.
   

  

 Livspace has raised around USD 450 million in capital from some of the top global investors including KKR, Ingka Group Investments (part of largest IKEA retailer Ingka Group), TPG Growth, Goldman Sachs, Kharis Capital, Venturi Partners, FFP (Peugeot Group’s Holding Company), EDBI, Bessemer Venture Partners, Jungle Ventures, Helion Ventures and UC\-RNT. For more information, please visit: ""https://www.livspace.com/""
   

  

**Job Description**
 A Validation Lead offers solutions on both modular and services scope of work. While modulars are handled by our dedicated vendors across the country, services are delivered through a curated marketplace of Livspace\-certified contractor partners and an in\-house contracting team. To ensure we are providing the right inputs to our vendor partners and the right inputs are captured from the customers , we have a team who handles the following responsibilities :
   

  

* Validate drawings, BOQ \& site.
* Understand drawings of all disciplines (Modular \& Non\-modular KWS, furniture, civil, electrical, plumbing,etc) and verify quantities of each line item in the BOQ.
* Identify design discrepancies and foresee execution risk.
* Highlight the missing line items in the BOQ.
* Finalize BOQ after clarifying design discrepancies and a thorough validation at site.
* Provide error free validation reports within the provided SLA.


 Job Requirement
   

  

* Diploma/ B. Tech. in Civil Engineering or Architecture.
* 3\+ years of contracting experience (1 yr execution \+ 2 yr QS) in residential/commercial projects.
* Ability to assess design feasibility, visualize on\-site conditions and foresee execution risks.
* Proactive and capable of prioritizing work.
* Extremely high level of ownership.
* High learning aptitude.
* Good communication skills – Verbal \& Written."	jobspy	https://livspace.sensehq.com/careers/jobs/54927&urlHash=j42m	mid-senior level	Quality Assurance	Interior Design	https://in.linkedin.com/company/livspace	https://media.licdn.com/dms/image/v2/C4D0BAQH3FQB6L_BhjA/company-logo_100_100/company-logo_100_100/0/1679385176826/livspace_logo?e=2147483647&v=beta&t=H8mX-6cDVPCrJ06A0iKQjj33zBGSF2WhrqgY8VH7Oco
go-bY1VQjct_gdBxuvQAAAAAA==	google	https://callcenterjob.co.in/sbi-bank-jobs-odisha-apply-for-probationary-bhubaneswar_759696?utm_campaign=google_jobs_apply&utm_source=google_jobs_apply&utm_medium=organic	SBI Bank Jobs Odisha | Apply For Probationary|	Confidential	Bhubaneswar, Odisha	2025-04-25		False		SBI Bank Jobs SBI Bank Jobs : has Now recently fresh released the Latest recruitment notification for the Probationary Officer So that the officials for SBI Bank Jobs are called online applications From the official website. Therefore, who are interested candidates or Employees they can download the Direct official notification from the mention below-section? So o candidate applies for this job before the last date to submit the application. State Bank of India Jobs – Overview Name of the Organization SBI Bank Jobs Number of Vacancies 20 Vacancies Name of Post , Probationary Officer Starting date of application 08 May Last Date to Apply 24th May Job Category Government Jobs Job Location India Application process Online Application Official Website Apply Now Important Dates Last Date for Fee Submission of Application: 24th May . State Bank of India Recruitment Eligibility Criteria Educational Qualifications Any Degree B, SC Age Limit Age 21 To 38 s SC/ST Fee Rs /- Others Fee Rs. 600 Salary Details Rs. 300/- Selection Process Interview and document verification and finally declared the name of the Merit List. How to Apply Online State Bank of India Vacancies Firstly, visit official website http://rrcnr.org/ Find the notification link. Apply Now Then, click on read the full notification carefully. UPPSC notification will open read it. Candidates can their eligibility criteria and more related details. Now, start your application form and pay the application fee. Finally, click the submit button. Finally, take the print of the complete application form for further uses	jobspy						
go-Oc1Xmoc-mD1UFCUEAAAAAA==	google	https://www.iitjobs.com/job/business-intelligence-developer-sas-bhubaneswar-odisha-india-scalable-systems-4248?utm_campaign=google_jobs_apply&utm_source=google_jobs_apply&utm_medium=organic	Business Intelligence Developer (SAS)	Scalable Systems	Bhubaneswar, Odisha	2025-04-23		False		Job Description: A SAS Business Intelligence Developer is responsible for performing all phases of reporting; including report design, measure development, data collection, summarization, documentation and validation to support the information needs of analysts, management, staff and providers. The Business Intelligence Developer exercises independent judgment, strong commitment to team work, exceptional customer service while working collaboratively with business users throughout the organization. A Business Intelligence Developer utilizes strong analytical and problem solving skills to accurately interpret and execute business requirements producing meaningful, actionable products. Proficiency with reporting tools, such as Crystal Reports, and database structures and content is needed.Responsibilities:Qualifications:Collaborate with cross functional teams to gather and document BI requirementsAnalyze BI requirements and design/develop Cognos Reporting solutions to support standard reporting, Dashboard and self-service environment.Will be the primary contact for questions about existing reports and DashboardsPerformance tuning to ensure reports function within acceptable parametersCollaborate with stakeholders to define the business layer and presentation layer of the BI Model that is business friendly and supports a self-service environment.Analyze requirements and architect appropriate solutions, with detailed design documentsReview the current architecture and recommend changes as appropriateEnsure documentation is up to dateEducation: Associate's Degree in a Related Field or Bachelor's Degree in a Related Field.Experience:5+ years of experience. Most recent experience must be Business Intelligence focused with at least five years of hands on experience in dashboard and report development using SAS VA and EG.Strong communication skills, with prior experience in requirements gathering and working with SMEs and Stakeholders at various leadership levels.Hands on Framework Manager Dimensional Modeling, Transformer cube, Design and DevelopmentHands on Dashboard, and report development experienceProven experience in scripting (Java Scripting/JQuery) to extend SAS CapabilitiesExcellent performance tuning and trouble shooting skillsEffective verbal, written and interpersonal communicationStrong grasp of relational Database principles, OLTP, OLAP, 3NF, Star-SchemaDemonstrable experience in Dashboards, KPI, Scorecards, mobile, Operational and Business Intelligence Prior experience in leading a BI TeamPreferred:Experience in business areas such as finance, marketing, Healthcare or operations.Computer skills including Windows-based applications (e.g., Word, Excel, PowerPoint, Visio, Outlook, etc) or other online collaborative tools.Knowledge and understanding of database theory and practice, database structures, query languages, and concepts.Experience with one or more reporting tools (e.g. Crystal, Access, SQL, Tableau, SAS, QlikView) used to fill data/information requests. Working knowledge for database applications or reporting tools.Ability to create, manipulate and report from various data sources. Basic analytical, critical thinking, and problem solving abilities.Ability to interpret data, identify trends, and anomalies.Strong communication skills (written and oral). Demonstrated commitment to team work and exceptional customer service.Ability to work in ambiguous situations under pressure.Ability to maintain a professional demeanor and appearance at all times.Ability to manage multiple tasks and track issues on a daily basis.	jobspy						
go-Soqfjq3g3NtmcpGLAAAAAA==	google	https://in.linkedin.com/jobs/view/associate-at-nalco-4218931700?utm_campaign=google_jobs_apply&utm_source=google_jobs_apply&utm_medium=organic	Associate	Nalco	Odisha	2025-04-20		False		"Company Description
TATA AIGGENERALINSURANCE.

Role Description

This is a full-time on-site role for an Associate located in Odisha, India. The Associate will be responsible for a variety of tasks, including supporting various projects, conducting research, coordinating with team members, and communicating with clients. The role also involves data entry, report generation, and maintaining accurate records. The Associate will work closely with supervisors to ensure that all tasks are completed efficiently and effectively.

Qualifications
• Strong organizational and time management skills
• Effective communication and interpersonal skills
• Proficiency in data entry and report generation
• Ability to work collaboratively with team members
• Problem-solving skills and attention to detail
• Experience with project coordination and client communication
• Proficiency in Microsoft Office Suite and relevant software tools
• B-Tech in a relevant field or equivalent experience"	jobspy						
go-AiXhf-h4j9DxsPv_AAAAAA==	google	https://in.linkedin.com/jobs/view/business-manager-sales-at-livspace-4217778086?utm_campaign=google_jobs_apply&utm_source=google_jobs_apply&utm_medium=organic	Business Manager - Sales	Livspace	Bhubaneswar, Odisha	2025-04-20	contract	False		"About Us

Livspace is Asia’s largest and fastest-growing omnichannel home interiors and renovation platform. Using its proprietary technology, Livspace provides a one-stop renovation solution for homeowners—from design to managed last mile fulfillment for all rooms in a home. The platform has organized a fragmented industry, bringing together designers, brands, manufacturers, and contractors to enable an eCommerce-like trusted, and predictable experience.

The company launched operations in Bengaluru, India in 2015. Since its inception, Livspace has organized a fragmented industry, bringing together a curated community of designers, brands, manufacturers and contractors. This has resulted in an e-commerce-like trusted and predictable experience for the homeowners. Livspace boasts of a community of 50000+ satisfied customers and over 2000 interior designers.

The company is already the largest employer of interior designers in the country. Livspace currently serves Singapore, Malaysia, Saudi Arabia as well as 30 metro and non-metro areas in India including - Bengaluru, Chennai, Delhi, Noida, Gurgaon, Mumbai, Thane, Pune, Hyderabad, Kolkata, Ahmedabad, Kochi, Jaipur, Lucknow, Indore, Surat, Coimbatore, Mysore, Mangalore, Vizag, Vijayawada.

Livspace has showcased phenomenal growth since its launch, having delivered over 125,000 rooms and selling over 7.5 million SKUs through its platform. The company also delivered 50,000 homes across all our serviceable locations.

The founders - Anuj Srivastava and Ramakant Sharma are former Google and Myntra executives respectively, who are seasoned entrepreneurs and successful angel investors. Livspace’s leadership team combines world-class talent and entrepreneurial experience gathered at some of the best companies in the world.

Livspace has raised around USD 450 million in capital from some of the top global investors including KKR, Ingka Group Investments (part of largest IKEA retailer Ingka Group), TPG Growth, Goldman Sachs, Kharis Capital, Venturi Partners, FFP (Peugeot Group’s Holding Company), EDBI, Bessemer Venture Partners, Jungle Ventures, Helion Ventures and UC-RNT. For more information, please visit: ""https://www.livspace.com/""

Job Description

In the role of a Business Manager - Sales, you will be required to own the sales funnel & drive sales closure. You will need to achieve sales target on projects month on month through a team of 6 to 10 designers.
• Enure sales funnel management to achieve a higher conversion rate output.
• Target and achieve of 12 to 15 projects a month, by ensuring new projects bookings.
• Responsible for Customer Experience & Relationship Management.
• Training designers to esnure sales & enabling them to achieve their targets.

Job Requirement
• Bachelor's Qualification: B-Arch (preferred) | If any other, then with relevant industry exposure.
• 5+ years of relevant work-experience in B2C Business Development and Growth.
• Managerial experience of minimum 12 months leading a team."	jobspy						
go-jW5DuJc-fWmkL-rXAAAAAA==	google	https://latest.the-newjobs.com/bis-recruitment-2025%E2%80%93scientists-officers-trainees/near-me/srikanthapur/odisha?utm_campaign=google_jobs_apply&utm_source=google_jobs_apply&utm_medium=organic	BIS Recruitment 2025 – Scientists, Officers & Trainees in srikanthapur, odisha	Bureau of Indian Standards (BIS)	Balasore, Odisha	2025-04-17		False		Apply for BIS Recruitment 2025 for positions such as Scientist-B, Technical Assistant, and more in srikanthapur, odisha. Join the Bureau of Indian Standards and contribute to quality and standardization in India!	jobspy						
go-Yg_YyuM96MFMHd_dAAAAAA==	google	https://latest.the-newjobs.com/nabard-recruitment-2025%E2%80%93officers-assistants-&-specialists/near-me/nelung/odisha?utm_campaign=google_jobs_apply&utm_source=google_jobs_apply&utm_medium=organic	NABARD Recruitment 2025 – Officers, Assistants & Specialists in nelung, odisha	National Bank for Agriculture and Rural Development (NABARD)	Nelung, Odisha	2025-04-17		False		Apply for NABARD Recruitment 2025 for roles such as Assistant Manager, Development Officer, IT Officer, and more in nelung, odisha. Join India’s apex development bank and work for rural transformation.	jobspy						
go-34JpjlrKV4wRibCsAAAAAA==	google	https://in.linkedin.com/jobs/view/security-and-loss-prevention-specialist-inslp-at-amazon-4219803760?utm_campaign=google_jobs_apply&utm_source=google_jobs_apply&utm_medium=organic	Security and Loss Prevention Specialist, INSLP	Amazon	Bhubaneswar, Odisha	2025-04-09		False		"Description

INSLP (Security & Loss Prevention) is hiring an SLP Specialist to support growth of the “SLP MDR Concessions Abuse Program” and help preventing losses via identification of abusive entity. The program is aimed at identifying and eliminating Concessions Abuse while preserving customer trust.

The primary objective of the SLP Specialist is to provide security services, investigation and asset protection in designated area of responsibility, assist in mitigating product loss, and maintain customer satisfaction in accordance with INSLP guidelines and policies. The role is cross-functional and requires deep collaboration and influencing ability with stakeholders from business and corporate functions. SLP Specialist's day-to-day activities involve planning, organizing, coordinating, implementing and executing process and procedures laid down by the organization and the SLP function.

As a part of the SLP MDR Concessions Abuse program, the SLP Specialist is required to deep dive into the Concessions request raised by customer, and conduct end-to-end investigation across customer, DA/network and seller to identify the abusive entity. SLP has outlined frameworks for investigation, and the SLP Specialist is bound to adhere to the investigation guidelines. Along with primarily supporting on Concessions investigations, the SLP Specialist will be required to provide on-ground intel useful in uncovering abuse MOs. In order to ensure network integrity, the SLP Specialist will be required to conduct risk assessment and process audit for the respective sites and work in accordance with the security policies and guidelines.

Key job responsibilities

Security Operation
• Implementation and follow-up of Loss Prevention Plan in MDR Concessions

Audits and Compliance
• Conducting SLP audits and implementing SOPs
• Surprise check and reports at LM (Last Mile) stations
• Keeping the plans and SOPs updated
• Periodical check of documentation
• Adhering to SLAs defined for the SLP MDR Concessions Abuse Program

Process Improvement and Loss Prevention
• Process review, gap analysis and implementation of necessary improvements
• Weekly, monthly and quarterly assessments
• Loss prevention reporting
• Working on feedbacks received from internal and external stakeholders
• Follow up and completion of CAPA
• Recommending loss prevention initiatives based on on-ground intel

Loss Prevention Analysis and Investigation
• Work closely with the SLP and CS teams to analyze the loss trends in MDR Concessions
• Weekly loss trend analysis, identifying defects / abusive entities and working towards loss reduction
• Conduct investigations by working closely with CS and support functions in SLP and Ops
• Meeting the weekly investigation targets and submitting investigation reports
• Sharing RCAs and PTG initiatives on shrink and unmet goals

Basic Qualifications

University degree or equivalent through experience and professional certification
• A minimum of 7-10 years in Security and Loss prevention role, law enforcement or security-related profession
• Extensive and up to date knowledge of Shrink Management and Data Analysis
• Experience in managing or coordinating security investigations of complex nature
• Knowledge of information security processes and systems
• Experience in security auditing

Preferred Qualifications

Loss Prevention experience
• Investigation/Security related certification
• Emergency Response / Crisis Management certification
• Training & Development experience
• Auditing and security investigations experience
• Exposure to MNC culture and dynamics

Our inclusive culture empowers Amazonians to deliver the best results for our customers. If you have a disability and need a workplace accommodation or adjustment during the application and hiring process, including support for the interview or onboarding process, please visit https://amazon.jobs/content/en/how-we-hire/accommodations for more information. If the country/region you’re applying in isn’t listed, please contact your Recruiting Partner.

Company - ATSPL - Odisha - G69

Job ID: A2969734"	jobspy						
go-669kebLiOQkJ9wNQAAAAAA==	google	https://www.olx.in/item/office-assistant-c2201-full-time-in-banika-choudwar-iid-1805610789?utm_campaign=google_jobs_apply&utm_source=google_jobs_apply&utm_medium=organic	AIRPORT LARGEST JOBS GROUND STAFF TICKET CHECKER OR CABIN CREW DRIVER	Confidential	Chaudwar, Odisha	2025-04-08		False		"Ground Staff & AOCS Vacancy

We are looking for passionate individuals to join our team. Explore exciting opportunities in various roles and be part of our success story.

Age Limit: 18 to 55 years

Job Shift: Rotational shifts (Day & Night) according to your preference. Duty timing: 8 hours with overtime available.

Job Openings:

- Ground Staff & Cabin Crew

- Ticketing Officer

- Driver

- AOCS

Responsibilities:

- Provide the highest standard of service to our customers.

- Ensure consistent delivery of the highest service standards.

Gross Salary:

1. Ground Staff: ₹24,000 to ₹38,500

2. Cash Counter: ₹26,500 to ₹36,500

3. Ticket Checker: ₹28,500 to ₹38,500

4. Security Guard: ₹18,500 to ₹24,500

5. Driver: ₹35,500 to ₹45,500

6. Passport Checker: ₹32,500 to ₹45,500

7. Cabin Crew: ₹35,500 to ₹68,500

8. Security Supervisor: ₹28,500 to ₹48,500

9. Senior Manager: ₹38,500 to ₹78,500

Additional Job Openings:

- Floor Manager

- Loader

- Helper

- Electrician

- Computer Operator

- Food Counter

- Luggage Counter

- Security Staff

Qualifications Required:

- 8th, 10th, 12th, B.A, M.A, B.Sc, M.Sc, BBA, MBA, B.Tech, M.Tech, Assistant Engineer (any stream: civil, mechanical, computer), Degree Holder, Diploma, ITI, Graduation & Post Graduation in Aviation Sector.

Facilities Provided:

- Cab

- Meal

- Accommodation

- Provident Fund

- Medical

- Insurance

- ESI Facility

- 8 Hours Duty Timing

- 5 Days Working

- Overtime

Application Details:

- Freshers and experienced candidates can apply.

- Both male and female candidates are eligible.

- Job location: All over India, nearest to your district.

- No consultancy, direct recruitment in IndiGo Airlines.

For Joining Details: CALL FOR HR. AMIT SIRIndiGo Airlines Jobs: Hiring for Airport Ground Staff & AOCS Vacancy

We are looking for passionate individuals to join our team. Explore exciting opportunities in various roles and be part of our success story.

Age Limit: 18 to 55 years

Job Shift: Rotational shifts (Day & Night) according to your preference. Duty timing: 8 hours with overtime available.

Job Openings:

- Ground Staff & Cabin Crew

- Ticketing Officer

- Driver

- AOCS

Responsibilities:

- Provide the highest standard of service to our customers.

- Ensure consistent delivery of the highest service standards.

Gross Salary:

1. Ground Staff: ₹24,000 to ₹38,500

2. Cash Counter: ₹26,500 to ₹36,500

3. Ticket Checker: ₹28,500 to ₹38,500

4. Security Guard: ₹18,500 to ₹24,500

5. Driver: ₹35,500 to ₹45,500

6. Passport Checker: ₹32,500 to ₹45,500

7. Cabin Crew: ₹35,500 to ₹68,500

8. Security Supervisor: ₹28,500 to ₹48,500

9. Senior Manager: ₹38,500 to ₹78,500

Additional Job Openings:

- Floor Manager

- Loader

- Helper

- Electrician

- Computer Operator

- Food Counter

- Luggage Counter

- Security Staff

Qualifications Required:

- 8th, 10th, 12th, B.A, M.A, B.Sc, M.Sc, BBA, MBA, B.Tech, M.Tech, Assistant Engineer (any stream: civil, mechanical, computer), Degree Holder, Diploma, ITI, Graduation & Post Graduation in Aviation Sector.

Facilities Provided:

- Cab

- Meal

- Accommodation

- Provident Fund

- Medical

- Insurance

- ESI Facility

- 8 Hours Duty Timing

- 5 Days Working

- Overtime

Application Details:

- Freshers and experienced candidates can apply.

- Both male and female candidates are eligible.

- Job location: All over India, nearest to your district.

- No consultancy, direct recruitment in IndiGo Airlines.

For Joining Details: CALL FOR HR. GAURAV GUPTA"	jobspy						
go-m9Dg3rUmkHaTWc-YAAAAAA==	google	https://in.linkedin.com/jobs/view/senior-research-fellow-srf-at-nit-rourkela-at-nit-rourklea-4218086547?utm_campaign=google_jobs_apply&utm_source=google_jobs_apply&utm_medium=organic	Senior Research Fellow (SRF) at NIT Rourkela	NIT -Rourklea	Sundargarh, Odisha	2025-04-07		False	hiremaths@nitrkl.ac.in, hiremaths@nitrkl.ac.in	"Dear All,

Greetings from the Department of Electronics and Communication Engineering, NIT Rourkela.

We are pleased to invite applications for the post of Senior Research Fellow (SRF) under a prestigious research project funded by the Department of Telecommunications (DOT), Government of India, titled:

🎯 “Design and Development of Deep Learning-based Secure Joint Channel Estimation and Feedback Algorithms for 6G”
📌 Key Details:
• Number of Positions: 02
• Duration: Up to December 2027 (subject to project continuation)
• Monthly Fellowship: ₹42,000/-
• Mode of Interview: Offline
• Interview Date: May 20, 2025, 4:00 PM
• Last Date to Apply: May 19, 2025
• Department: Electronics and Communication Engineering, NIT Rourkela
🎓 Eligibility Criteria:
• M.Tech/M.E/MS or equivalent in ECE, EE, CSE, Telecommunication, AI/ML, VLSI, etc.
• Or M.Sc./MCA with valid GATE/NET score
• Or B.Tech/B.E with valid GATE score
• Minimum 60% marks or 6.5/10 CGPA throughout
🧠 Desired Skills:
• Strong background in Signal Processing, Wireless/MIMO Communication, Deep Learning
• Programming proficiency in Python, MATLAB, VHDL/Verilog, etc.
• Exposure to hardware (SDR, FPGA, RF-Soc) and EDA tools preferred

This opportunity also opens avenues for Ph.D. admission, subject to eligibility and institute norms.

Interested candidates may reach out to the PI:

Prof. Shrishailayya M Hiremath

📧 Email: hiremaths@nitrkl.ac.in

We request that you circulate this announcement widely among your networks and encourage eligible candidates to apply.

The application can be found here: https://nitrkl.ac.in/SRICCE/Career

Warm regards,

Prof. Shrishailayya M Hiremath

Department of Electronics and Communication Engineering

National Institute of Technology

Rourkela, PIN - 769008

ORISSA, INDIA

hiremaths@nitrkl.ac.in

Mob:9438503621

Office:0661-2462459"	jobspy						
li-4204805457	linkedin	https://www.linkedin.com/jobs/view/4204805457	Analog Design, Sr Engineer	Synopsys Inc	Bhubaneswar, Odisha, India		fulltime	False		"We Are:
   

  

 At Synopsys, we drive the innovations that shape the way we live and connect. Our technology is central to the Era of Pervasive Intelligence, from self\-driving cars to learning machines. We lead in chip design, verification, and IP integration, empowering the creation of high\-performance silicon chips and software content. Join us to transform the future through continuous technological innovation.
   

  

 You Are:
   

  

 As an ideal candidate, you are a highly motivated and experienced Analog Design Engineer with a passion for developing state\-of\-the\-art analog sensors. You have a solid background in custom analog/mixed\-signal circuit design, circuit simulations, custom layout, and post\-silicon characterization. You thrive in a collaborative environment, guiding junior engineers, and liaising with layout teams to achieve optimal engineering solutions. Your forward\-thinking approach, combined with your extensive technical knowledge, enables you to tackle the unique challenges posed by various target applications. You possess a B.Tech. or M.Tech. degree in Electrical Engineering with 2 years of relevant industry experience or a PhD with relevant experience. Your expertise in advanced process challenges, including ESD and reliability, and your familiarity with tools like PrimeSim, FineSim, and HSPICE, set you apart as a leader in the field.
   

  

 What You’ll Be Doing:
   

  

* Conceptualizing, designing, and productizing state\-of\-the\-art on\-chip Process, Voltage, Temperature, Current, and Droop sensors.
* Developing innovative solutions in the field of on\-die monitoring.
* Liaising with the layout team to achieve the best possible engineering solutions.
* Deploying new sensors into test chips and conducting post\-silicon characterization.
* Guiding and mentoring junior engineers and tracking their work progress.
* Collaborating with internal teams and external customers to ensure project success.


 The Impact You Will Have:
   

  

* Enhancing the performance, power, area, schedule, and yield of our products.
* Contributing to the reliability and optimization of next\-generation intelligent in\-chip sensors.
* Driving innovation in on\-die monitoring solutions.
* Improving the integration process for customers, leading to faster time\-to\-market.
* Providing technical leadership and mentoring to junior engineers.
* Ensuring the successful deployment and characterization of new sensors.


 What You’ll Need:
   

  

* Strong technical experience in full custom analog/mixed\-signal circuit design, simulations, and custom layout.
* B.Tech. or M.Tech. degree in Electrical Engineering with 2 years of relevant industry experience or a PhD with relevant experience.
* Knowledge of custom Analog/AMS design techniques, implementation, and verification.
* Familiarity with advanced process challenges, including ESD and reliability.
* Experience with tools like PrimeSim, FineSim, HSPICE, and Custom Compiler or equivalent schematic \& layout editor tools.


 Who You Are:
   

  

* A forward\-thinking and design\-oriented individual.
* A team player with excellent communication, mentoring, and interpersonal skills.
* A problem\-solver who can handle moderate scope problems and analyze several factors.
* An established professional with practical knowledge and the ability to resolve a variety of issues.
* Someone who can work under general supervision and achieve day\-to\-day objectives with moderate impact.


 The Team You’ll Be A Part Of:
   

  

 As a member of the PVT Sensor Group, you will be part of a dynamic team focused on building next\-generation intelligent in\-chip sensors and hardware. Our team is dedicated to offering the world’s first full hardware IP, test, and end\-to\-end solutions to help customers integrate faster, optimize performance, and enhance reliability. You will collaborate with talented engineers and contribute to the development of innovative solutions that meet the unique challenges posed by various target applications.
   

  

 Rewards and Benefits:
   

  

 We offer a comprehensive range of health, wellness, and financial benefits to cater to your needs. Our total rewards include both monetary and non\-monetary offerings. Your recruiter will provide more details about the salary range and benefits during the hiring process."	jobspy	https://careers.synopsys.com/job/-/-/44408/79752940992?source=LinkedIn&urlHash=gaMz	mid-senior level	Design, Consulting, and Engineering	Semiconductor Manufacturing, Software Development, and Computer Hardware Manufacturing	https://www.linkedin.com/company/synopsys	https://media.licdn.com/dms/image/v2/C4E0BAQEq7MVORIs3MA/company-logo_100_100/company-logo_100_100/0/1631306256041?e=2147483647&v=beta&t=3U7hH11iUbvPg705cQCIz3w-Z8tybTDhgrt_TZPl_xE
li-4217778086	linkedin	https://www.linkedin.com/jobs/view/4217778086	Business Manager - Sales	Livspace	Bhubaneswar, Odisha, India		fulltime	False		"**About Us**
 Livspace is Asia’s largest and fastest\-growing omnichannel home interiors and renovation platform. Using its proprietary technology, Livspace provides a one\-stop renovation solution for homeowners—from design to managed last mile fulfillment for all rooms in a home. The platform has organized a fragmented industry, bringing together designers, brands, manufacturers, and contractors to enable an eCommerce\-like trusted, and predictable experience.
   

  

 The company launched operations in Bengaluru, India in 2015\. Since its inception, Livspace has organized a fragmented industry, bringing together a curated community of designers, brands, manufacturers and contractors. This has resulted in an e\-commerce\-like trusted and predictable experience for the homeowners. Livspace boasts of a community of 50000\+ satisfied customers and over 2000 interior designers.
   

  

 The company is already the largest employer of interior designers in the country. Livspace currently serves Singapore, Malaysia, Saudi Arabia as well as 30 metro and non\-metro areas in India including \- Bengaluru, Chennai, Delhi, Noida, Gurgaon, Mumbai, Thane, Pune, Hyderabad, Kolkata, Ahmedabad, Kochi, Jaipur, Lucknow, Indore, Surat, Coimbatore, Mysore, Mangalore, Vizag, Vijayawada.
   

  

 Livspace has showcased phenomenal growth since its launch, having delivered over 125,000 rooms and selling over 7\.5 million SKUs through its platform. The company also delivered 50,000 homes across all our serviceable locations.
   

  

 The founders \- Anuj Srivastava and Ramakant Sharma are former Google and Myntra executives respectively, who are seasoned entrepreneurs and successful angel investors. Livspace’s leadership team combines world\-class talent and entrepreneurial experience gathered at some of the best companies in the world.
   

  

 Livspace has raised around USD 450 million in capital from some of the top global investors including KKR, Ingka Group Investments (part of largest IKEA retailer Ingka Group), TPG Growth, Goldman Sachs, Kharis Capital, Venturi Partners, FFP (Peugeot Group’s Holding Company), EDBI, Bessemer Venture Partners, Jungle Ventures, Helion Ventures and UC\-RNT. For more information, please visit: ""https://www.livspace.com/""
   

  

**Job Description**
 In the role of a Business Manager \- Sales, you will be required to own the sales funnel \& drive sales closure. You will need to achieve sales target on projects month on month through a team of 6 to 10 designers.
   

  

* Enure sales funnel management to achieve a higher conversion rate output.
* Target and achieve of 12 to 15 projects a month, by ensuring new projects bookings.
* Responsible for Customer Experience \& Relationship Management.
* Training designers to esnure sales \& enabling them to achieve their targets.


 Job Requirement
   

  

* Bachelor's Qualification: B\-Arch (preferred) \| If any other, then with relevant industry exposure.
* 5\+ years of relevant work\-experience in B2C Business Development and Growth.
* Managerial experience of minimum 12 months leading a team."	jobspy	https://livspace.sensehq.com/careers/jobs/60724&urlHash=Smzs	mid-senior level	Sales and Business Development	Interior Design	https://in.linkedin.com/company/livspace	https://media.licdn.com/dms/image/v2/C4D0BAQH3FQB6L_BhjA/company-logo_100_100/company-logo_100_100/0/1679385176826/livspace_logo?e=2147483647&v=beta&t=H8mX-6cDVPCrJ06A0iKQjj33zBGSF2WhrqgY8VH7Oco
li-4217776461	linkedin	https://www.linkedin.com/jobs/view/4217776461	Validation Lead	Livspace	Bhubaneswar, Odisha, India		fulltime	False		"**About Us**
 Livspace is Asia’s largest and fastest\-growing omnichannel home interiors and renovation platform. Using its proprietary technology, Livspace provides a one\-stop renovation solution for homeowners—from design to managed last mile fulfillment for all rooms in a home. The platform has organized a fragmented industry, bringing together designers, brands, manufacturers, and contractors to enable an eCommerce\-like trusted, and predictable experience.
   

  

 The company launched operations in Bengaluru, India in 2015\. Since its inception, Livspace has organized a fragmented industry, bringing together a curated community of designers, brands, manufacturers and contractors. This has resulted in an e\-commerce\-like trusted and predictable experience for the homeowners. Livspace boasts of a community of 50000\+ satisfied customers and over 2000 interior designers.
   

  

 The company is already the largest employer of interior designers in the country. Livspace currently serves Singapore, Malaysia, Saudi Arabia as well as 30 metro and non\-metro areas in India including \- Bengaluru, Chennai, Delhi, Noida, Gurgaon, Mumbai, Thane, Pune, Hyderabad, Kolkata, Ahmedabad, Kochi, Jaipur, Lucknow, Indore, Surat, Coimbatore, Mysore, Mangalore, Vizag, Vijayawada.
   

  

 Livspace has showcased phenomenal growth since its launch, having delivered over 125,000 rooms and selling over 7\.5 million SKUs through its platform. The company also delivered 50,000 homes across all our serviceable locations.
   

  

 The founders \- Anuj Srivastava and Ramakant Sharma are former Google and Myntra executives respectively, who are seasoned entrepreneurs and successful angel investors. Livspace’s leadership team combines world\-class talent and entrepreneurial experience gathered at some of the best companies in the world.
   

  

 Livspace has raised around USD 450 million in capital from some of the top global investors including KKR, Ingka Group Investments (part of largest IKEA retailer Ingka Group), TPG Growth, Goldman Sachs, Kharis Capital, Venturi Partners, FFP (Peugeot Group’s Holding Company), EDBI, Bessemer Venture Partners, Jungle Ventures, Helion Ventures and UC\-RNT. For more information, please visit: ""https://www.livspace.com/""
   

  

**Job Description**
 A Validation Lead offers solutions on both modular and services scope of work. While modulars are handled by our dedicated vendors across the country, services are delivered through a curated marketplace of Livspace\-certified contractor partners and an in\-house contracting team. To ensure we are providing the right inputs to our vendor partners and the right inputs are captured from the customers , we have a team who handles the following responsibilities :
   

  

* Validate drawings, BOQ \& site.
* Understand drawings of all disciplines (Modular \& Non\-modular KWS, furniture, civil, electrical, plumbing,etc) and verify quantities of each line item in the BOQ.
* Identify design discrepancies and foresee execution risk.
* Highlight the missing line items in the BOQ.
* Finalize BOQ after clarifying design discrepancies and a thorough validation at site.
* Provide error free validation reports within the provided SLA.


 Job Requirement
   

  

* Diploma/ B. Tech. in Civil Engineering or Architecture.
* 3\+ years of contracting experience (1 yr execution \+ 2 yr QS) in residential/commercial projects.
* Ability to assess design feasibility, visualize on\-site conditions and foresee execution risks.
* Proactive and capable of prioritizing work.
* Extremely high level of ownership.
* High learning aptitude.
* Good communication skills – Verbal \& Written."	jobspy	https://livspace.sensehq.com/careers/jobs/54927&urlHash=j42m	mid-senior level	Quality Assurance	Interior Design	https://in.linkedin.com/company/livspace	https://media.licdn.com/dms/image/v2/C4D0BAQH3FQB6L_BhjA/company-logo_100_100/company-logo_100_100/0/1679385176826/livspace_logo?e=2147483647&v=beta&t=H8mX-6cDVPCrJ06A0iKQjj33zBGSF2WhrqgY8VH7Oco
li-4217780050	linkedin	https://www.linkedin.com/jobs/view/4217780050	Business Manager - Design	Livspace	Bhubaneswar, Odisha, India		fulltime	False		"**About Us**
 Livspace is Asia’s largest and fastest\-growing omnichannel home interiors and renovation platform. Using its proprietary technology, Livspace provides a one\-stop renovation solution for homeowners—from design to managed last mile fulfillment for all rooms in a home. The platform has organized a fragmented industry, bringing together designers, brands, manufacturers, and contractors to enable an eCommerce\-like trusted, and predictable experience.
   

  

 The company launched operations in Bengaluru, India in 2015\. Since its inception, Livspace has organized a fragmented industry, bringing together a curated community of designers, brands, manufacturers and contractors. This has resulted in an e\-commerce\-like trusted and predictable experience for the homeowners. Livspace boasts of a community of 50000\+ satisfied customers and over 2000 interior designers.
   

  

 The company is already the largest employer of interior designers in the country. Livspace currently serves Singapore, Malaysia, Saudi Arabia as well as 30 metro and non\-metro areas in India including \- Bengaluru, Chennai, Delhi, Noida, Gurgaon, Mumbai, Thane, Pune, Hyderabad, Kolkata, Ahmedabad, Kochi, Jaipur, Lucknow, Indore, Surat, Coimbatore, Mysore, Mangalore, Vizag, Vijayawada.
   

  

 Livspace has showcased phenomenal growth since its launch, having delivered over 125,000 rooms and selling over 7\.5 million SKUs through its platform. The company also delivered 50,000 homes across all our serviceable locations.
   

  

 The founders \- Anuj Srivastava and Ramakant Sharma are former Google and Myntra executives respectively, who are seasoned entrepreneurs and successful angel investors. Livspace’s leadership team combines world\-class talent and entrepreneurial experience gathered at some of the best companies in the world.
   

  

 Livspace has raised around USD 450 million in capital from some of the top global investors including KKR, Ingka Group Investments (part of largest IKEA retailer Ingka Group), TPG Growth, Goldman Sachs, Kharis Capital, Venturi Partners, FFP (Peugeot Group’s Holding Company), EDBI, Bessemer Venture Partners, Jungle Ventures, Helion Ventures and UC\-RNT. For more information, please visit: ""https://www.livspace.com/""
   

  

**Job Description**
 A Business Manager \- Design will be responsible for managing the designing for 12 to 15 projects month\-on\-month through a team of 6 to 10 designers. The output of which would be achieved through managing their design productivity, imparting required trainings and design discussions.
   

  

* Managing Designing Projects.
* Managing and ensuring the productivity and work output of a Team of Designers.
* Customer Experience \& Relationship Management.
* Ensuring output on design Net Promoter Survey (Customner rating).
* Training designers on technical details (wherever required).
* Managing/ leading design discussions.


 Job Requirement
   

  

* Bachelors Qualification preferably B.Arch, B.Interior Design.
* Masters/ Specialization: Construction Planning Management,MBA, Design Management.
* 3\+ years' experience as an Interior Designer/ Project Manager.
* Led and delivered a minimum of 10 Residential/Interior projects (end to end project management)."	jobspy	https://livspace.sensehq.com/careers/jobs/60618&urlHash=yfd2	mid-senior level	Design, Art/Creative, and Information Technology	Interior Design	https://in.linkedin.com/company/livspace	https://media.licdn.com/dms/image/v2/C4D0BAQH3FQB6L_BhjA/company-logo_100_100/company-logo_100_100/0/1679385176826/livspace_logo?e=2147483647&v=beta&t=H8mX-6cDVPCrJ06A0iKQjj33zBGSF2WhrqgY8VH7Oco
li-4217778088	linkedin	https://www.linkedin.com/jobs/view/4217778088	Business Manager - Design	Livspace	Bhubaneswar, Odisha, India		fulltime	False		"**About Us**
 Livspace is Asia’s largest and fastest\-growing omnichannel home interiors and renovation platform. Using its proprietary technology, Livspace provides a one\-stop renovation solution for homeowners—from design to managed last mile fulfillment for all rooms in a home. The platform has organized a fragmented industry, bringing together designers, brands, manufacturers, and contractors to enable an eCommerce\-like trusted, and predictable experience.
   

  

 The company launched operations in Bengaluru, India in 2015\. Since its inception, Livspace has organized a fragmented industry, bringing together a curated community of designers, brands, manufacturers and contractors. This has resulted in an e\-commerce\-like trusted and predictable experience for the homeowners. Livspace boasts of a community of 50000\+ satisfied customers and over 2000 interior designers.
   

  

 The company is already the largest employer of interior designers in the country. Livspace currently serves Singapore, Malaysia, Saudi Arabia as well as 30 metro and non\-metro areas in India including \- Bengaluru, Chennai, Delhi, Noida, Gurgaon, Mumbai, Thane, Pune, Hyderabad, Kolkata, Ahmedabad, Kochi, Jaipur, Lucknow, Indore, Surat, Coimbatore, Mysore, Mangalore, Vizag, Vijayawada.
   

  

 Livspace has showcased phenomenal growth since its launch, having delivered over 125,000 rooms and selling over 7\.5 million SKUs through its platform. The company also delivered 50,000 homes across all our serviceable locations.
   

  

 The founders \- Anuj Srivastava and Ramakant Sharma are former Google and Myntra executives respectively, who are seasoned entrepreneurs and successful angel investors. Livspace’s leadership team combines world\-class talent and entrepreneurial experience gathered at some of the best companies in the world.
   

  

 Livspace has raised around USD 450 million in capital from some of the top global investors including KKR, Ingka Group Investments (part of largest IKEA retailer Ingka Group), TPG Growth, Goldman Sachs, Kharis Capital, Venturi Partners, FFP (Peugeot Group’s Holding Company), EDBI, Bessemer Venture Partners, Jungle Ventures, Helion Ventures and UC\-RNT. For more information, please visit: ""https://www.livspace.com/""
   

  

**Job Description**
 As a Business Manager \- Design, you are responsible for managing the designing for projects month\-on\-month, through a team of designers. You will ensure their productivity \& work output by imparting required trainings and leading discussions on designs.
   

  

* Manage designing of 12 to 15 projects month\-on\-month.
* Ensuring work output of a Team of 6 to 10 Designers.
* Drive Customer experience \& Relationship Management.
* Ensure output on design Net Promoter Survey (Customer rating).
* Training designers on technical details and managing/ leading design discussions.


 Job Requirement
   

  

* B.Arch, B.Interior Design \| Masters/Specialization: Construction Planning Management, MBA, Design Management.
* 3\+ years of relevant experience as an Interior Designer/ Project Manager.
* Led and delivered minimum 10 Residential/Interior projects (end to end Project Management)"	jobspy	https://livspace.sensehq.com/careers/jobs/59461&urlHash=LVIR	mid-senior level	Design, Art/Creative, and Information Technology	Interior Design	https://in.linkedin.com/company/livspace	https://media.licdn.com/dms/image/v2/C4D0BAQH3FQB6L_BhjA/company-logo_100_100/company-logo_100_100/0/1679385176826/livspace_logo?e=2147483647&v=beta&t=H8mX-6cDVPCrJ06A0iKQjj33zBGSF2WhrqgY8VH7Oco
li-4218860455	linkedin	https://www.linkedin.com/jobs/view/4218860455	Kruti Coffee Ventures LLP: Continental chef	join.com	Bhubaneswar, Odisha, India		fulltime	False		"Kruti Coffee Ventures LLP is looking for a Continental chef
 



**About company** 



  


 Kruti Coffee is one of India's fastest growing specialty coffee entity and cafe chain. Specialty coffee standards are followed across the value chain. Kruti Coffee started it's specialty coffee journey by transforming farm management practices of Kindiriguda tribal coffee farms in the Eastern Indian State of Odisha.
 


  

 Tasks
   


**Responsibilities:**
  

 Menu Development: Create and innovate Continental cuisine menus, including appetizers, main courses, and desserts.
   

  

 Food Preparation: Prepare and cook high\-quality dishes following recipes and presentation standards.
   

  

 Quality Control: Ensure consistency in food quality and presentation, adhering to health and safety regulations.
   

  

 Inventory Management: Manage kitchen inventory, order supplies, and ensure proper storage of ingredients.
   

  

 Training: Train and mentor junior kitchen staff and ensure they follow proper cooking techniques and kitchen protocols.
   

  

 Cost Management: Monitor food costs and optimize kitchen operations to minimize waste.
   

  

 Collaboration: Work closely with the Head Chef and kitchen team to maintain smooth kitchen operations.
   

  

 Cleanliness: Maintain a clean and organized kitchen workspace, ensuring all equipment is properly maintained.
 


  

 Requirements
   


**Education** 



  


 UG: Any Graduate
 


  


 PG: Any Postgraduate
 


  


**Key skills** 
 :
 


  

  
* Quality control
  
* Inventory Mnagement
  
* Food preparation
  


  


 Employment Type: Full Time, Permanent
 


  


 Role Category: Kitchen / F\&B Production"	jobspy	https://join.com/companies/kruticoffee/14015082-continental-chef?pid=e65242534431eadcb0c9&urlHash=VMDj	entry level	Manufacturing	Food and Beverage Manufacturing	https://de.linkedin.com/company/join-com	https://media.licdn.com/dms/image/v2/D560BAQFcUUWi3wqdXw/company-logo_100_100/B56ZaAyln4GUAc-/0/1745917467642/join_com_logo?e=2147483647&v=beta&t=ivK4ugeHS0jI6Zajfm82TS0zN_zY_9JunIZ60R8HBvs
li-4220520046	linkedin	https://www.linkedin.com/jobs/view/4220520046	International Business Development Associate	Artha Dhaara Ventures	Bhubaneswar, Odisha, India		fulltime	False		"**Location:** 
 Bhubaneswar with occasional travel
 



**Type:** 
 Full\-time , Work from Office
 



**Work Experience:** 
 0\-3 years
 



**Budget** 
 : Rs15,000–30,000 per month based on experience and interview performance
 



**Start Date:** 
 Immediate
 



  





**About Artha Dhaara Ventures** 




 Artha Dhaara Ventures is a venture studio that partners hands\-on with promising startups and MSMEs to help them grow from 0 → 1 → 10\. We work across the lifecycle—from greenfield project planning and fundraising to product development and go\-to\-market strategy. Our mission is to strengthen Odisha’s startup and MSME ecosystem, using the power of hands\-on execution and AI.
 



  





 We don’t care where you studied, if you can code, or if you’ve worked in sales before.
 



 We do care if you are a self\-starter and willing to learn AI tools such as Zapier and Claude to solve real\-world problems and automate workflows. We’ll show you how—if you bring the drive.
 



  





**Your Responsibilities** 




 Our client manufactures defect kits for injectable drug manufacturers, used in training visual inspection teams across regulated markets.
 



**A.   Lead Generation \& Outreach** 




 ·       Build a pipeline of qualified international leads using LinkedIn, email, and trade directories
 



 ·       Run A/B tests on messaging strategies to optimize response rates
 



 ·       Use tools like HubSpot/Zoho/Google Sheets to manage outreach campaigns
 



 ·       Track and report key outreach metrics (open rate, response rate, conversion)
 



**B.   Market Research \& Sales Support** 



* Identify global target markets, distributors, and customer segments
* Prepare pitch decks, product briefs, and client\-facing material
* Support planning and logistics for expos, events, and travel
* Stay up to date on competitor activity, product pricing, and market shifts



**C.   Growth Exposure (Over Time)** 



* Opportunity to represent the firm at international expos and client meetings
* Coordinate product demos and implementation with R\&D teams
* Feed market insights back into product and strategy
* Contribute new business ideas and cross\-border initiatives



**D.   Any other task deemed necessary for the business** 




  





**Who Should Apply** 




 You, if you have:
 


* 0–3 years of experience in B2B sales, exports, or startup operations
* Strong written and spoken English
* Curiosity to learn new tools, run experiments, and iterate fast
* Exposure to pharma or international markets is a bonus
* A graduate degree. BA to MBA, we are open to all applications.



**Most importantly:** 
 You’re a self\-starter who wants to punch above your weight and grow exponentially.
 



  





**What We Promise You** 




 If you're curious, entrepreneurial, and hungry to grow, this role will give you front\-row access to international business development and venture building.
 







* Mentorship directly from the founder (IIT Roorkee alumnus)
* A culture of experimentation, learning, and ownership
* You’ll have to juggle ambiguity, but you’ll also see your work impact deals and decisions daily.
* Opportunity to grow into leadership roles across exports, product, and strategy
* An inclusive workplace where all backgrounds are welcome
* A steep learning curve—yes. But also, high\-growth, high\-reward.



  





**Selection Process** 



1. Fill a short online screening form
2. Round 2 \& 3: Interview with founder and core team
3. Offer rollout



*“We are building a special place for curious minds.* 




*If you think you can learn fast and execute faster—we want you”*"	jobspy		entry level	Sales and Business Development	Holding Companies	https://in.linkedin.com/company/artha-dhaara-ventures	https://media.licdn.com/dms/image/v2/D560BAQEb9MBevlc1IA/company-logo_100_100/company-logo_100_100/0/1738583731795?e=2147483647&v=beta&t=zTkRoVcxs3D2yf_XjDCPLLl4zOWQ2Q61ezcfzydGCIQ
li-4205077535	linkedin	https://www.linkedin.com/jobs/view/4205077535	Senior Performance Marketing Specialist	Uplers	Bhubaneswar, Odisha, India		fulltime	True		"**Experience** 
 : 6\.00 \+ years
   

  

**Salary** 
 : INR 1200000\-1600000 / year (based on experience)
   

  

**Shift** 
 : (GMT\+05:30\) Asia/Kolkata (IST)
   

  

**Opportunity Type** 
 : Remote
   

  

**Placement Type** 
 : Full time Permanent Position
   

  

**(\*Note: This is a requirement for Uplers)
   

  

**What do you need for this opportunity?
   

  

**Must have skills required:**
 Google Ads, Meta Ads, CRO, GTM, Google Analytics, GA4, Instagram Ads, Tiktok Ads, Shopping Ads, marketing automation, Campaign Optimization
   

  

**Uplers is Looking for:******
 We're seeking a results\-oriented Performance Marketing Lead to join our dynamic team! You'll be responsible for creating and executing data\-driven campaigns across Google Search Ads, Shopping Ads, Meta (Facebook \& Instagram Ads), CRO and TikTok Ads. Your strategic vision and analytical skills will be crucial in driving brand awareness, lead generation, and revenue growth while optimizing spend and maximizing ROI.
   

  

**Key Responsibilities:**
**Campaign Management:**
* Develop and execute high\-performing search and shopping campaigns on Google Ads, focusing on achieving client KPIs (key performance indicators).
* Manage and optimize Meta ad campaigns, tailoring strategies to each platform's unique audience and functionalities.
* Conduct thorough keyword research and utilize negative keywords to optimize campaign targeting and budget efficiency.
* Continuously monitor campaign performance, analyse data, and make data\-driven adjustments to maximize ROI.
* Stay up\-to\-date on the latest Google Ads, Meta Ads, and TikTok Ads best practices and algorithm updates.


**Strategic Planning \& Analysis:**
* Collaborate with the creative team to build new age creative strategies aligned with client goals and business objectives.
* Conduct competitor analysis to identify opportunities and develop competitive advantage.
* Utilize A/B testing to optimize ad copy, landing pages, and campaign structures for maximized conversions.
* Provide regular performance reports that showcase campaign effectiveness and ROI.


**Research \& Problem\-Solving:**
* Utilize a problem\-solving approach to identify potential campaign roadblocks and recommend solutions.
* Conduct in\-depth research to understand client KPIs and economic factors that might be impacting campaign performance.
* Stay informed about industry trends and adapt strategies based on market shifts.


**Qualifications:**
* 6\+ years of experience in performance marketing, with a focus on paid search advertising (Google Ads) and social media advertising,
* Indepth understanding of required technologies in Digital marketing
* Proven track record of successfully managing and optimizing paid advertising campaigns across Google Ads, Meta Ads and Pmax and lead gen
* 3\+ Years with proven record in CRO
* A good understanding of GTM/GA to implement/test conversion tracking
* Strong analytical skills with the ability to interpret and use data to inform decision\-making.
* Excellent communication and presentation skills to convey complex data insights to clients and stakeholders.
* A strategic mindset and a passion for exploring new trends and optimizing campaigns.
* Growth hacking mindset to scale the client business and delivery optimum return on media investment
* Experience with Google Analytics and other marketing analytics platforms.
* Experience with marketing automation tools.
* A passion for Fashion and understanding of its marketing landscape.


**How to apply for this opportunity?**
* Step 1: Click On Apply! And Register or Login on our portal.
* Step 2: Complete the Screening Form \& Upload updated Resume
* Step 3: Increase your chances to get shortlisted \& meet the client for the Interview!


**About Uplers:**
 Our goal is to make hiring reliable, simple, and fast. Our role will be to help all our talents find and apply for relevant contractual onsite opportunities and progress in their career. We will support any grievances or challenges you may face during the engagement.
   

  

 (Note: There are many more opportunities apart from this on the portal. Depending on the assessments you clear, you can apply for them as well).
   

  

 So, if you are ready for a new challenge, a great work environment, and an opportunity to take your career to the next level, don't hesitate to apply today. We are waiting for you!"	jobspy	https://ats.uplers.com/talent/all-opportunities/HR1173677708328927?source=VzFyamdhb3NHY3o1b2h0bWY2dGhkZz09&src=Auto-Linkedin&urlHash=e0PH	mid-senior level	Marketing and Sales	Technology, Information and Internet	https://in.linkedin.com/company/weareuplers	https://media.licdn.com/dms/image/v2/C560BAQG6KMZp1zAiTA/company-logo_100_100/company-logo_100_100/0/1630605289074/weareuplers_logo?e=2147483647&v=beta&t=8ec1IPpKhoAr3aPORgJamp0Y2X8727Oqs_lSTjjrzgY
li-4205072842	linkedin	https://www.linkedin.com/jobs/view/4205072842	Senior Performance Marketing Specialist	Uplers	Cuttack, Odisha, India		fulltime	True		"**Experience** 
 : 6\.00 \+ years
   

  

**Salary** 
 : INR 1200000\-1600000 / year (based on experience)
   

  

**Shift** 
 : (GMT\+05:30\) Asia/Kolkata (IST)
   

  

**Opportunity Type** 
 : Remote
   

  

**Placement Type** 
 : Full time Permanent Position
   

  

**(\*Note: This is a requirement for Uplers)
   

  

**What do you need for this opportunity?
   

  

**Must have skills required:**
 Google Ads, Meta Ads, CRO, GTM, Google Analytics, GA4, Instagram Ads, Tiktok Ads, Shopping Ads, marketing automation, Campaign Optimization
   

  

**Uplers is Looking for:******
 We're seeking a results\-oriented Performance Marketing Lead to join our dynamic team! You'll be responsible for creating and executing data\-driven campaigns across Google Search Ads, Shopping Ads, Meta (Facebook \& Instagram Ads), CRO and TikTok Ads. Your strategic vision and analytical skills will be crucial in driving brand awareness, lead generation, and revenue growth while optimizing spend and maximizing ROI.
   

  

**Key Responsibilities:**
**Campaign Management:**
* Develop and execute high\-performing search and shopping campaigns on Google Ads, focusing on achieving client KPIs (key performance indicators).
* Manage and optimize Meta ad campaigns, tailoring strategies to each platform's unique audience and functionalities.
* Conduct thorough keyword research and utilize negative keywords to optimize campaign targeting and budget efficiency.
* Continuously monitor campaign performance, analyse data, and make data\-driven adjustments to maximize ROI.
* Stay up\-to\-date on the latest Google Ads, Meta Ads, and TikTok Ads best practices and algorithm updates.


**Strategic Planning \& Analysis:**
* Collaborate with the creative team to build new age creative strategies aligned with client goals and business objectives.
* Conduct competitor analysis to identify opportunities and develop competitive advantage.
* Utilize A/B testing to optimize ad copy, landing pages, and campaign structures for maximized conversions.
* Provide regular performance reports that showcase campaign effectiveness and ROI.


**Research \& Problem\-Solving:**
* Utilize a problem\-solving approach to identify potential campaign roadblocks and recommend solutions.
* Conduct in\-depth research to understand client KPIs and economic factors that might be impacting campaign performance.
* Stay informed about industry trends and adapt strategies based on market shifts.


**Qualifications:**
* 6\+ years of experience in performance marketing, with a focus on paid search advertising (Google Ads) and social media advertising,
* Indepth understanding of required technologies in Digital marketing
* Proven track record of successfully managing and optimizing paid advertising campaigns across Google Ads, Meta Ads and Pmax and lead gen
* 3\+ Years with proven record in CRO
* A good understanding of GTM/GA to implement/test conversion tracking
* Strong analytical skills with the ability to interpret and use data to inform decision\-making.
* Excellent communication and presentation skills to convey complex data insights to clients and stakeholders.
* A strategic mindset and a passion for exploring new trends and optimizing campaigns.
* Growth hacking mindset to scale the client business and delivery optimum return on media investment
* Experience with Google Analytics and other marketing analytics platforms.
* Experience with marketing automation tools.
* A passion for Fashion and understanding of its marketing landscape.


**How to apply for this opportunity?**
* Step 1: Click On Apply! And Register or Login on our portal.
* Step 2: Complete the Screening Form \& Upload updated Resume
* Step 3: Increase your chances to get shortlisted \& meet the client for the Interview!


**About Uplers:**
 Our goal is to make hiring reliable, simple, and fast. Our role will be to help all our talents find and apply for relevant contractual onsite opportunities and progress in their career. We will support any grievances or challenges you may face during the engagement.
   

  

 (Note: There are many more opportunities apart from this on the portal. Depending on the assessments you clear, you can apply for them as well).
   

  

 So, if you are ready for a new challenge, a great work environment, and an opportunity to take your career to the next level, don't hesitate to apply today. We are waiting for you!"	jobspy	https://ats.uplers.com/talent/all-opportunities/HR1173677708328927?source=VzFyamdhb3NHY3o1b2h0bWY2dGhkZz09&src=Auto-Linkedin&urlHash=e0PH	mid-senior level	Marketing and Sales	Technology, Information and Internet	https://in.linkedin.com/company/weareuplers	https://media.licdn.com/dms/image/v2/C560BAQG6KMZp1zAiTA/company-logo_100_100/company-logo_100_100/0/1630605289074/weareuplers_logo?e=2147483647&v=beta&t=8ec1IPpKhoAr3aPORgJamp0Y2X8727Oqs_lSTjjrzgY
li-4218086547	linkedin	https://www.linkedin.com/jobs/view/4218086547	Senior Research Fellow (SRF) at NIT Rourkela	NIT -Rourklea	Sundargarh, Odisha, India		contract	False	hiremaths@nitrkl.ac.in, hiremaths@nitrkl.ac.in	"Dear All,
 



 Greetings from the Department of Electronics and Communication Engineering, NIT Rourkela.
 



 We are pleased to invite applications for the post of 
 **Senior Research Fellow (SRF)** 
  under a prestigious research project funded by the 
 **Department of Telecommunications (DOT), Government of India** 
 , titled:
 



 🎯 
 **“Design and Development of Deep Learning\-based Secure Joint Channel Estimation and Feedback Algorithms for 6G”** 



 📌 Key Details:
 * **Number of Positions:** 
  02
* **Duration:** 
  Up to December 2027 (subject to project continuation)
* **Monthly Fellowship:** 
  ₹42,000/\-
* **Mode of Interview:** 
  
 **Offline**
* **Interview Date:** 
  
 **May 20, 2025, 4:00 PM**
* **Last Date to Apply:** 
  
 **May 19, 2025**
* **Department:** 
  Electronics and Communication Engineering, NIT Rourkela


 🎓 
 **Eligibility Criteria:** 
* M.Tech/M.E/MS or equivalent in ECE, EE, CSE, Telecommunication, AI/ML, VLSI, etc.
* Or M.Sc./MCA with valid GATE/NET score
* Or B.Tech/B.E with valid GATE score
* Minimum 60% marks or 6\.5/10 CGPA throughout


 🧠 
 **Desired Skills:** 
* Strong background in Signal Processing, Wireless/MIMO Communication, Deep Learning
* Programming proficiency in Python, MATLAB, VHDL/Verilog, etc.
* Exposure to hardware (SDR, FPGA, RF\-Soc) and EDA tools preferred



 This opportunity also opens avenues for 
 **Ph.D. admission** 
 , subject to eligibility and institute norms.
 



 Interested candidates may reach out to the PI:
 



**Prof. Shrishailayya M Hiremath** 




 📧 Email: hiremaths@nitrkl.ac.in
 



 We request that you circulate this announcement widely among your networks and encourage eligible candidates to apply.
 



 The application can be found here: https://nitrkl.ac.in/SRICCE/Career
 



  





 Warm regards,
 



**Prof. Shrishailayya M Hiremath** 




 Department of Electronics and Communication Engineering
 



 National Institute of Technology
 



 Rourkela, PIN \- 769008
 



 ORISSA, INDIA
 



 hiremaths@nitrkl.ac.in
 



 Mob:9438503621
 



 Office:0661\-2462459"	jobspy	https://nitrkl.ac.in/SRICCE/Career&urlHash=cYSk	entry level	Research, Analyst, and Information Technology	Higher Education	https://in.linkedin.com/school/nit--rourklea/	https://media.licdn.com/dms/image/v2/C4D0BAQG5A1-5QevL6A/company-logo_100_100/company-logo_100_100/0/1631345603693?e=2147483647&v=beta&t=lmlHBXUqFvnQhc9hI9-voYoz4ca_a_fgv_bpK01-9M8
go--Lsr79npfZ29VDIhAAAAAA==	google	https://www.iitjobs.com/job/healthcare-data-analyst-bhubaneswar-odisha-india-scalable-systems-4245?utm_campaign=google_jobs_apply&utm_source=google_jobs_apply&utm_medium=organic	Healthcare Data Analyst	Scalable Systems	Bhubaneswar, Odisha	2025-04-28		False		Job Description: Data analysts are experts with strong understanding of data structures and analysis. They are responsible for ensuring requirements around the accuracy, quality, completeness, and timeliness of data are captured and understood. They work hand in hand with Data Modelers, Data Developers, Data Stewards and Business SMEs to ensure the customer's data needs are accurately captured, understood and delivered. The Data Analyst III leads other data analysts on projects to ensure the development of a plan for and adequate completion of data analysis and design and ensure the quality of data specifications. In addition, the Data Analyst III reviews the work and ensures the quality of the team's deliverables. This role requires analytical skills related to Data Science or Actuarial.Responsibilities:Directly interacts with more senior level internal and external stakeholders (i.e. Managers, Directors, etc.).Act as a subject matter expert in one or more designated data domains.Play a lead role in Data Governance Domain Workgroups as domain SME.Partners with BSG and business to define & document data related requirements, and settle deliverables and deadlines, utilizing negotiation and creativity independently.Lead and provide direction to data analysts.Translate highly complex concepts and conclusions in a clear and concise manner in ways that can be understood by a variety of audiences.Lead and own the analysis of highly complex data sources, identifying trends and patterns in data and make recommendations based on analysis results.Perform root cause analysis on complex data anomalies and working closely data stewards to define best practice.Facilitate review sessions with management, business users and other team members.Direct and review the work of other Data Analysts.Coach and mentor junior analysts.Provide estimates for work efforts on projects.Oversees the creation of data assessments and project deliverables.Development of best practices, guidelines and standards for Data Governance, Data Quality and Data Integration.Qualifications:Education: Requires Bachelor's degree from an accredited college or university, preferably in a Quantitative Field (e.g. Actuarial, Analytics, Data Science, Mathematics, Engineering, Public Health, Data Science Information Systems, Statistics, etc.).MS/MA preferred.Experience:10+ Years of relevant work experience.8+ Years in Data Analysis or data related roles.6+ Years of Healthcare experience.Additional Licensing, Certifications, Registrations.Experience with Healthcare data formats such as X12, HL7, NCPDP, etc.Experience with Industry Data Models such as ADRM, IBM IIW/HPDM or Teradata Healthcare Data Model.Experience with Metadata management processes and tools (Glossary, Lineage, Mapping, etc.).Knowledge of, and experience, with database management system (DBMS) physical implementation, including tables, joins and views, specifically Teradata, Oracle, Greenplum, Vertica, etc.Knowledge of Big Data concepts and platforms such as Hadoop.Knowledge of NoSQL data stores such as MongoDB, Neo4J, Cassandra, Redis, etc.Experience with Data Warehouse and Data Marts.Excellent communication, interpersonal, presentation and facilitation skills.Excellent analytical and critical thinking skills with attention to detail.Proficiency using Query Tools such as AQT, TOAD, etc.Extremely strong SQL skills are required.Proficiency in analysis of very large data sets.Require ability to make decisions regarding data quality problems and make recommendations for higher level audience.Experience with Data Quality & Data Profiling metrics and tools.Knowledge and experience with Data Governance processes, policies and standards.Writing functional/mapping specifications for extracts and reports.Familiarity with the use cases, business purposes and quality of the data.Require the ability to lead multiple tasks.Require excellent organizational and time management skills.Demonstrates the ability to apply structure to a loosely defined problem.Strongly Desired Technical Skills:Informatica Data Analyst or other similar data analysis and profiling tools.Informatica Data Explorer or other similar tools.Master Data Management processes and platforms such as Initiate, Informatica MDM, IBM MDM, etc.Data Federation tools such as Teradata QueryGrid, Composite or Informatica DV.Other DBMS platforms such as Sybase, SQL Server, MS Access.Familiarity with reporting and analytics tools such as SAS, Tableau, Cognos, QlikView,Microstrategy, etc.	jobspy						
go-4q9MBb3F2C6H2I9WAAAAAA==	google	https://www.iitjobs.com/job/angular-bhubaneswar-odisha-india-triangle-92750?utm_campaign=google_jobs_apply&utm_source=google_jobs_apply&utm_medium=organic	Angular	Triangle	Bhubaneswar, Odisha	2025-04-28		False		Job Description:Strong in HTML, CSS, JavaScript, Angular 2+, Javascript, Typescript, NgRx, RxJS. (minimum 5 years into Angular experience required) Job Location:Bangalore, Pune, Bhubaneswar Experience:2.8 to 6years Skill:HTML, CSS, JavaScript, Angular 2+, Javascript, Typescript, NgRx, RxJS.	jobspy						
go-07taTgKVP00FtMP4AAAAAA==	google	https://www.iitjobs.com/job/lead-qc-manual-bhubaneswar-odisha-india-cozentus-technologies-pvt-ltd-27502?utm_campaign=google_jobs_apply&utm_source=google_jobs_apply&utm_medium=organic	Lead QC - Manual	Cozentus Technologies Pvt Ltd	Bhubaneswar, Odisha	2025-04-28		False		The ideal candidate must possess both manual and automation testing skills, adept at analyzing requirements, planning testing strategies, writing test cases, and liaising with teams and clients. They should have experience setting up automation frameworks, conducting various tests (security, performance), utilizing test management tools, understanding Java development, and working with DevOps tools. Additionally, they should be capable of defining processes, training teams, and working in Agile methodologies. Location: BhubaneswarExperience: 8- 12 years	jobspy						
go-0AUZ5ONV9xEtb6IBAAAAAA==	google	https://www.iitjobs.com/job/network-administrator-routing-protocols-bhubaneswar-odisha-india-fluentgrid-limited-11988?utm_campaign=google_jobs_apply&utm_source=google_jobs_apply&utm_medium=organic	Network Administrator - Routing Protocols	Fluentgrid Limited	Bhubaneswar, Odisha	2025-04-28		False		About the jobThis job is sourced from a job board. Learn MoreWe are looking IT Infra Positions for Data CenterRole : Network AdministratorLocation : BhubaneswarJob DescriptionRequired Skills : Should be able to Design, Install, Modify, Monitor and Maintain the Network and Computer Systems.Exceptional Analytical Skills Are Required to Trouble Shoot Issues and Deliver Secure, Creative, Value-Driven SolutionsEstablishes VPN, LAN, WAN and DMZ Specifications by Conferring With UsersAnalysing Workflow, Access, Information, and Security RequirementsDesigning Router Administration, Including Interface Configuration and Routing Protocols.Continually Improves the Networks by Monitoring and Evaluating Network Performance Issues Including Availability, Utilization, Throughput and Latency; Planning and Executing the SelectionInstallation, Configuration, and Testing of EquipmentDefining Network Policies and Procedures; Establishing Connections and Firewalls.Maintains Inventory of Equipment and Parts as Well as Documentation of Configurations, Standards and Vendor Activities.Protects Organizational Value by Keeping Information Confidential.Accomplishes Organization Goals by Accepting Ownership of Tasks and Requests;Exploring Opportunities to Add Value to Job Accomplishments.In-Depth Understanding of Communication Protocols (Mainly TCP/IP) and Routing Protocols (e.g. BGP, OSPF)Resolve Issues Tiers of Support Have Escalated by Troubleshooting Cloud and Local InfrastructureExperience With Network Diagnostic, Monitoring and Analysis Tools (e.g. SolarWinds Network Tools)Professional Certification (e.g. CCNP, CCNA)	jobspy						
go-OSIiReCugwk3w9qfAAAAAA==	google	https://in.linkedin.com/jobs/view/senior-graphic-designer-at-ame-corporation-4218990706?utm_campaign=google_jobs_apply&utm_source=google_jobs_apply&utm_medium=organic	Senior Graphic Designer	Ame Corporation	Bhubaneswar, Odisha	2025-04-24		False		"Role Description

This is a full-time on-site role for a Senior Graphic Designer located in Bhubaneswar. The Senior Graphic Designer will be responsible for graphics, graphic design, logo design, branding, typography, and other design-related tasks for various projects at AME Corporation and Prime Pay

Qualifications
• Graphics, Graphic Design, and Logo Design skills
• Branding and Typography expertise
• Experience in creating visually appealing designs
• Proficiency in design software such as Adobe Creative Suite
• Strong portfolio demonstrating design skills
• Bachelor's degree in Graphic Design or related field
• Ability to work collaboratively in a fast-paced environment
• Attention to detail and creativity"	jobspy						
go-jPKlNlfBhzSfDHtTAAAAAA==	google	https://www.iitjobs.com/job/senior-qc-engineer-automation-bhubaneswar-odisha-india-cozentus-technologies-pvt-ltd-27505?utm_campaign=google_jobs_apply&utm_source=google_jobs_apply&utm_medium=organic	Senior QC Engineer (Automation)	Cozentus Technologies Pvt Ltd	Bhubaneswar, Odisha	2025-04-23		False		Must have manual and automation testing experience, able to analyse requirements, plan for testing needs of project, write system test cases, interact with teams and clients, plan and execute testing of project. Test management tool usage and integration with automation toolsUnderstanding of development process for Java and related technologies is needed . Location: BhubaneswarExperience: 4-7 years	jobspy						
go-yHC5segLXsWfMPYxAAAAAA==	google	https://www.iitjobs.com/job/sap-sd-functional-consultant-implementation-amp-support-bhubaneswar-odisha-india-rigel-networks-42511?utm_campaign=google_jobs_apply&utm_source=google_jobs_apply&utm_medium=organic	SAP SD Functional Consultant - Implementation & Support	Rigel Networks	Bhubaneswar, Odisha	2025-04-23		False		ResponsibilitiesMinimum Requirements	jobspy						
go-u89OaTlgGEH1hPDYAAAAAA==	google	https://www.iitjobs.com/job/tableau-developerbi-bhubaneswar-odisha-india-bodhtree-consulting-ltd-84699?utm_campaign=google_jobs_apply&utm_source=google_jobs_apply&utm_medium=organic	Tableau Developer(BI)	Bodhtree Consulting Ltd	Bhubaneswar, Odisha	2025-04-22		False		1. Analyze, design, develop, document, test, and deploy BI solutions2. Translate data into meaningful operational insights3. Enhance and support existing solutions4. Translate business needs to technical specifications5. Create engaging visualizations and reports for requested projects6. Maintain and support the analytics platform7. Develop and execute database queries and conduct analyses8. Develop and maintain technical documentation9. Implement best practices for optimum use, performance, and maintainability.	jobspy						
go-le7p3_g65DaZ7652AAAAAA==	google	https://www.iitjobs.com/job/full-stack-software-engineer-bhubaneswar-odisha-india-intersources-inc-81846?utm_campaign=google_jobs_apply&utm_source=google_jobs_apply&utm_medium=organic	Full Stack Software Engineer	InterSources Inc	Bhubaneswar, Odisha	2025-04-22		False		Responsibilities:• Design scalable, resilient, and cost-effective UI and Back-end solutions• Execute Unit Development, Unit Testing, and Integration activities for UI and Back-end functions supporting DSG's Data Privacy and Synthetic Fraud products.• Develop comprehensive design blueprints and documentation, including system diagrams, technical specifications, and implementation plans.• Partner with Sales, Marketing and Product teams on understanding customer requirements and supporting them throughout the sales lifecycle.• Work closely with the Customer Implementation and Support Manager on implementing Data Safeguard products within the customer environment.Qualifications:• Bachelor's degree/Masters/MS in Computer Science, Information Technology, or a related field.• 8+ years of experience developing and testing software applications.• 5+ years of experience using UI based technologies such as JavaScript, React and/or Next JS• 5+ years of experience with scripting languages such as Python, GO, Ruby, PERL• 5+ years of experience with Continuous Integration/Continuous Deployment (CI/CD)• 5+ years of experience using Agile methodology.• 3+ years of experience implementing products at customer sites.• Excellent written and oral communication.• Hands-on experience developing custom file viewers.• Experience with web development frameworks, databases, and version control systems.• Hands-on experience with integrating the front end with the back end using REST API's	jobspy						
go-TN3DmUxv0XliZ62HAAAAAA==	google	https://www.iitjobs.com/job/plsql-developer-bhubaneswar-odisha-india-bodhtree-consulting-ltd-84698?utm_campaign=google_jobs_apply&utm_source=google_jobs_apply&utm_medium=organic	PL/SQL Developer	Bodhtree Consulting Ltd	Bhubaneswar, Odisha	2025-04-22		False		1. Develop, debug, and optimize PL/SQL scripts for data transformation and integration2. Rewriting queries and PL/SQL code to improve efficiency, scalability, and response time3.Write and maintain scripts for data extraction, transformation, and loading (ETL) between various databases and systems.Perform data migration, ensuring data integrity during the process.4. Perform root cause analysis and troubleshoot database issues, including application performance, errors, and system downtime.5.Resolve database-related issues by performing recovery, patching, and upgrading.6. Work closely with other developers, DBAs (Database Administrators), business analysts, and project managers to deliver high-quality solutions.7. Participate in code reviews, peer programming, and provide mentoring to junior developers8.Deep understanding of Oracle Database (version 11g, 12c, or higher), its architecture, and features like tablespaces, indexes, constraints, etc.9.Experience working with Oracle database tools like SQL*Plus, SQL Developer, TOAD, and Oracle Enterprise Manager.	jobspy						
go-Soqfjq3g3NtmcpGLAAAAAA==	google	https://in.linkedin.com/jobs/view/associate-at-nalco-4218931700?utm_campaign=google_jobs_apply&utm_source=google_jobs_apply&utm_medium=organic	Associate	Nalco	Odisha	2025-04-20		False		"Company Description
TATA AIGGENERALINSURANCE.

Role Description

This is a full-time on-site role for an Associate located in Odisha, India. The Associate will be responsible for a variety of tasks, including supporting various projects, conducting research, coordinating with team members, and communicating with clients. The role also involves data entry, report generation, and maintaining accurate records. The Associate will work closely with supervisors to ensure that all tasks are completed efficiently and effectively.

Qualifications
• Strong organizational and time management skills
• Effective communication and interpersonal skills
• Proficiency in data entry and report generation
• Ability to work collaboratively with team members
• Problem-solving skills and attention to detail
• Experience with project coordination and client communication
• Proficiency in Microsoft Office Suite and relevant software tools
• B-Tech in a relevant field or equivalent experience"	jobspy						
go-AiXhf-h4j9DxsPv_AAAAAA==	google	https://in.linkedin.com/jobs/view/business-manager-sales-at-livspace-4217778086?utm_campaign=google_jobs_apply&utm_source=google_jobs_apply&utm_medium=organic	Business Manager - Sales	Livspace	Bhubaneswar, Odisha	2025-04-20	contract	False		"About Us

Livspace is Asia’s largest and fastest-growing omnichannel home interiors and renovation platform. Using its proprietary technology, Livspace provides a one-stop renovation solution for homeowners—from design to managed last mile fulfillment for all rooms in a home. The platform has organized a fragmented industry, bringing together designers, brands, manufacturers, and contractors to enable an eCommerce-like trusted, and predictable experience.

The company launched operations in Bengaluru, India in 2015. Since its inception, Livspace has organized a fragmented industry, bringing together a curated community of designers, brands, manufacturers and contractors. This has resulted in an e-commerce-like trusted and predictable experience for the homeowners. Livspace boasts of a community of 50000+ satisfied customers and over 2000 interior designers.

The company is already the largest employer of interior designers in the country. Livspace currently serves Singapore, Malaysia, Saudi Arabia as well as 30 metro and non-metro areas in India including - Bengaluru, Chennai, Delhi, Noida, Gurgaon, Mumbai, Thane, Pune, Hyderabad, Kolkata, Ahmedabad, Kochi, Jaipur, Lucknow, Indore, Surat, Coimbatore, Mysore, Mangalore, Vizag, Vijayawada.

Livspace has showcased phenomenal growth since its launch, having delivered over 125,000 rooms and selling over 7.5 million SKUs through its platform. The company also delivered 50,000 homes across all our serviceable locations.

The founders - Anuj Srivastava and Ramakant Sharma are former Google and Myntra executives respectively, who are seasoned entrepreneurs and successful angel investors. Livspace’s leadership team combines world-class talent and entrepreneurial experience gathered at some of the best companies in the world.

Livspace has raised around USD 450 million in capital from some of the top global investors including KKR, Ingka Group Investments (part of largest IKEA retailer Ingka Group), TPG Growth, Goldman Sachs, Kharis Capital, Venturi Partners, FFP (Peugeot Group’s Holding Company), EDBI, Bessemer Venture Partners, Jungle Ventures, Helion Ventures and UC-RNT. For more information, please visit: ""https://www.livspace.com/""

Job Description

In the role of a Business Manager - Sales, you will be required to own the sales funnel & drive sales closure. You will need to achieve sales target on projects month on month through a team of 6 to 10 designers.
• Enure sales funnel management to achieve a higher conversion rate output.
• Target and achieve of 12 to 15 projects a month, by ensuring new projects bookings.
• Responsible for Customer Experience & Relationship Management.
• Training designers to esnure sales & enabling them to achieve their targets.

Job Requirement
• Bachelor's Qualification: B-Arch (preferred) | If any other, then with relevant industry exposure.
• 5+ years of relevant work-experience in B2C Business Development and Growth.
• Managerial experience of minimum 12 months leading a team."	jobspy						
go-kR9P4gVt4pMRd_axAAAAAA==	google	https://www.iitjobs.com/job/java-senior-software-developer-bhubaneswar-odisha-india-cozentus-technologies-pvt-ltd-27498?utm_campaign=google_jobs_apply&utm_source=google_jobs_apply&utm_medium=organic	Java Senior Software Developer	Cozentus Technologies Pvt Ltd	Bhubaneswar, Odisha	2025-04-20		False		The responsibilities entail designing software solutions to address security vulnerabilities, contributing to architectural aspects, maintaining technical documentation, advising on secure coding practices, and staying updated with new tools and practices. Proficiency in Java (J2EE), Oracle database, Spring Framework, HTML, CSS, JavaScript, Angular, and Bootstrap is essential.Location: BhubaneswarExperience: 4-7 years	jobspy						
go-6ho4s7ARoqVBOJrLAAAAAA==	google	https://in.linkedin.com/jobs/view/academic-counsellor-in-andhra-pradesh-tamil-nadu-karnataka-odisha-begumpet-rajasthan-maharashtra-telangana-kolkata-hyderabad-raipur-nagpur-at-wemakescholars-4219933594?utm_campaign=google_jobs_apply&utm_source=google_jobs_apply&utm_medium=organic	Academic Counsellor in Andhra Pradesh, Tamil Nadu, Karnataka, Odisha, Begumpet, Rajasthan, Maharashtra, Telangana, Kolkata, Hyderabad, Raipur, Nagpur	WeMakeScholars	Odisha	2025-04-17		False		"Key Responsibilities
• Get trained on the process of scholarship and admission in various countries
• Help students secure admits and scholarships for their higher studies abroad
• Understand student profiles and requirements upon their application
• Shortlist appropriate scholarships and universities for each student
• Write scholarship essays and Statements of Purpose (SOP) for students
• Track and manage deadlines for your portfolio of students
• Interact with students via phone or email, dedicating 3-4 hours a day for calls

About Company: WeMakeScholars is a Hyderabad-based fintech startup specializing in education loans and scholarships. Established seven years ago, we collaborate closely with major banks and NBFCs in India, including SBI, Axis Bank, and ICICI Bank, to simplify the education loan application process for students and parents. While we do not directly provide loans, we ensure a seamless and hassle-free experience. As market leaders in the education finance segment, we currently partner with over 14 financial institutions, a number that continues to grow. Last year, we facilitated the disbursement of approximately 10,000 crore in student loans, and we anticipate even higher volumes this year."	jobspy						
go-HA9RohELhCVuSUurAAAAAA==	google	https://www.iitjobs.com/job/aiml-software-engineer-bhubaneswar-odisha-india-intersources-inc-81845?utm_campaign=google_jobs_apply&utm_source=google_jobs_apply&utm_medium=organic	AI/ML Software Engineer	InterSources Inc	Bhubaneswar, Odisha	2025-04-17		False		We are currently seeking an experienced AI/ML Engineer to join our dynamic Engineering organization. As a key contributor, you will play a vital role in advancing our suite of products, leveraging your expertise in machine learning to develop and implement cutting-edge solutions.Candidates should also have extensive experience working with customers to implement product solutions within the customers environment (e.g., On Prem or Cloud)Responsibilities:• Develop and implement machine learning models and algorithms in collaboration with the AI/ML team.• Drive data pre-processing, feature engineering, and model evaluation to ensure the accuracy and efficiency of solutions.• Conduct rigorous experiments, analyze results, and provide actionable insights to enhance model performance and effectiveness.• Optimize model performance with large-scale datasets, employing advanced techniques and methodologies.• Spearhead the integration of AI/ML models into our product ecosystem, seamlessly merging them into product features.• Stay abreast of the latest advancements in AI/ML technologies, actively contributing to the team's knowledge base and fostering innovation.• Partner with Sales, Marketing and Product teams on understanding customer requirements and supporting them throughout the sales lifecycle.• Work closely with the Customer Implementation and Support Manager on implementing Data Safeguard products within the customers environment.Qualifications:• Bachelor's or Master's degree in Computer Science, Data Science, or a related field.• 5+ years of hands-on experience in developing, deploying and testing machine learning solutions.• 5+ years of experience with scripting languages such as Python and with machine learning libraries such as TensorFlow, PyTorch, and scikit-learn.• 5+ years of experience with Continuous Integration/Continuous Deployment (CI/CD)• 5+ years of experience using Agile methodology.• 3+ years of experience implementing products at customer sites.• Demonstrated expertise in data pre-processing, feature engineering, and model evaluation techniques	jobspy						
go-Oc1Xmoc-mD1UFCUEAAAAAA==	google	https://www.iitjobs.com/job/business-intelligence-developer-sas-bhubaneswar-odisha-india-scalable-systems-4248?utm_campaign=google_jobs_apply&utm_source=google_jobs_apply&utm_medium=organic	Business Intelligence Developer (SAS)	Scalable Systems	Bhubaneswar, Odisha	2025-04-17		False		Job Description: A SAS Business Intelligence Developer is responsible for performing all phases of reporting; including report design, measure development, data collection, summarization, documentation and validation to support the information needs of analysts, management, staff and providers. The Business Intelligence Developer exercises independent judgment, strong commitment to team work, exceptional customer service while working collaboratively with business users throughout the organization. A Business Intelligence Developer utilizes strong analytical and problem solving skills to accurately interpret and execute business requirements producing meaningful, actionable products. Proficiency with reporting tools, such as Crystal Reports, and database structures and content is needed.Responsibilities:Qualifications:Collaborate with cross functional teams to gather and document BI requirementsAnalyze BI requirements and design/develop Cognos Reporting solutions to support standard reporting, Dashboard and self-service environment.Will be the primary contact for questions about existing reports and DashboardsPerformance tuning to ensure reports function within acceptable parametersCollaborate with stakeholders to define the business layer and presentation layer of the BI Model that is business friendly and supports a self-service environment.Analyze requirements and architect appropriate solutions, with detailed design documentsReview the current architecture and recommend changes as appropriateEnsure documentation is up to dateEducation: Associate's Degree in a Related Field or Bachelor's Degree in a Related Field.Experience:5+ years of experience. Most recent experience must be Business Intelligence focused with at least five years of hands on experience in dashboard and report development using SAS VA and EG.Strong communication skills, with prior experience in requirements gathering and working with SMEs and Stakeholders at various leadership levels.Hands on Framework Manager Dimensional Modeling, Transformer cube, Design and DevelopmentHands on Dashboard, and report development experienceProven experience in scripting (Java Scripting/JQuery) to extend SAS CapabilitiesExcellent performance tuning and trouble shooting skillsEffective verbal, written and interpersonal communicationStrong grasp of relational Database principles, OLTP, OLAP, 3NF, Star-SchemaDemonstrable experience in Dashboards, KPI, Scorecards, mobile, Operational and Business Intelligence Prior experience in leading a BI TeamPreferred:Experience in business areas such as finance, marketing, Healthcare or operations.Computer skills including Windows-based applications (e.g., Word, Excel, PowerPoint, Visio, Outlook, etc) or other online collaborative tools.Knowledge and understanding of database theory and practice, database structures, query languages, and concepts.Experience with one or more reporting tools (e.g. Crystal, Access, SQL, Tableau, SAS, QlikView) used to fill data/information requests. Working knowledge for database applications or reporting tools.Ability to create, manipulate and report from various data sources. Basic analytical, critical thinking, and problem solving abilities.Ability to interpret data, identify trends, and anomalies.Strong communication skills (written and oral). Demonstrated commitment to team work and exceptional customer service.Ability to work in ambiguous situations under pressure.Ability to maintain a professional demeanor and appearance at all times.Ability to manage multiple tasks and track issues on a daily basis.	jobspy						
go-aCwS5k9tmMzYfoU1AAAAAA==	google	https://in.linkedin.com/jobs/view/team-leader-at-netambit-4218583253?utm_campaign=google_jobs_apply&utm_source=google_jobs_apply&utm_medium=organic	Team Leader	NetAmbit	Jatni, Odisha	2025-04-16		False	bablu.pathak@netambit.net	"This job is provided by apna.co Process: Gpay

Designation: Team Leader

Company: Netambit ValueFirst Services Pvt Ltd
• Experience: 2-5 years in Team Leader Direct sales/ B2B Sales/ Merchant Acquisition / Retail Sales (Not Stores experience) Telecom Sales/ Digital Payment.

Field sales & Team handling experience is must.

Digital Payments & Telecom Sales Experience Will Be Preferred.
• Only QR+Sound box installation experience candidate share cv

Interested candidate share your Cv bablu.pathak@netambit.net $ 6202572748

Job Responsibilities
• Develop strategy for acquisition of merchants, retailers from various segments.
• Responsible for sourcing, generating; closing new acquisition & activations signing leads.
• Will be managing the team of direct sales people.
• Coach & mentor th…"	jobspy						
go-KTr0zofbUUBXtAbVAAAAAA==	google	https://www.iitjobs.com/job/database-lead-bhubaneswar-odisha-india-cozentus-technologies-pvt-ltd-27507?utm_campaign=google_jobs_apply&utm_source=google_jobs_apply&utm_medium=organic	Database Lead	Cozentus Technologies Pvt Ltd	Bhubaneswar, Odisha	2025-04-16		False		Proficient in MYSQL database with the ability to independently tackle intricate design and development tasks. Capable of comprehending requirements and delivering on database design, queries, stored procedures, triggers, and functions. Skilled in crafting complex SQL queries and business logic, performing database design, and optimizing query and database performance. Strong English communication skills.Location: BhubaneswarExperience: 6-10 years	jobspy						
go-1YDW2GDl7xYN55FPAAAAAA==	google	https://in.linkedin.com/jobs/view/medical-practitioner-at-pvt-hospital-4218356930?utm_campaign=google_jobs_apply&utm_source=google_jobs_apply&utm_medium=organic	Medical Practitioner	Pvt hospital	Puri, Odisha	2025-04-14		False		"Company Description

A reputed super speciality hospital in Puri Odisha

Role Description

This is a full-time on-site role for a Medical Practitioner(MBBS) at Pvt hospital located in Puri. The Medical Practitioner will be responsible for diagnosing and treating patients, prescribing medications, performing medical procedures, and collaborating with other healthcare professionals to provide comprehensive patient care.

Qualifications
• Medical Degree and valid license to practice as a Medical Practitioner
• Strong diagnostic and decision-making skills
• Excellent communication and interpersonal abilities
• Experience in patient care and treatment planning
• Knowledge of electronic medical records systems
• Ability to work in a fast-paced environment
• Icu and casualty experience is a plus
• Good remuneration with hike as per performance.
• 0-2years min experience.

Contact No : 9777547940"	jobspy						
go-I2kgJEOj5hR12ZKFAAAAAA==	google	https://in.linkedin.com/jobs/view/sales-officer-sales-representative-at-balaji-wafers-pvt-ltd-4219879684?utm_campaign=google_jobs_apply&utm_source=google_jobs_apply&utm_medium=organic	Sales Officer / Sales Representative	Balaji Wafers Pvt.Ltd.	Jharsuguda, Odisha	2025-04-13		False	sarveshkumarjha@balajiwafers.com	"Company Description

Balaji Wafers Pvt. Ltd. specializes in manufacturing potato wafers and Indian ethnic snacks like aloosev, moong dal, chana dal, tikha mitha mix under the brand name of ""BALAJI."" The company currently operates two manufacturing units in Gujarat and is expanding into the north and south regions.

Role Description

This is a full-time on-site role for a Sales Officer/Sales Representative located in Jharsuguda. The Sales Officer will be responsible for customer service, lead generation, communication, sales operations, and channel sales on a day-to-day basis.

Qualifications
• Customer Service and Communication skills
• Lead Generation and Sales Operations skills
• Experience in Channel Sales
• Strong interpersonal and negotiation skills
• Ability to work independently and as part of a team
• Previous sales experience is preferred
• Bachelor's degree in Business Administration or related field

Email: sarveshkumarjha@balajiwafers.com"	jobspy						
go-34JpjlrKV4wRibCsAAAAAA==	google	https://in.linkedin.com/jobs/view/security-and-loss-prevention-specialist-inslp-at-amazon-4219803760?utm_campaign=google_jobs_apply&utm_source=google_jobs_apply&utm_medium=organic	Security and Loss Prevention Specialist, INSLP	Amazon	Bhubaneswar, Odisha	2025-04-09		False		"Description

INSLP (Security & Loss Prevention) is hiring an SLP Specialist to support growth of the “SLP MDR Concessions Abuse Program” and help preventing losses via identification of abusive entity. The program is aimed at identifying and eliminating Concessions Abuse while preserving customer trust.

The primary objective of the SLP Specialist is to provide security services, investigation and asset protection in designated area of responsibility, assist in mitigating product loss, and maintain customer satisfaction in accordance with INSLP guidelines and policies. The role is cross-functional and requires deep collaboration and influencing ability with stakeholders from business and corporate functions. SLP Specialist's day-to-day activities involve planning, organizing, coordinating, implementing and executing process and procedures laid down by the organization and the SLP function.

As a part of the SLP MDR Concessions Abuse program, the SLP Specialist is required to deep dive into the Concessions request raised by customer, and conduct end-to-end investigation across customer, DA/network and seller to identify the abusive entity. SLP has outlined frameworks for investigation, and the SLP Specialist is bound to adhere to the investigation guidelines. Along with primarily supporting on Concessions investigations, the SLP Specialist will be required to provide on-ground intel useful in uncovering abuse MOs. In order to ensure network integrity, the SLP Specialist will be required to conduct risk assessment and process audit for the respective sites and work in accordance with the security policies and guidelines.

Key job responsibilities

Security Operation
• Implementation and follow-up of Loss Prevention Plan in MDR Concessions

Audits and Compliance
• Conducting SLP audits and implementing SOPs
• Surprise check and reports at LM (Last Mile) stations
• Keeping the plans and SOPs updated
• Periodical check of documentation
• Adhering to SLAs defined for the SLP MDR Concessions Abuse Program

Process Improvement and Loss Prevention
• Process review, gap analysis and implementation of necessary improvements
• Weekly, monthly and quarterly assessments
• Loss prevention reporting
• Working on feedbacks received from internal and external stakeholders
• Follow up and completion of CAPA
• Recommending loss prevention initiatives based on on-ground intel

Loss Prevention Analysis and Investigation
• Work closely with the SLP and CS teams to analyze the loss trends in MDR Concessions
• Weekly loss trend analysis, identifying defects / abusive entities and working towards loss reduction
• Conduct investigations by working closely with CS and support functions in SLP and Ops
• Meeting the weekly investigation targets and submitting investigation reports
• Sharing RCAs and PTG initiatives on shrink and unmet goals

Basic Qualifications

University degree or equivalent through experience and professional certification
• A minimum of 7-10 years in Security and Loss prevention role, law enforcement or security-related profession
• Extensive and up to date knowledge of Shrink Management and Data Analysis
• Experience in managing or coordinating security investigations of complex nature
• Knowledge of information security processes and systems
• Experience in security auditing

Preferred Qualifications

Loss Prevention experience
• Investigation/Security related certification
• Emergency Response / Crisis Management certification
• Training & Development experience
• Auditing and security investigations experience
• Exposure to MNC culture and dynamics

Our inclusive culture empowers Amazonians to deliver the best results for our customers. If you have a disability and need a workplace accommodation or adjustment during the application and hiring process, including support for the interview or onboarding process, please visit https://amazon.jobs/content/en/how-we-hire/accommodations for more information. If the country/region you’re applying in isn’t listed, please contact your Recruiting Partner.

Company - ATSPL - Odisha - G69

Job ID: A2969734"	jobspy						
go-BSTWMiTW056nziEzAAAAAA==	google	https://in.linkedin.com/jobs/view/sales-officer-senior-sales-officer-at-planet-solutions-4219640148?utm_campaign=google_jobs_apply&utm_source=google_jobs_apply&utm_medium=organic	Sales Officer / Senior Sales Officer	Planet Solutions	Malkangiri, Odisha	2025-04-08	contract	False		"Position : Sales Officer / Senior Sales Officer

Department : Retail Marketing

Experience : Minimum 3 years of experience in Cement / Steel / Building Materials.

Qualification: : Any Graduate

Location : Malkangiri, Odisha

Responsibilities :
• Responsible for selling TMT bars (Primary & Secondary)
• Meeting dealers , masons, contractors & engineers
• Appointing new dealers and enrollment of Engineers, masons & Contractors
• Preparing weekly, monthly, and Yearly to the DSR’s
• Site visits, CRM Reporting and updation
• Payment Follow-up with Dealers
• Conducting influencers meets"	jobspy						
go-m9Dg3rUmkHaTWc-YAAAAAA==	google	https://in.linkedin.com/jobs/view/senior-research-fellow-srf-at-nit-rourkela-at-nit-rourklea-4218086547?utm_campaign=google_jobs_apply&utm_source=google_jobs_apply&utm_medium=organic	Senior Research Fellow (SRF) at NIT Rourkela	NIT -Rourklea	Sundargarh, Odisha	2025-04-07		False	hiremaths@nitrkl.ac.in, hiremaths@nitrkl.ac.in	"Dear All,

Greetings from the Department of Electronics and Communication Engineering, NIT Rourkela.

We are pleased to invite applications for the post of Senior Research Fellow (SRF) under a prestigious research project funded by the Department of Telecommunications (DOT), Government of India, titled:

🎯 “Design and Development of Deep Learning-based Secure Joint Channel Estimation and Feedback Algorithms for 6G”
📌 Key Details:
• Number of Positions: 02
• Duration: Up to December 2027 (subject to project continuation)
• Monthly Fellowship: ₹42,000/-
• Mode of Interview: Offline
• Interview Date: May 20, 2025, 4:00 PM
• Last Date to Apply: May 19, 2025
• Department: Electronics and Communication Engineering, NIT Rourkela
🎓 Eligibility Criteria:
• M.Tech/M.E/MS or equivalent in ECE, EE, CSE, Telecommunication, AI/ML, VLSI, etc.
• Or M.Sc./MCA with valid GATE/NET score
• Or B.Tech/B.E with valid GATE score
• Minimum 60% marks or 6.5/10 CGPA throughout
🧠 Desired Skills:
• Strong background in Signal Processing, Wireless/MIMO Communication, Deep Learning
• Programming proficiency in Python, MATLAB, VHDL/Verilog, etc.
• Exposure to hardware (SDR, FPGA, RF-Soc) and EDA tools preferred

This opportunity also opens avenues for Ph.D. admission, subject to eligibility and institute norms.

Interested candidates may reach out to the PI:

Prof. Shrishailayya M Hiremath

📧 Email: hiremaths@nitrkl.ac.in

We request that you circulate this announcement widely among your networks and encourage eligible candidates to apply.

The application can be found here: https://nitrkl.ac.in/SRICCE/Career

Warm regards,

Prof. Shrishailayya M Hiremath

Department of Electronics and Communication Engineering

National Institute of Technology

Rourkela, PIN - 769008

ORISSA, INDIA

hiremaths@nitrkl.ac.in

Mob:9438503621

Office:0661-2462459"	jobspy						
li-4188852918	linkedin	https://www.linkedin.com/jobs/view/4188852918	Associate Relationship Manager-HL	IDFC FIRST Bank	Jajpur, Odisha, India		fulltime	False		"**Job Requirements**
**Role/Job Title:** 
 Associate Relationship Manager\-Home loan / Loan against property
   

  

**Function/Department:** 
 Rural Banking
   

  

**Job Purpose**
 To deliver a high\-quality client service and customer retention. Enhance product sales and new client acquisition.
   

  

**Roles \& Responsibilities**
* Identifying New Markets, must work towards attracting new customers and generating leads through local activities like organizing canopy activities/leaflet distribution/cold calling and etc.
* To service, the leads referred by sales front/cross/selling or other channels.
* To deliver a high\-quality client service and customer retention approach to managing client relationships to enhance product sales and new client growth targets.
* Achieve agreed individual performance targets for income generation, product sales and new client growth targets.
* Login to disbursement completion, fulfilment, counselling and handholding the customer through the entire process of sanction and disbursement.
* Ensuring that customer doesn’t become a non\-starter e.g. helping collections to recover EMI’s in case of default.
* Building the relationship in the Market by meeting the Local Builders, Business communities and new channels.


**Education Qualification**
 Graduation: Bachelor’s in Engineering / Technology / Math’s / Commerce / Arts / Science / Biology / Business / Computers / Management.
   

  

**Experience:** 
 0 to 2 Years in NBFCs/Banking."	jobspy	https://careers.idfcfirstbank.com/in/en/job/IFBAINP168478ENIN?utm_source=linkedin&utm_medium=jobboard&urlHash=NA0n	entry level	Sales and Business Development	Banking	https://in.linkedin.com/company/idfcfirstbank	https://media.licdn.com/dms/image/v2/C510BAQFTSvld42aE8g/company-logo_100_100/company-logo_100_100/0/1630572386170/idfcfirstbank_logo?e=2147483647&v=beta&t=tllGTcoEeBN_kgvgcMsq34XQpSUhrHjOMP8tcn6-Bfw
li-4205228171	linkedin	https://www.linkedin.com/jobs/view/4205228171	Python Senior Developer	Infosys	Bhubaneswar, Odisha, India		fulltime	False		"* Primary skills:Technology\-\>Machine Learning\-\>Python


 A day in the life of an Infoscion
   

  

* As part of the Infosys delivery team, your primary role would be to interface with the client for quality assurance, issue resolution and ensuring high customer satisfaction.
* You will understand requirements, create and review designs, validate the architecture and ensure high levels of service offerings to clients in the technology domain.
* You will participate in project estimation, provide inputs for solution delivery, conduct technical risk planning, perform code reviews and unit test plan reviews.
* You will lead and guide your teams towards developing optimized high quality code deliverables, continual knowledge management and adherence to the organizational guidelines and processes.
* You would be a key contributor to building efficient programs/ systems and if you think you fit right in to help our clients navigate their next in their digital transformation journey, this is the place for you! If you think you fit right in to help our clients navigate their next in their digital transformation journey, this is the place for you!
* Knowledge of more than one technology
* Basics of Architecture and Design fundamentals
* Knowledge of Testing tools
* Knowledge of agile methodologies
* Understanding of Project life cycle activities on development and maintenance projects
* Understanding of one or more Estimation methodologies, Knowledge of Quality processes
* Basics of business domain to understand the business requirements
* Analytical abilities, Strong Technical Skills, Good communication skills
* Good understanding of the technology and domain
* Ability to demonstrate a sound understanding of software quality assurance principles, SOLID design principles and modelling methods
* Awareness of latest technologies and trends
* Excellent problem solving, analytical and debugging skills"	jobspy	https://career.infosys.com/jobdesc?jobReferenceCode=INFSYS-EXTERNAL-210267&sourceId=4003&urlHash=uBIu	mid-senior level	Engineering and Information Technology	IT Services and IT Consulting	https://in.linkedin.com/company/infosys	https://media.licdn.com/dms/image/v2/D4D0BAQE7Zf1-vvfbUA/company-logo_100_100/company-logo_100_100/0/1692876768583/infosys_logo?e=2147483647&v=beta&t=97JBbbuq2-RM9553tu_mnMtg_cQU7DSEPtFWT28uwkc
li-4205228117	linkedin	https://www.linkedin.com/jobs/view/4205228117	Relationship Manager-Individual	IDFC FIRST Bank	Sambalpur, Odisha, India		fulltime	False		"**Job Requirements**
**Role/Job Title:** 
 Relationship Manager\-Individual Loan (MEL/PL)
   

  

**Function/Department:** 
 Rural Banking
   

  

**Job Purpose**
 The role entails building and deepening relationships with Rural Banking accounts and ensuring best in\-class service to the customers. The role bearer has a responsibility to identify Business owners / entrepreneurs in the defined catchment and assess their business loan needs. The role bearer is responsible for driving client acquisition, building household level customer relationships and capitalizing on lifetime value in each relationship to achieve larger organizational goals.
   

  

**Roles \& Responsibilities**
* Ensure swift disbursal of business loans based on needs assessment of potential and existing clients.
* Conduct end\-user checks as specified post disbursal of loans while achieving monthly and annual group loan booking targets.
* Assess and evaluate the client needs and generate new sources of revenue by leveraging cross sell opportunities as per their lifestyle, risk profiling and requirements.
* Contribute to penetration of liabilities business in Rural markets through lead generations and account opening as per needs of customer.
* Achieve individual and branch sales goals through new business sales, referrals and retention of account relationship.
* Monitor high collections efficiency through discipline and drive.
* Conduct field audits and customer verifications to ensure high quality of accounts.
* Gather latest Market intelligence and track and benchmark against best practices in competitor banks.
* Evaluate the growth strategy based on competitor analysis and feedback from different channels/customers.
* Recommend process changes in order to improve service efficiency and quality across the branch network.
* Manage a team of field officers, taking responsibility of their development and attrition.
* Develop and implement livelihood advancement and community development initiatives.


**Managerial \& Leadership Responsibilities**
* Attract and retain best\-in\-class talent for key roles in their reporting structure.
* Monitor key parameters on employee productivity, hiring quality and attrition rates and make necessary improvements.
* Enable teams to drive growth targets by providing necessary support.


**Education Qualification**
 Graduation: Bachelor’s in Engineering / Technology / Math’s / Commerce / Arts / Science / Biology / Business / Computers / Management.
   

  

**Experience:** 
 5\+ years of relevant rural banking experience."	jobspy	https://careers.idfcfirstbank.com/in/en/job/IFBAINP167486ENIN?utm_source=linkedin&utm_medium=jobboard&urlHash=uBty	mid-senior level	Sales and Business Development	Banking	https://in.linkedin.com/company/idfcfirstbank	https://media.licdn.com/dms/image/v2/C510BAQFTSvld42aE8g/company-logo_100_100/company-logo_100_100/0/1630572386170/idfcfirstbank_logo?e=2147483647&v=beta&t=tllGTcoEeBN_kgvgcMsq34XQpSUhrHjOMP8tcn6-Bfw
li-4220538004	linkedin	https://www.linkedin.com/jobs/view/4220538004	Store Manager	Reliance Retail	Baleshwar, Odisha, India		fulltime	False		"**Skills:**
 Inventory Management Software, Point of Sale (POS) Systems, Team Leadership, Customer Service Excellence, Retail Analytics Tools, Merchandising Strategy, Sales Reporting, Analytical Skill Inter Personal Skill Ownership Mindset Leadership Skil,
   

  

**Company Overview**
 Reliance Retail, India's largest and fastest\-growing retailer, offers a diversified omni\-channel presence through integrated store concepts, digital platforms, and new commerce initiatives. With over 15,000 stores across 7,000\+ cities, we provide unmatched shopping experiences, superior quality products, and outstanding value to our 193 million loyal customers nationwide.
   

  

**Job Overview**
 We are looking for a dynamic and experienced Store Manager to join our team at Reliance Retail. This full\-time, mid\-level position is based in Bhubaneswar, Koraput, Balasore, or Sambalpur. The ideal candidate will have 4 to 6 years of work experience overseeing retail operations and ensuring customer satisfaction.
   

  

**Qualifications And Skills**
* Proficiency in using inventory management software and understanding its impact on store efficiency.
* Strong experience with point of sale (POS) systems to ensure seamless customer transactions.
* Proven ability to lead and inspire a team, fostering a positive and productive work environment.
* Expertise in retail analytics tools to make informed decisions based on data\-driven insights.
* Ability to create comprehensive sales reports and track key performance metrics effectively.
* Excellent analytical skills to evaluate operations and implement improvements strategically.
* Interpersonal skills to manage customer relationships and resolve issues on the store floor.
* Customer service excellence (Mandatory skill) to ensure each customer enjoys a remarkable shopping experience.
* Merchandising strategy (Mandatory skill) to optimize product displays and drive sales effectively.


**Roles And Responsibilities**
* Manage day\-to\-day store operations, ensuring all activities align with company standards and goals.
* Lead, train, and motivate the store team to achieve set sales targets and deliver high\-quality customer service.
* Implement merchandising strategies, ensuring product displays are optimized to maximize customer engagement.
* Monitor inventory levels, order stock as needed, and minimize waste to ensure adequate supply.
* Analyze sales and customer data to identify trends and develop action plans to respond to market changes.
* Ensure the store complies with health and safety regulations, maintaining a safe environment for staff and customers alike.
* Resolve customer complaints and facilitate feedback to improve customer service practices continually.
* Collaborate with senior management to develop strategies for business improvement and growth."	jobspy	https://www.expertia.ai/ril-reliance-retail/job/hiring-store-manager-67ee48bdd1b2125bbf71fcd1?utm_source=linkedin-feed&easy_apply=true&date-refresh=05/01/2025&urlHash=OP5R	mid-senior level	Other	Retail	https://in.linkedin.com/company/reliance-retail	https://media.licdn.com/dms/image/v2/C4E0BAQHM_iN30Rgv3w/company-logo_100_100/company-logo_100_100/0/1631307312115?e=2147483647&v=beta&t=0aVIacsATufIRcJR18WUij7uuBU9_zV-BYTJclL5lak
li-4220534602	linkedin	https://www.linkedin.com/jobs/view/4220534602	Store Manager	Reliance Retail	Koraput, Odisha, India		fulltime	False		"**Skills:**
 Inventory Management Software, Point of Sale (POS) Systems, Team Leadership, Customer Service Excellence, Retail Analytics Tools, Merchandising Strategy, Sales Reporting, Analytical Skill Inter Personal Skill Ownership Mindset Leadership Skil,
   

  

**Company Overview**
 Reliance Retail, India's largest and fastest\-growing retailer, offers a diversified omni\-channel presence through integrated store concepts, digital platforms, and new commerce initiatives. With over 15,000 stores across 7,000\+ cities, we provide unmatched shopping experiences, superior quality products, and outstanding value to our 193 million loyal customers nationwide.
   

  

**Job Overview**
 We are looking for a dynamic and experienced Store Manager to join our team at Reliance Retail. This full\-time, mid\-level position is based in Bhubaneswar, Koraput, Balasore, or Sambalpur. The ideal candidate will have 4 to 6 years of work experience overseeing retail operations and ensuring customer satisfaction.
   

  

**Qualifications And Skills**
* Proficiency in using inventory management software and understanding its impact on store efficiency.
* Strong experience with point of sale (POS) systems to ensure seamless customer transactions.
* Proven ability to lead and inspire a team, fostering a positive and productive work environment.
* Expertise in retail analytics tools to make informed decisions based on data\-driven insights.
* Ability to create comprehensive sales reports and track key performance metrics effectively.
* Excellent analytical skills to evaluate operations and implement improvements strategically.
* Interpersonal skills to manage customer relationships and resolve issues on the store floor.
* Customer service excellence (Mandatory skill) to ensure each customer enjoys a remarkable shopping experience.
* Merchandising strategy (Mandatory skill) to optimize product displays and drive sales effectively.


**Roles And Responsibilities**
* Manage day\-to\-day store operations, ensuring all activities align with company standards and goals.
* Lead, train, and motivate the store team to achieve set sales targets and deliver high\-quality customer service.
* Implement merchandising strategies, ensuring product displays are optimized to maximize customer engagement.
* Monitor inventory levels, order stock as needed, and minimize waste to ensure adequate supply.
* Analyze sales and customer data to identify trends and develop action plans to respond to market changes.
* Ensure the store complies with health and safety regulations, maintaining a safe environment for staff and customers alike.
* Resolve customer complaints and facilitate feedback to improve customer service practices continually.
* Collaborate with senior management to develop strategies for business improvement and growth."	jobspy	https://www.expertia.ai/ril-reliance-retail/job/hiring-store-manager-67ee48bdd1b2125bbf71fcd1?utm_source=linkedin-feed&easy_apply=true&date-refresh=05/01/2025&urlHash=OP5R	mid-senior level	Other	Retail	https://in.linkedin.com/company/reliance-retail	https://media.licdn.com/dms/image/v2/C4E0BAQHM_iN30Rgv3w/company-logo_100_100/company-logo_100_100/0/1631307312115?e=2147483647&v=beta&t=0aVIacsATufIRcJR18WUij7uuBU9_zV-BYTJclL5lak
li-4220537089	linkedin	https://www.linkedin.com/jobs/view/4220537089	Store Manager	Reliance Retail	Sambalpur, Odisha, India		fulltime	False		"**Skills:**
 Inventory Management Software, Point of Sale (POS) Systems, Team Leadership, Customer Service Excellence, Retail Analytics Tools, Merchandising Strategy, Sales Reporting, Analytical Skill Inter Personal Skill Ownership Mindset Leadership Skil,
   

  

**Company Overview**
 Reliance Retail, India's largest and fastest\-growing retailer, offers a diversified omni\-channel presence through integrated store concepts, digital platforms, and new commerce initiatives. With over 15,000 stores across 7,000\+ cities, we provide unmatched shopping experiences, superior quality products, and outstanding value to our 193 million loyal customers nationwide.
   

  

**Job Overview**
 We are looking for a dynamic and experienced Store Manager to join our team at Reliance Retail. This full\-time, mid\-level position is based in Bhubaneswar, Koraput, Balasore, or Sambalpur. The ideal candidate will have 4 to 6 years of work experience overseeing retail operations and ensuring customer satisfaction.
   

  

**Qualifications And Skills**
* Proficiency in using inventory management software and understanding its impact on store efficiency.
* Strong experience with point of sale (POS) systems to ensure seamless customer transactions.
* Proven ability to lead and inspire a team, fostering a positive and productive work environment.
* Expertise in retail analytics tools to make informed decisions based on data\-driven insights.
* Ability to create comprehensive sales reports and track key performance metrics effectively.
* Excellent analytical skills to evaluate operations and implement improvements strategically.
* Interpersonal skills to manage customer relationships and resolve issues on the store floor.
* Customer service excellence (Mandatory skill) to ensure each customer enjoys a remarkable shopping experience.
* Merchandising strategy (Mandatory skill) to optimize product displays and drive sales effectively.


**Roles And Responsibilities**
* Manage day\-to\-day store operations, ensuring all activities align with company standards and goals.
* Lead, train, and motivate the store team to achieve set sales targets and deliver high\-quality customer service.
* Implement merchandising strategies, ensuring product displays are optimized to maximize customer engagement.
* Monitor inventory levels, order stock as needed, and minimize waste to ensure adequate supply.
* Analyze sales and customer data to identify trends and develop action plans to respond to market changes.
* Ensure the store complies with health and safety regulations, maintaining a safe environment for staff and customers alike.
* Resolve customer complaints and facilitate feedback to improve customer service practices continually.
* Collaborate with senior management to develop strategies for business improvement and growth."	jobspy	https://www.expertia.ai/ril-reliance-retail/job/hiring-store-manager-67ee48bdd1b2125bbf71fcd1?utm_source=linkedin-feed&easy_apply=true&date-refresh=05/01/2025&urlHash=OP5R	mid-senior level	Other	Retail	https://in.linkedin.com/company/reliance-retail	https://media.licdn.com/dms/image/v2/C4E0BAQHM_iN30Rgv3w/company-logo_100_100/company-logo_100_100/0/1631307312115?e=2147483647&v=beta&t=0aVIacsATufIRcJR18WUij7uuBU9_zV-BYTJclL5lak
li-4220530982	linkedin	https://www.linkedin.com/jobs/view/4220530982	Store Manager	Reliance Retail	Bhubaneswar, Odisha, India		fulltime	False		"**Skills:**
 Inventory Management Software, Point of Sale (POS) Systems, Team Leadership, Customer Service Excellence, Retail Analytics Tools, Merchandising Strategy, Sales Reporting, Analytical Skill Inter Personal Skill Ownership Mindset Leadership Skil,
   

  

**Company Overview**
 Reliance Retail, India's largest and fastest\-growing retailer, offers a diversified omni\-channel presence through integrated store concepts, digital platforms, and new commerce initiatives. With over 15,000 stores across 7,000\+ cities, we provide unmatched shopping experiences, superior quality products, and outstanding value to our 193 million loyal customers nationwide.
   

  

**Job Overview**
 We are looking for a dynamic and experienced Store Manager to join our team at Reliance Retail. This full\-time, mid\-level position is based in Bhubaneswar, Koraput, Balasore, or Sambalpur. The ideal candidate will have 4 to 6 years of work experience overseeing retail operations and ensuring customer satisfaction.
   

  

**Qualifications And Skills**
* Proficiency in using inventory management software and understanding its impact on store efficiency.
* Strong experience with point of sale (POS) systems to ensure seamless customer transactions.
* Proven ability to lead and inspire a team, fostering a positive and productive work environment.
* Expertise in retail analytics tools to make informed decisions based on data\-driven insights.
* Ability to create comprehensive sales reports and track key performance metrics effectively.
* Excellent analytical skills to evaluate operations and implement improvements strategically.
* Interpersonal skills to manage customer relationships and resolve issues on the store floor.
* Customer service excellence (Mandatory skill) to ensure each customer enjoys a remarkable shopping experience.
* Merchandising strategy (Mandatory skill) to optimize product displays and drive sales effectively.


**Roles And Responsibilities**
* Manage day\-to\-day store operations, ensuring all activities align with company standards and goals.
* Lead, train, and motivate the store team to achieve set sales targets and deliver high\-quality customer service.
* Implement merchandising strategies, ensuring product displays are optimized to maximize customer engagement.
* Monitor inventory levels, order stock as needed, and minimize waste to ensure adequate supply.
* Analyze sales and customer data to identify trends and develop action plans to respond to market changes.
* Ensure the store complies with health and safety regulations, maintaining a safe environment for staff and customers alike.
* Resolve customer complaints and facilitate feedback to improve customer service practices continually.
* Collaborate with senior management to develop strategies for business improvement and growth."	jobspy	https://www.expertia.ai/ril-reliance-retail/job/hiring-store-manager-67ee48bdd1b2125bbf71fcd1?utm_source=linkedin-feed&easy_apply=true&date-refresh=05/01/2025&urlHash=OP5R	not applicable	Other	Retail	https://in.linkedin.com/company/reliance-retail	https://media.licdn.com/dms/image/v2/C4E0BAQHM_iN30Rgv3w/company-logo_100_100/company-logo_100_100/0/1631307312115?e=2147483647&v=beta&t=0aVIacsATufIRcJR18WUij7uuBU9_zV-BYTJclL5lak
li-4220509687	linkedin	https://www.linkedin.com/jobs/view/4220509687	EV - Product Specialist	TATA Marcopolo Motors Ltd. Dharwad	Bhubaneswar, Odisha, India		fulltime	False		"**Date:** 
 May 1, 2025
   

  

**Location:** 
 Bhubaneswar, India
   

  

 Apply now »
   

  

 Apply now
   

  

 Apply for Job
   

  

 Enter your email to apply
   

  

**Position Summary With Job Responsibilities**
* 
+ Drive Retail EV sales volume as well market share and enhance customer’s pre and


 post purchase experience
   

  

* Serve as the product specialist to answer customer queries (both vehicle and charging) at dealerships/ other points of sale
* Ensure EV customers have a differentiated customer experience \& that dealerships / stores provide adequate focus to EV


* Responsible (along with Dealer Sales Executives) for achievement of retail targets
+ Work with dealer sales executives to drive EV sales in dealerships

* Manage and ensure activation of leads
* Ensure 100% follow\-up of leads to logical conclusion
* Conduct micro\-market activations (Events at offices, malls, apartments, etc.)


 Conduct home visits and product demonstrations to customers
   

  

 Education
   

  

 Graduation
   

  

 Work Experience
   

  

 3\-4 Years
   

  

 Tata Motors Leadership Competencies
   

  

 Customer Centricity \- Anticipating, understanding and focusing efforts on meeting the customer (stakeholders) needs or expectations
   

  

 Developing Self and Others \- Recognizing continuous development is essential for success and taking steps to develop self and helping others to excel
   

  

 Driving Execution \- Translating strategy into action and execution
   

  

 Leading by Example \- Encouraging and following ethical standards
   

  

 Leading Change \- Recognizing the need for change, initiating and adapting to change
   

  

 Motivating Self and Others \- Inspiring teams and individuals
   

  

 Functional Competencies
   

  

 Tags
   

  

 Apply now »
   

  

 Apply now
   

  

 Apply for Job
   

  

 Enter your email to apply"	jobspy	https://careers.tatamotors.com/job/Bhubaneswar-EV-Product-Specialist/913208001/&urlHash=6i2Z	mid-senior level	Sales and Business Development	Automotive	https://in.linkedin.com/company/tata-marcopolo-motors-ltd-dharwad	https://media.licdn.com/dms/image/v2/C510BAQG6c5kxFoNinQ/company-logo_100_100/company-logo_100_100/0/1630571715781/tata_marcopolo_motors_ltd_dharwad_logo?e=2147483647&v=beta&t=0CkSt6uF-ooMasYnWFqWKPdAFH3gVNqg-JKAN9EdaBo
li-4183918397	linkedin	https://www.linkedin.com/jobs/view/4183918397	Assistant / Deputy Sales Manager - Orissa Flooring	Sika	Bhubaneswar, Odisha, India		fulltime	False		"**Company Description**
 Sika is a specialty chemicals company with a leading position in the development and production of systems and products for bonding, sealing, damping, reinforcing, and protecting in the building sector and motor vehicle industry. Sika has subsidiaries in 101 countries around the world and manufactures in over 300 factories. Its 33,500 employees generated annual sales of CHF 10\.49 billion in 2022\.
   

  

**Job Description**
* Develop and Implement strategies to penetrate untapped market segments in line with Global and Regional Business segment strategies.
* Continuously increase market intelligence and update customer and competitor data and apply the overall sales process, aiming to meet or exceed targets.
* Take ownership of the account, including the development and execution of the account strategy, and ensure alignment with business unit key account strategy.
* Oversee the establishment of a database and the processes to obtain, update, maintain and evaluate market trends, the application of products/technology, the service needs, intelligence on competitors, etc in order to identify new business opportunities.
* Develop and implement specification selling tools based on sector approach and support sales with necessary tools
* Work closely with Technical Service team to ensure development of applicators for installation, defect free installations, effective resolution of product complaints, product training to customers, maintaining up to date working knowledge of new application technologies.
* Consistently and continuously exhibit safe behaviour at driving, project sites, offices and for self and others.
* To be well versed with all products and maintain relations with the consultants and architects of Orissa and Chattisgarh.


**Qualifications**
* BE in Civil.
* 12 to 15 Years of experience in Sales role in Construction Chemicals industry."	jobspy		mid-senior level	Sales	Chemical Manufacturing	https://ch.linkedin.com/company/sika	https://media.licdn.com/dms/image/v2/C4E0BAQHLb11dz4mjIw/company-logo_100_100/company-logo_100_100/0/1630636626339/sika_logo?e=2147483647&v=beta&t=TOm4nv0IfVfZeGdd51-DamubrQHeOS9QsbR7e5KmKjg
li-4214002984	linkedin	https://www.linkedin.com/jobs/view/4214002984	Service Engineer - Customer Excellence	Armstrong International – Intelligent Solutions in Steam, Air and Hot Water	Bhubaneswar, Odisha, India		fulltime	False		"Vacancy NameService Engineer \- Customer Excellence Vacancy NoVN664 Employment TypeFull\-Time Shift Duration (if temporary) Location CountryIndia Location State Location CityBhubaneswar DescriptionAn Automation engineer is responsible to perform maintenance, commissioning \& Installation activities, troubleshooting of Process Control Valve systems, Flow meters, Hot water system control panels and sensors.
   

  

 This position will report to Manager – Customer Excellence. Key Responsibilities\- Analyze and determine the necessary repair/replace of the spares and equipment at site.
   

  

* Maintenance, commissioning and troubleshooting of Hot water system, Condensate Recovery System, Control valves, PID controller and Flow meter systems.
* Providing technical and maintenance training to customers about the product.
* Basic knowledge of Siemens/Allen\-Bradley PLC \& SCADA software, and able modifying program as per requirement.
* Knowledge on PID, HMIs and Industrial communication protocols.
* Understanding of SLD, Control Wiring Drawings and troubleshoot of the systems.
* Basic knowledge of IOTs and IIOTs.
* Prepare reports, technical manual preparation activities, ensure proper handover of the system to the customer, obtain signed site acceptance reports, and submit weekly and daily reports.
* Knowledge of Pre\-commissioning and Commissioning Protocols standards.
* Willing to travelling in PAN India as per requirements. Key Requirements\- Knowledge of Steam and Steam accessories like condensate pump and steam traps.
* Knowledge about Control panels and Power panels and their wiring.
* Reading and understanding Electrical drawings \& Piping and Instrumentation Diagram. Education LevelBachelor's Degree or equivalent Experience Level3\-5 years Benefits Physical Requirements"	jobspy	https://hrconnect.my.salesforce-sites.com/recruit/fRecruit__ApplyJob?vacancyNo=VN664&urlHash=dNp4	mid-senior level	Engineering and Information Technology	Utilities	https://www.linkedin.com/company/armstrong-international-steam-air-hot-water	https://media.licdn.com/dms/image/v2/C4E0BAQHrRY39qUnAEw/company-logo_100_100/company-logo_100_100/0/1631326143813?e=2147483647&v=beta&t=Pn6Tvz4tUHWKeNnJz01ZFPWgYxgYzCLdspeuUh8Z5Cs
li-4205223800	linkedin	https://www.linkedin.com/jobs/view/4205223800	Outsystems	Infosys	Bhubaneswar, Odisha, India		fulltime	False		"* Requirements gathering and Analysis
* Client interfacing
* Architecting solutions using low code platform and taking client through those
* Work on proposals, estimations
* Coordination with Onsite and Offshore team (Have Onsite/Offshore calls)
* Design discussion / Design review
* Application Development/Code review/Testing
* Application deployment
* Experience in working with Scrum team
* Excellent customer facing skills 2\. Excellent written and verbal communication skills 3\. Strong attention to detail and outstanding analytical and problem\-solving skills."	jobspy	https://career.infosys.com/jobdesc?jobReferenceCode=INFSYS-EXTERNAL-211785&sourceId=4003&urlHash=8Air	entry level	Other	IT Services and IT Consulting	https://in.linkedin.com/company/infosys	https://media.licdn.com/dms/image/v2/D4D0BAQE7Zf1-vvfbUA/company-logo_100_100/company-logo_100_100/0/1692876768583/infosys_logo?e=2147483647&v=beta&t=97JBbbuq2-RM9553tu_mnMtg_cQU7DSEPtFWT28uwkc
li-4188200254	linkedin	https://www.linkedin.com/jobs/view/4188200254	Business Development Executive	Uplers	Bhubaneswar, Odisha, India		fulltime	True		"**Experience** 
 : 2\.00 \+ years
   

  

**Salary** 
 : INR 420000\-480000 / year (based on experience)
   

  

**Shift** 
 : (GMT\+05:30\) Asia/Kolkata (IST)
   

  

**Opportunity Type** 
 : Remote
   

  

**Placement Type** 
 : Full time Permanent Position
   

  

**(\*Note: This is a requirement for Uplers)
   

  

**What do you need for this opportunity?
   

  

**Must have skills required:**
 CRM, Multi\-tasking, cold calling, Communication Skills, Lead Generation, LinkedIN Sales Navigator, Digital Marketing, Email Campaigns, Apollo.io, Lusha
   

  

**Uplers is Looking for:******
**Roles and Responsibilities :**
* Must have a minimum 2 yr. Experience in lead generation using LinkedIn Sales Navigator.(Experience Required\- 2\-4 yrs.)
* Responsible for extracting leads using Google, LinkedIn Sales Navigator, Apollo, Lusha, and other similar tools, as well as engaging with prospects on LinkedIn and via email.
* Appointment Setting: Scheduling appointments with qualified leads who have expressed interest in our service. You may need to coordinate with sales representatives or account executives to ensure a smooth handoff.
* Lead Generation: Utilizing LinkedIn Sales Navigator, Apollo, Lusha, and other tools to identify potential leads and extract their contact information, such as email addresses and phone numbers.
* Database Management: Maintaining an organized and updated database of leads, including accurate contact details and relevant information.
* CRM Management: Updating and maintaining accurate records of interactions, call outcomes, and any relevant information within the Customer Relationship Management (CRM) system. This ensures that the sales team has access to up\-to\-date and relevant information when engaging with leads.
* Email Campaigns: Crafting compelling email campaigns to reach out to leads and introduce them to your product or service. These emails should be personalized, engaging, and focused on generating interest and qualified appointments.
* LinkedIn Engagement: Actively engaging with potential leads on LinkedIn by sending connection requests, personalized messages, and InMail’s. Your goal is to build relationships, establish credibility, and promote your product or service.
* Relationship Building: Building and maintaining relationships with leads through consistent and thoughtful follow\-up. Providing valuable information, industry insights, or relevant content can help establish trust, credibility and increase the likelihood of conversion in the long run.
* Product/Service Knowledge: Acquiring a deep understanding of company's product or service offerings to effectively communicate their value propositions to potential leads.
* Qualifying Leads: Conducting initial qualifying conversations to assess the fit between the leads needs and your product or service. This involves asking probing questions and gathering relevant information to determine if there is a potential for a qualified appointment.
* Reporting and Metrics: Tracking and documenting your activities, results, and key performance indicators (KPIs), such as the number of leads generated, appointments set, conversions, and revenue generated. Providing regular reports and updates to management.
* Continuous Learning: Staying up\-to\-date with industry trends, competitive landscape, and best practices in lead generation and sales. Actively seeking feedback and incorporating it into your strategies to improve performance.
* Cold Calling: Initiating outbound calls to prospects based on the leads generated through your research and databases.
* Phone Scripting: Developing and using effective phone scripts that outline key talking points and help guide the conversation with prospects. Phone scripts should be personalized and tailored to address the specific pain points and needs of the leads. Call Monitoring and Recording: Maintaining accurate records of calls made, including notes on conversations, objections raised, and any important information gathered during the call. This helps to track progress, refine approaches, and provide valuable insights to the sales team.
* Active Listening and Objection Handling: Actively listening to prospects during phone calls, understanding their concerns or objections, and addressing them effectively. Having a thorough understanding of the product or service enables you to provide relevant information and overcome objections to move the conversation forward.
* Reminder Calls or Emails(Follow\-Up Calls/Email Follow\-Ups): I: Sending reminder emails or making reminder calls to leads who have expressed interest but have not taken the desired action, such as scheduling an appointment or providing additional information. Reminders serve as gentle prompts and can help re\-engage leads who may have been busy or overlooked previous communications.
* Persistence and Persistence Tracking: Maintaining a structured approach to follow\-ups and persistently engaging with leads until a final resolution is reached. Keeping track of follow\- up attempts, responses, and outcomes in your CRM system or tracking tool is essential for effective follow\-up management.
* Adjusting Follow\-Up Strategies: Continuously assess and adjust your follow\-up strategies based on the responses and feedback received from leads. Experimenting with different approaches, timing, and communication channels can help optimize your follow\-up efforts and improve conversion rates.
* CDD: Research the client and company, create a Client Discovery Document (CDD) for all the appointments, Ensuring that all possible data points in the Client Discovery Document (CDD) are updated for the scheduled calls.


**Requirements :**
* Business Development, Sales Management, CRM Management, proposal documentation,
* Excellent communication and negotiation skills, growth hungry.
* Experience in selling digital marketing services for customers based out of the US.
* Should have Experience doing cold calling and generating leads in US market.
* Sales experience in the US market is a must \- Mandatory Requirement.
* Experience working on tools like Sales Navigator, Upwork Etc.
* Experience with CRM software like HubSpot, Click Up Etc.
* Proficiency in MS Office.
* Excellent multi\-tasking skills
* Ability to prioritize tasks
* Ability to present and explain ideas to a variety of audiences
* Ability to sell value and create credibility
* Ability to maintain a high level of professionalism and confidentiality
* Enthusiastic to build good relationships with people
* Ability to work well in a team environment
* Tracking new clients in various industries, placing proposals, and getting agreements.
* Process and manage paperwork and correspondence related to all clients.
* Understand clients needs by doing client assessments.
* Provide detailed client documentation.
* Hands\-on experience in all elements of the sales process from Approaching Leads,
* Scheduling Interviews, Creating Proposals, negotiations and closings.
* Arrange/Prepare proposals for clients.
* Achieve Sales Targets via Outbound Leads.
* Fixing Prospect meetings \& Giving Presentations (If needed).
* Requirements Gathering and understanding Nurturing clients from scratch to maturity.
* Support the team with other responsibilities as required.


**How to apply for this opportunity?**
* Step 1: Click On Apply! And Register or Login on our portal.
* Step 2: Complete the Screening Form \& Upload updated Resume
* Step 3: Increase your chances to get shortlisted \& meet the client for the Interview!


**About Uplers:**
 Our goal is to make hiring reliable, simple, and fast. Our role will be to help all our talents find and apply for relevant contractual onsite opportunities and progress in their career. We will support any grievances or challenges you may face during the engagement.
   

  

 (Note: There are many more opportunities apart from this on the portal. Depending on the assessments you clear, you can apply for them as well).
   

  

 So, if you are ready for a new challenge, a great work environment, and an opportunity to take your career to the next level, don't hesitate to apply today. We are waiting for you!"	jobspy	https://ats.uplers.com/talent/all-opportunities/HR1174230411544845?source=WDREeGNBR1dZaTdCU25RNklJVDJiQT09&src=Auto-Linkedin&urlHash=9nhn	mid-senior level	Business Development and Sales	Technology, Information and Internet	https://in.linkedin.com/company/weareuplers	https://media.licdn.com/dms/image/v2/C560BAQG6KMZp1zAiTA/company-logo_100_100/company-logo_100_100/0/1630605289074/weareuplers_logo?e=2147483647&v=beta&t=8ec1IPpKhoAr3aPORgJamp0Y2X8727Oqs_lSTjjrzgY
li-4220510709	linkedin	https://www.linkedin.com/jobs/view/4220510709	Electrical Engineer Fresher	Classic Enterprises	Bhubaneswar, Odisha, India		fulltime	False	hr.jananit@gmail.com	"Dear Candidate,
   

  

 We Are Hiring for Electrical Engineer. Fresher can also apply for the vacancy.
   

  

**Production Engineer Responsibility's**
 Production engineers work in the sphere of manufacturing, overseeing the production of goods in many industries at factories or plants. Their main job is to ensure that all products are manufactured with utmost efficiency and quality, according to planned protocols using the appropriate technology.
   

  

**Manufacturing Engineer Responsibility's**
 Manufacturing Engineer Job Duties: Evaluates manufacturing processes by designing and conducting research programs; applying knowledge of product design, fabrication, assembly, tooling, and materials; conferring with equipment vendors; soliciting observations from operators.
   

  

 Shift \- Day Shift
   

  

 Interested Candidate can reach out to \-
   

  

**Janani Thiru**
**Contact No.:7580832456**
**Email ID:hr.jananit@gmail.com**
 This job is provided by Shine.com"	jobspy	https://www.shine.com/jobs/electrical-engineer-fresher/classic-enterprises/17021156/?utm_source=linkedin-feed&amp;utm_medium=referral&amp;utm_campaign=linkedin-feed&amp;auto_apply=true&urlHash=jObe	internship	Engineering and Information Technology	Staffing and Recruiting	https://in.linkedin.com/company/clasy	https://media.licdn.com/dms/image/v2/C510BAQH_kcrYRLox7w/company-logo_100_100/company-logo_100_100/0/1630603255138?e=2147483647&v=beta&t=D6ll1lrHVYZsJ1YfP6DOoQl18xSBu2xt5w5CmaM6qco
li-4220532751	linkedin	https://www.linkedin.com/jobs/view/4220532751	DM Fashion	Reliance Retail	Baleshwar, Odisha, India		fulltime	False		"**Skills:**
 Digital Marketing Strategy, Social Media Advertising, Content Creation, SEO Optimization, Email Marketing, Influencer Partnerships, Data Analytics, E\-commerce Platforms,
   

  

**Company Overview**
 Reliance Retail is India's largest and fastest\-growing retailer, known for its diverse omni\-channel presence through integrated store concepts and digital commerce platforms. Since its inception in 2006, the company has committed to revolutionizing Indian retail, offering superior quality products and unmatched shopping experiences. With a loyal customer base of over 193 million and a vast network of more than 15,000 stores, Reliance Retail continues to enhance customer value and strengthen its market presence.
   

  

**Job Overview**
 Reliance Retail is seeking a mid\-level professional for the position of DM Fashion. This full\-time role is based in Balasore, Bhadrak, Bhubaneswar, Koraput, and Jeypore. The ideal candidate will possess a strong understanding of digital marketing strategies and be capable of driving our fashion segment through innovative marketing techniques. Join our team to leverage your skills in a collaborative environment, aiming to create impactful strategies that resonate with our customers.
   

  

**Qualifications And Skills**
- Proven expertise in crafting and implementing digital marketing strategies that enhance brand visibility and drive sales.

- Proficiency in social media advertising to engage and expand our customer base across various platforms effectively.

- Strong skills in content creation, ensuring engaging and relevant content that aligns with brand communication.

- Comprehensive knowledge of SEO optimization techniques to improve search engine rankings and website traffic.

- Experience in executing successful email marketing campaigns that nurture leads and maintain customer engagement.

- Ability to establish influencer partnerships to enhance brand credibility and reach wider audiences.

- Competency in data analytics to interpret

- Company Overview

 Reliance Retail is the largest and fastest\-growing retailer in India,, providing offering a diverse omni\-channel presence. Founded in 2006 insights for, the company revolutionizes Indian informed decision retail, serving over 193 million loyal customers with superior quality\-making. growing, Reliance Retail is 7,000 cities, supportedFamiliarity with e\-commerce by a strong team platforms, enhancing user experience and and a robust digital driving online and supply chain infrastructure sales effectively.
   

  

 headquartered in Mumbai and
   

  

 \< maintains astrong\>Roles and Responsibilities\< strong portfoliobr/\>
   

  

 of both own and
   

  

* partner brands.
* Job Overview
* The promote our fashion products and increase DM Fashion market penetration.
* Manage and optimize a full\-time, social media mid\-level position focused on executing accounts to boost engagement digital marketing strategies for and foster a loyal our Fashion division in Balasore, Bhadr customer communityak, Bhub.
* aneswar Create compelling. The successful candidate will leverage digital marketing content that tools to enhance brand presence and resonates with drive sales growth, our target audience and utilizing their supports marketing expertise and creativity to initiatives.
* Implement SEO engage and attract a strategies to wider audience. Applicants should possess strong digital marketing prof enhance ouriciencies, with a online presence background in and make managing integrated campaigns across our fashion products more discoverable.
* various platforms
* Coordinate.
* Qualifications to enhance and Skills brand awareness
* \>Pro
* ficiency in designing andIdentify and collaborate with influencers to implementing digital marketing strategies amplify brand awareness and drive sales to penetrate.
* Analyze marketing data effectively.
* for performanceExperience in managing social metrics, media advertising campaigns, including content providing insights for campaign optimization.
* Ensure all budget management digital marketing efforts align for optimal with overall business objectives and brand standards.
* reach.
* Expertise in content creation, ensuring engaging, relevant, and high\-quality content across all digital platforms.
* Solid understanding and application of SEO optimization techniques to improve search engine rankings and visibility.
* Proficient in executing email marketing campaigns, using data\-driven strategies to enhance engagement and conversion rates.
* Experience in developing and managing influencer partnerships to amplify brand messages and reach new audiences.
* Strong analytical skills with a capability to interpret data analytics to guide marketing strategies and decision\-making.
* Familiarity with e\-commerce platforms and tools to effectively drive online sales and customer acquisition strategies.


**Roles And Responsibilities**
* Develop and implement comprehensive digital marketing strategies for the Fashion division, enhancing online brand visibility.
* Manage social media presence and advertising campaigns across multiple platforms to increase follower engagement and brand reach.
* Create engaging and relevant content to be shared across digital channels, ensuring alignment with overall brand voice and goals.
* Conduct regular SEO audits and implement optimization strategies for enhancing website search engine performance.
* Plan and conduct email marketing campaigns to nurture leads, foster customer loyalty, and drive sales.
* Establish and maintain partnerships with relevant influencers to enhance brand advocacy and message amplification.
* Analyze digital marketing metrics and analytics to assess campaign effectiveness and ROI, adjusting strategies as needed.
* Collaborate with cross\-functional teams to align digital marketing efforts with company objectives and growth targets."	jobspy	https://www.expertia.ai/ril-reliance-retail/job/hiring-dm-fashion-67ee4cf8d1b2125bbf72766b?utm_source=linkedin-feed&easy_apply=true&date-refresh=05/01/2025&urlHash=-0BD	associate	Design, Art/Creative, and Information Technology	Retail	https://in.linkedin.com/company/reliance-retail	https://media.licdn.com/dms/image/v2/C4E0BAQHM_iN30Rgv3w/company-logo_100_100/company-logo_100_100/0/1631307312115?e=2147483647&v=beta&t=0aVIacsATufIRcJR18WUij7uuBU9_zV-BYTJclL5lak
li-4220512251	linkedin	https://www.linkedin.com/jobs/view/4220512251	Std- Customer Support Manager	TATA Marcopolo Motors Ltd. Dharwad	Bhubaneswar, Odisha, India		fulltime	False		"**Date:** 
 May 1, 2025
   

  

**Location:** 
 Bhubaneswar, IN
   

  

 Apply now »
   

  

 Apply now
   

  

 Apply for Job
   

  

 Enter your email to apply
   

  

**Position Summary With Job Responsibilities**
 Resolve customer issues, drive service and spare parts revenue in service network in order to drive high customer satisfaction and after sales revenue through service network within company policies and code of conduct.
   

  

 Education
   

  

 B.Tech/M.Tech (Mechanical) in Automobile or Electrical
   

  

 Work Experience
   

  

 7 to 8 workshops (dealerships \& TASS) in a state,15 to 20 Key accounts \& STU( State Transport Undertaking)
   

  

 3\-7 years of experience in a technical and/or customer servicing role preferably in automobile , two wheeler , commercial \& passenger ancillaries, heavy engineering .or other sectors
   

  

 Tata Motors Leadership Competencies
   

  

 Developing Self and Others \- Recognizing continuous development is essential for success and taking steps to develop self and helping others to excel
   

  

 Leading Change \- Recognizing the need for change, initiating and adapting to change
   

  

 Driving Execution \- Translating strategy into action and execution
   

  

 Leading by Example \- Encouraging and following ethical standards
   

  

 Motivating Self and Others \- Inspiring teams and individuals
   

  

 Customer Centricity \- Anticipating, understanding and focusing efforts on meeting the customer (stakeholders) needs or expectations
   

  

 Functional Competencies
   

  

 Knowledge of Automobiles
   

  

 Strong analytical and Problem solving skills
   

  

 Interpersonal Skill
   

  

 Tags
   

  

 Apply now »
   

  

 Apply now
   

  

 Apply for Job
   

  

 Enter your email to apply"	jobspy	https://careers.tatamotors.com/job/Bhubaneswar-Std-Customer-Support-Manager/914346301/&urlHash=huTy	mid-senior level	Other	Automotive	https://in.linkedin.com/company/tata-marcopolo-motors-ltd-dharwad	https://media.licdn.com/dms/image/v2/C510BAQG6c5kxFoNinQ/company-logo_100_100/company-logo_100_100/0/1630571715781/tata_marcopolo_motors_ltd_dharwad_logo?e=2147483647&v=beta&t=0CkSt6uF-ooMasYnWFqWKPdAFH3gVNqg-JKAN9EdaBo
li-4220537091	linkedin	https://www.linkedin.com/jobs/view/4220537091	DM Fashion	Reliance Retail	Jeypore, Odisha, India		fulltime	False		"**Skills:**
 Digital Marketing Strategy, Social Media Advertising, Content Creation, SEO Optimization, Email Marketing, Influencer Partnerships, Data Analytics, E\-commerce Platforms,
   

  

**Company Overview**
 Reliance Retail is India's largest and fastest\-growing retailer, known for its diverse omni\-channel presence through integrated store concepts and digital commerce platforms. Since its inception in 2006, the company has committed to revolutionizing Indian retail, offering superior quality products and unmatched shopping experiences. With a loyal customer base of over 193 million and a vast network of more than 15,000 stores, Reliance Retail continues to enhance customer value and strengthen its market presence.
   

  

**Job Overview**
 Reliance Retail is seeking a mid\-level professional for the position of DM Fashion. This full\-time role is based in Balasore, Bhadrak, Bhubaneswar, Koraput, and Jeypore. The ideal candidate will possess a strong understanding of digital marketing strategies and be capable of driving our fashion segment through innovative marketing techniques. Join our team to leverage your skills in a collaborative environment, aiming to create impactful strategies that resonate with our customers.
   

  

**Qualifications And Skills**
- Proven expertise in crafting and implementing digital marketing strategies that enhance brand visibility and drive sales.

- Proficiency in social media advertising to engage and expand our customer base across various platforms effectively.

- Strong skills in content creation, ensuring engaging and relevant content that aligns with brand communication.

- Comprehensive knowledge of SEO optimization techniques to improve search engine rankings and website traffic.

- Experience in executing successful email marketing campaigns that nurture leads and maintain customer engagement.

- Ability to establish influencer partnerships to enhance brand credibility and reach wider audiences.

- Competency in data analytics to interpret

- Company Overview

 Reliance Retail is the largest and fastest\-growing retailer in India,, providing offering a diverse omni\-channel presence. Founded in 2006 insights for, the company revolutionizes Indian informed decision retail, serving over 193 million loyal customers with superior quality\-making. growing, Reliance Retail is 7,000 cities, supportedFamiliarity with e\-commerce by a strong team platforms, enhancing user experience and and a robust digital driving online and supply chain infrastructure sales effectively.
   

  

 headquartered in Mumbai and
   

  

 \< maintains astrong\>Roles and Responsibilities\< strong portfoliobr/\>
   

  

 of both own and
   

  

* partner brands.
* Job Overview
* The promote our fashion products and increase DM Fashion market penetration.
* Manage and optimize a full\-time, social media mid\-level position focused on executing accounts to boost engagement digital marketing strategies for and foster a loyal our Fashion division in Balasore, Bhadr customer communityak, Bhub.
* aneswar Create compelling. The successful candidate will leverage digital marketing content that tools to enhance brand presence and resonates with drive sales growth, our target audience and utilizing their supports marketing expertise and creativity to initiatives.
* Implement SEO engage and attract a strategies to wider audience. Applicants should possess strong digital marketing prof enhance ouriciencies, with a online presence background in and make managing integrated campaigns across our fashion products more discoverable.
* various platforms
* Coordinate.
* Qualifications to enhance and Skills brand awareness
* \>Pro
* ficiency in designing andIdentify and collaborate with influencers to implementing digital marketing strategies amplify brand awareness and drive sales to penetrate.
* Analyze marketing data effectively.
* for performanceExperience in managing social metrics, media advertising campaigns, including content providing insights for campaign optimization.
* Ensure all budget management digital marketing efforts align for optimal with overall business objectives and brand standards.
* reach.
* Expertise in content creation, ensuring engaging, relevant, and high\-quality content across all digital platforms.
* Solid understanding and application of SEO optimization techniques to improve search engine rankings and visibility.
* Proficient in executing email marketing campaigns, using data\-driven strategies to enhance engagement and conversion rates.
* Experience in developing and managing influencer partnerships to amplify brand messages and reach new audiences.
* Strong analytical skills with a capability to interpret data analytics to guide marketing strategies and decision\-making.
* Familiarity with e\-commerce platforms and tools to effectively drive online sales and customer acquisition strategies.


**Roles And Responsibilities**
* Develop and implement comprehensive digital marketing strategies for the Fashion division, enhancing online brand visibility.
* Manage social media presence and advertising campaigns across multiple platforms to increase follower engagement and brand reach.
* Create engaging and relevant content to be shared across digital channels, ensuring alignment with overall brand voice and goals.
* Conduct regular SEO audits and implement optimization strategies for enhancing website search engine performance.
* Plan and conduct email marketing campaigns to nurture leads, foster customer loyalty, and drive sales.
* Establish and maintain partnerships with relevant influencers to enhance brand advocacy and message amplification.
* Analyze digital marketing metrics and analytics to assess campaign effectiveness and ROI, adjusting strategies as needed.
* Collaborate with cross\-functional teams to align digital marketing efforts with company objectives and growth targets."	jobspy	https://www.expertia.ai/ril-reliance-retail/job/hiring-dm-fashion-67ee4cf8d1b2125bbf72766b?utm_source=linkedin-feed&easy_apply=true&date-refresh=05/01/2025&urlHash=-0BD	associate	Design, Art/Creative, and Information Technology	Retail	https://in.linkedin.com/company/reliance-retail	https://media.licdn.com/dms/image/v2/C4E0BAQHM_iN30Rgv3w/company-logo_100_100/company-logo_100_100/0/1631307312115?e=2147483647&v=beta&t=0aVIacsATufIRcJR18WUij7uuBU9_zV-BYTJclL5lak
li-4219686973	linkedin	https://www.linkedin.com/jobs/view/4219686973	IN-Senior Associate_ Renewable energy _Utility transformation _Advisory_Bhubaneswar	PwC India	Bhubaneswar, Odisha, India		fulltime	False		"**Line of Service**
 Advisory
   

  

**Industry/Sector**
 Not Applicable
   

  

**Specialism**
 Managed Services
   

  

**Management Level**
 Senior Associate
   

  

**Job Description \& Summary**
 A career within General Consulting services, will provide you with the opportunity to help clients seize essential advantages by working alongside business leaders to solve their toughest problems and capture their greatest opportunities. We work with some of the world’s largest and most complex companies to understand their unique business issues and opportunities in an ever changing environment. We help create sustainable change by stimulating innovation, unlocking data possibilities, navigating risk and regulatory complexity, optimising deals, and aligning costs with business strategy to create a competitive advantage.
   

  

* Why PWC


 At PwC, you will be part of a vibrant community of solvers that leads with trust and creates distinctive outcomes for our clients and communities. This purpose\-led and values\-driven work, powered by technology in an environment that drives innovation, will enable you to make a tangible impact in the real world. We reward your contributions, support your wellbeing, and offer inclusive benefits, flexibility programmes and mentorship that will help you thrive in work and life. Together, we grow, learn, care, collaborate, and create a future of infinite experiences for each other. Learn more about us.
   

  

 At PwC, we believe in providing equal employment opportunities, without any discrimination on the grounds of gender, ethnic background, age, disability, marital status, sexual orientation, pregnancy, gender identity or expression, religion or other beliefs, perceived differences and status protected by law. We strive to create an environment where each one of our people can bring their true selves and contribute to their personal growth and the firm’s growth. To enable this, we have zero tolerance for any discrimination and harassment based on the above considerations. ""
   

  

 Job Description \& Summary: A career within General Consulting services, will provide you with the opportunity to help clients seize essential advantages by working alongside business leaders to solve their toughest problems and capture their greatest opportunities. We work with some of the world’s largest and most complex companies to understand their unique business issues and opportunities in an ever\-changing environment. We help create sustainable change by stimulating innovation, unlocking data possibilities, navigating risk and regulatory complexity, optimizing deals, and aligning costs with business strategy to create a competitive advantage.
   

  

**Responsibilities**
 As a Senior Manager, you'll work as part of a team of problem solvers, helping to solve complex business issues from strategy to execution. PwC Professional skills and responsibilities for this management level include but are not limited to:
   

  

* Business Development
* Project Management
* Consulting/Advisory
* Client Relationship Management


**Sector Specific Skills**
* You will be working across functional teams (internal and client), across the business and Renewable Energy sector value chain, supporting the team in developing and delivering operations strategies in the Renewable sector.
* Develop yourself personally, taking a keen interest in trends in energy and other sectors and the impact on our clients so you can help shape their thinking and our success in the market.
* Prepare quality reports, presentations and other client deliverables.
* Exposure to data gathering techniques and analysis, and reporting insights in a clear and


**Mandatory Skill Sets**
 Financial Modeling, Bid Management, Feasibility Analysis, Due diligence, Renewable Energy.
   

  

**Preferred Skill Sets**
* Delegate to others to provide stretch opportunities, coaching them to deliver results.
* Use feedback and reflection to develop self \-awareness, personal strengths and address development areas.
* Demonstrate critical thinking and the ability to bring order to unstructured problems.
* Use a broad range of tools and techniques to extract insights from current industry or sector trends.


**Years Of Experience Required**
 9 years
   

  

**Education Qualification**
 B.tech \+ MBA
   

  

**Education** 
*(if blank, degree and/or field of study not specified)*
 Degrees/Field of Study required: Bachelor of Engineering, Master of Business Administration
   

  

**Degrees/Field Of Study Preferred**
**Certifications** 
*(if blank, certifications not specified)*
**Required Skills**
 Power Utilization
   

  

**Optional Skills**
 Accepting Feedback, Accepting Feedback, Active Listening, Analytical Thinking, Carbon Accounting, Carbon Footprint, Carbon Offsets, Carbon Pricing and Trading, Carbon Taxes and Incentives, Climate Change Adaptation Program Design, Climate Change Impacts and Risks, Climate Change Scenarios, Climate Finance, Climate Policy, Climate Reporting, Communication, Creativity, Embracing Change, Emission Trading, Emotional Regulation, Empathy, Energy Efficiency, Energy Policy and Regulation, Energy Transition, Energy Transition Financing and Investment {\+ 10 more}
   

  

**Desired Languages** 
*(If blank, desired languages not specified)*
**Travel Requirements**
 Not Specified
   

  

**Available for Work Visa Sponsorship?**
 No
   

  

**Government Clearance Required?**
 No
   

  

**Job Posting End Date**"	jobspy	https://pwc.wd3.myworkdayjobs.com/Global_Experienced_Careers/job/Bhubaneswar\u002d\u002d-Ihub/IN-Senior-Associate\u002d\u002dRenewable-energy\u002d\u002dUtility-transformation\u002d\u002dAdvisory-Mumbai_589201WD-1/?source=LinkedIn&urlHash=Pmbp	mid-senior level	Other	Business Consulting and Services	https://in.linkedin.com/company/pwc-india	https://media.licdn.com/dms/image/v2/D4D0BAQHftNJPUMdOaw/company-logo_100_100/B4DZaB7vDpG8AQ-/0/1745936642766/pwc_india_logo?e=2147483647&v=beta&t=SojgDwrcTHoGClirqRNx4PWnrYfq0t7otcUpSeKV8z0
li-4220533736	linkedin	https://www.linkedin.com/jobs/view/4220533736	DM Fashion	Reliance Retail	Bhubaneswar, Odisha, India		fulltime	False		"**Skills:**
 Digital Marketing Strategy, Social Media Advertising, Content Creation, SEO Optimization, Email Marketing, Influencer Partnerships, Data Analytics, E\-commerce Platforms,
   

  

**Company Overview**
 Reliance Retail is India's largest and fastest\-growing retailer, known for its diverse omni\-channel presence through integrated store concepts and digital commerce platforms. Since its inception in 2006, the company has committed to revolutionizing Indian retail, offering superior quality products and unmatched shopping experiences. With a loyal customer base of over 193 million and a vast network of more than 15,000 stores, Reliance Retail continues to enhance customer value and strengthen its market presence.
   

  

**Job Overview**
 Reliance Retail is seeking a mid\-level professional for the position of DM Fashion. This full\-time role is based in Balasore, Bhadrak, Bhubaneswar, Koraput, and Jeypore. The ideal candidate will possess a strong understanding of digital marketing strategies and be capable of driving our fashion segment through innovative marketing techniques. Join our team to leverage your skills in a collaborative environment, aiming to create impactful strategies that resonate with our customers.
   

  

**Qualifications And Skills**
- Proven expertise in crafting and implementing digital marketing strategies that enhance brand visibility and drive sales.

- Proficiency in social media advertising to engage and expand our customer base across various platforms effectively.

- Strong skills in content creation, ensuring engaging and relevant content that aligns with brand communication.

- Comprehensive knowledge of SEO optimization techniques to improve search engine rankings and website traffic.

- Experience in executing successful email marketing campaigns that nurture leads and maintain customer engagement.

- Ability to establish influencer partnerships to enhance brand credibility and reach wider audiences.

- Competency in data analytics to interpret

- Company Overview

 Reliance Retail is the largest and fastest\-growing retailer in India,, providing offering a diverse omni\-channel presence. Founded in 2006 insights for, the company revolutionizes Indian informed decision retail, serving over 193 million loyal customers with superior quality\-making. growing, Reliance Retail is 7,000 cities, supportedFamiliarity with e\-commerce by a strong team platforms, enhancing user experience and and a robust digital driving online and supply chain infrastructure sales effectively.
   

  

 headquartered in Mumbai and
   

  

 \< maintains astrong\>Roles and Responsibilities\< strong portfoliobr/\>
   

  

 of both own and
   

  

* partner brands.
* Job Overview
* The promote our fashion products and increase DM Fashion market penetration.
* Manage and optimize a full\-time, social media mid\-level position focused on executing accounts to boost engagement digital marketing strategies for and foster a loyal our Fashion division in Balasore, Bhadr customer communityak, Bhub.
* aneswar Create compelling. The successful candidate will leverage digital marketing content that tools to enhance brand presence and resonates with drive sales growth, our target audience and utilizing their supports marketing expertise and creativity to initiatives.
* Implement SEO engage and attract a strategies to wider audience. Applicants should possess strong digital marketing prof enhance ouriciencies, with a online presence background in and make managing integrated campaigns across our fashion products more discoverable.
* various platforms
* Coordinate.
* Qualifications to enhance and Skills brand awareness
* \>Pro
* ficiency in designing andIdentify and collaborate with influencers to implementing digital marketing strategies amplify brand awareness and drive sales to penetrate.
* Analyze marketing data effectively.
* for performanceExperience in managing social metrics, media advertising campaigns, including content providing insights for campaign optimization.
* Ensure all budget management digital marketing efforts align for optimal with overall business objectives and brand standards.
* reach.
* Expertise in content creation, ensuring engaging, relevant, and high\-quality content across all digital platforms.
* Solid understanding and application of SEO optimization techniques to improve search engine rankings and visibility.
* Proficient in executing email marketing campaigns, using data\-driven strategies to enhance engagement and conversion rates.
* Experience in developing and managing influencer partnerships to amplify brand messages and reach new audiences.
* Strong analytical skills with a capability to interpret data analytics to guide marketing strategies and decision\-making.
* Familiarity with e\-commerce platforms and tools to effectively drive online sales and customer acquisition strategies.


**Roles And Responsibilities**
* Develop and implement comprehensive digital marketing strategies for the Fashion division, enhancing online brand visibility.
* Manage social media presence and advertising campaigns across multiple platforms to increase follower engagement and brand reach.
* Create engaging and relevant content to be shared across digital channels, ensuring alignment with overall brand voice and goals.
* Conduct regular SEO audits and implement optimization strategies for enhancing website search engine performance.
* Plan and conduct email marketing campaigns to nurture leads, foster customer loyalty, and drive sales.
* Establish and maintain partnerships with relevant influencers to enhance brand advocacy and message amplification.
* Analyze digital marketing metrics and analytics to assess campaign effectiveness and ROI, adjusting strategies as needed.
* Collaborate with cross\-functional teams to align digital marketing efforts with company objectives and growth targets."	jobspy	https://www.expertia.ai/ril-reliance-retail/job/hiring-dm-fashion-67ee4cf8d1b2125bbf72766b?utm_source=linkedin-feed&easy_apply=true&date-refresh=05/01/2025&urlHash=-0BD	associate	Design, Art/Creative, and Information Technology	Retail	https://in.linkedin.com/company/reliance-retail	https://media.licdn.com/dms/image/v2/C4E0BAQHM_iN30Rgv3w/company-logo_100_100/company-logo_100_100/0/1631307312115?e=2147483647&v=beta&t=0aVIacsATufIRcJR18WUij7uuBU9_zV-BYTJclL5lak
li-4219534045	linkedin	https://www.linkedin.com/jobs/view/4219534045	Company Secretary	Green Start Management Consultancy	Bhubaneswar, Odisha, India		fulltime	False		"**Job Title:** 
 Company Secretary
 



  





  





**Location:** 
 Bhubaneswar, Odisha
 



  





  





**Key Responsibilities:** 




  





  




* Prepare agendas and papers for board meetings, committees, and annual general meetings (AGMs) and follow up on action points.
* Convene and service AGMs, take minutes, draft resolutions, and lodge required forms and annual returns with appropriate departments.
* Ensure policies, and regulatory, or statutory changes that might affect the organization are up to date and approved by the committee.
* Handle correspondence, collate information, write reports, and communicate decisions to relevant company stakeholders.
* Liaise with external regulators and advisers such as auditors.
* Implement processes or systems to ensure good management of the organization.



  









**Required Skills:** 




  





  




* Strong Administrative Skills
* Good verbal and written communication skills
* Commercial awareness
* Diplomatic approach
* Influencing skills
* Interpersonal skills



  









**Education:** 
 Should be a CS with LLB
 



  





  





**Experience:** 
 5 years of experience required, preferably in a finance company, NBFC, or a related financial sector
 



  





  





**Salary:** 
 8 Lac CTC per Annum
 



  





  





**Note:** 
 The candidate must be a local resident of Odisha"	jobspy		mid-senior level	Administrative	Human Resources Services	https://in.linkedin.com/company/green-start-management-consultancy	https://media.licdn.com/dms/image/v2/C560BAQHpAKm_V5Siog/company-logo_100_100/company-logo_100_100/0/1631318923608?e=2147483647&v=beta&t=j9Uesdip07EHMEL9FWmlPpuFSkQ9XJlnhFljmfMVWQU
li-4220535417	linkedin	https://www.linkedin.com/jobs/view/4220535417	DM Fashion	Reliance Retail	Bhadrak, Odisha, India		fulltime	False		"**Skills:**
 Digital Marketing Strategy, Social Media Advertising, Content Creation, SEO Optimization, Email Marketing, Influencer Partnerships, Data Analytics, E\-commerce Platforms,
   

  

**Company Overview**
 Reliance Retail is India's largest and fastest\-growing retailer, known for its diverse omni\-channel presence through integrated store concepts and digital commerce platforms. Since its inception in 2006, the company has committed to revolutionizing Indian retail, offering superior quality products and unmatched shopping experiences. With a loyal customer base of over 193 million and a vast network of more than 15,000 stores, Reliance Retail continues to enhance customer value and strengthen its market presence.
   

  

**Job Overview**
 Reliance Retail is seeking a mid\-level professional for the position of DM Fashion. This full\-time role is based in Balasore, Bhadrak, Bhubaneswar, Koraput, and Jeypore. The ideal candidate will possess a strong understanding of digital marketing strategies and be capable of driving our fashion segment through innovative marketing techniques. Join our team to leverage your skills in a collaborative environment, aiming to create impactful strategies that resonate with our customers.
   

  

**Qualifications And Skills**
- Proven expertise in crafting and implementing digital marketing strategies that enhance brand visibility and drive sales.

- Proficiency in social media advertising to engage and expand our customer base across various platforms effectively.

- Strong skills in content creation, ensuring engaging and relevant content that aligns with brand communication.

- Comprehensive knowledge of SEO optimization techniques to improve search engine rankings and website traffic.

- Experience in executing successful email marketing campaigns that nurture leads and maintain customer engagement.

- Ability to establish influencer partnerships to enhance brand credibility and reach wider audiences.

- Competency in data analytics to interpret

- Company Overview

 Reliance Retail is the largest and fastest\-growing retailer in India,, providing offering a diverse omni\-channel presence. Founded in 2006 insights for, the company revolutionizes Indian informed decision retail, serving over 193 million loyal customers with superior quality\-making. growing, Reliance Retail is 7,000 cities, supportedFamiliarity with e\-commerce by a strong team platforms, enhancing user experience and and a robust digital driving online and supply chain infrastructure sales effectively.
   

  

 headquartered in Mumbai and
   

  

 \< maintains astrong\>Roles and Responsibilities\< strong portfoliobr/\>
   

  

 of both own and
   

  

* partner brands.
* Job Overview
* The promote our fashion products and increase DM Fashion market penetration.
* Manage and optimize a full\-time, social media mid\-level position focused on executing accounts to boost engagement digital marketing strategies for and foster a loyal our Fashion division in Balasore, Bhadr customer communityak, Bhub.
* aneswar Create compelling. The successful candidate will leverage digital marketing content that tools to enhance brand presence and resonates with drive sales growth, our target audience and utilizing their supports marketing expertise and creativity to initiatives.
* Implement SEO engage and attract a strategies to wider audience. Applicants should possess strong digital marketing prof enhance ouriciencies, with a online presence background in and make managing integrated campaigns across our fashion products more discoverable.
* various platforms
* Coordinate.
* Qualifications to enhance and Skills brand awareness
* \>Pro
* ficiency in designing andIdentify and collaborate with influencers to implementing digital marketing strategies amplify brand awareness and drive sales to penetrate.
* Analyze marketing data effectively.
* for performanceExperience in managing social metrics, media advertising campaigns, including content providing insights for campaign optimization.
* Ensure all budget management digital marketing efforts align for optimal with overall business objectives and brand standards.
* reach.
* Expertise in content creation, ensuring engaging, relevant, and high\-quality content across all digital platforms.
* Solid understanding and application of SEO optimization techniques to improve search engine rankings and visibility.
* Proficient in executing email marketing campaigns, using data\-driven strategies to enhance engagement and conversion rates.
* Experience in developing and managing influencer partnerships to amplify brand messages and reach new audiences.
* Strong analytical skills with a capability to interpret data analytics to guide marketing strategies and decision\-making.
* Familiarity with e\-commerce platforms and tools to effectively drive online sales and customer acquisition strategies.


**Roles And Responsibilities**
* Develop and implement comprehensive digital marketing strategies for the Fashion division, enhancing online brand visibility.
* Manage social media presence and advertising campaigns across multiple platforms to increase follower engagement and brand reach.
* Create engaging and relevant content to be shared across digital channels, ensuring alignment with overall brand voice and goals.
* Conduct regular SEO audits and implement optimization strategies for enhancing website search engine performance.
* Plan and conduct email marketing campaigns to nurture leads, foster customer loyalty, and drive sales.
* Establish and maintain partnerships with relevant influencers to enhance brand advocacy and message amplification.
* Analyze digital marketing metrics and analytics to assess campaign effectiveness and ROI, adjusting strategies as needed.
* Collaborate with cross\-functional teams to align digital marketing efforts with company objectives and growth targets."	jobspy	https://www.expertia.ai/ril-reliance-retail/job/hiring-dm-fashion-67ee4cf8d1b2125bbf72766b?utm_source=linkedin-feed&easy_apply=true&date-refresh=05/01/2025&urlHash=-0BD	associate	Design, Art/Creative, and Information Technology	Retail	https://in.linkedin.com/company/reliance-retail	https://media.licdn.com/dms/image/v2/C4E0BAQHM_iN30Rgv3w/company-logo_100_100/company-logo_100_100/0/1631307312115?e=2147483647&v=beta&t=0aVIacsATufIRcJR18WUij7uuBU9_zV-BYTJclL5lak
li-4220518175	linkedin	https://www.linkedin.com/jobs/view/4220518175	Area Head / District Head	Bharti AXA Life Insurance	Bhubaneswar, Odisha, India		fulltime	False		"**Company Description**
  

 Bharti AXA Life Insurance is one of the leading life insurance providers in India, established in 2006 and a flagship company of Bharti Life Ventures Private Limited. We offer a wide range of value\-for\-money, need\-based life insurance and savings solutions. With over 200 branches across India, we ensure accessibility and convenience for our customers. We pride ourselves on our customer\-centric approach, striving to deliver a hassle\-free experience at every step of the insurance journey. Recognized as a Great Place to Work for four consecutive years, we foster a positive work environment.
   

  

**Locations :\-** 
 Jagatsinghpur, Nayagarh, Berhampur, Puri
   

  

 (Candidates must be from the mentioned locations, Kindly don't apply if you are not a resident of these locations or don't have expertise in these markets)
   

  

**Role Description**
  

 This is a full\-time on\-site role for an Area Head / District Head at Bharti AXA Life Insurance. The role involves overseeing sales and operations within the designated territory, managing a team of sales professionals, and ensuring sales targets and growth objectives are met. The Area Head / District Head will be responsible for developing and implementing business plans, building strong customer relationships, and ensuring customer satisfaction. Additionally, the role requires conducting regular training sessions, monitoring market trends, and reporting on performance metrics.
   

  

 \* Lead and Manage a high\-performing team of Managers.
   

 \* Drive Distribution expansion through Partner and Agent recruitment.
   

 \* Ensure growth and performance in assigned district or territory.
   

  

**Qualifications**
* Minimum 6\+ years of experience in the Life Insurance industry.
* Proven expertise in the Agency Channel.
* Stable career track with at least 2\+ years in the current or last organization.
* Leadership, team management, and performance monitoring skills.
* Experience in sales, business development, and customer relationship management
* Strategic planning, market analysis, and target setting skills
* Excellent communication, negotiation, and interpersonal skills
* Ability to work independently and lead a team on\-site.
* Bachelor's degree or post graduation equivalent."	jobspy		director	Business Development and Sales	Insurance	https://in.linkedin.com/company/bharti-axa-life-insurance	https://media.licdn.com/dms/image/v2/C4D0BAQGgWohA6NGa1A/company-logo_100_100/company-logo_100_100/0/1650450944753?e=2147483647&v=beta&t=BOc0CpAx_ycSW9fztGzaL6bGemUyOC2jfDj6sCPdTNk
li-4204805457	linkedin	https://www.linkedin.com/jobs/view/4204805457	Analog Design, Sr Engineer	Synopsys Inc	Bhubaneswar, Odisha, India		fulltime	False		"We Are:
   

  

 At Synopsys, we drive the innovations that shape the way we live and connect. Our technology is central to the Era of Pervasive Intelligence, from self\-driving cars to learning machines. We lead in chip design, verification, and IP integration, empowering the creation of high\-performance silicon chips and software content. Join us to transform the future through continuous technological innovation.
   

  

 You Are:
   

  

 As an ideal candidate, you are a highly motivated and experienced Analog Design Engineer with a passion for developing state\-of\-the\-art analog sensors. You have a solid background in custom analog/mixed\-signal circuit design, circuit simulations, custom layout, and post\-silicon characterization. You thrive in a collaborative environment, guiding junior engineers, and liaising with layout teams to achieve optimal engineering solutions. Your forward\-thinking approach, combined with your extensive technical knowledge, enables you to tackle the unique challenges posed by various target applications. You possess a B.Tech. or M.Tech. degree in Electrical Engineering with 2 years of relevant industry experience or a PhD with relevant experience. Your expertise in advanced process challenges, including ESD and reliability, and your familiarity with tools like PrimeSim, FineSim, and HSPICE, set you apart as a leader in the field.
   

  

 What You’ll Be Doing:
   

  

* Conceptualizing, designing, and productizing state\-of\-the\-art on\-chip Process, Voltage, Temperature, Current, and Droop sensors.
* Developing innovative solutions in the field of on\-die monitoring.
* Liaising with the layout team to achieve the best possible engineering solutions.
* Deploying new sensors into test chips and conducting post\-silicon characterization.
* Guiding and mentoring junior engineers and tracking their work progress.
* Collaborating with internal teams and external customers to ensure project success.


 The Impact You Will Have:
   

  

* Enhancing the performance, power, area, schedule, and yield of our products.
* Contributing to the reliability and optimization of next\-generation intelligent in\-chip sensors.
* Driving innovation in on\-die monitoring solutions.
* Improving the integration process for customers, leading to faster time\-to\-market.
* Providing technical leadership and mentoring to junior engineers.
* Ensuring the successful deployment and characterization of new sensors.


 What You’ll Need:
   

  

* Strong technical experience in full custom analog/mixed\-signal circuit design, simulations, and custom layout.
* B.Tech. or M.Tech. degree in Electrical Engineering with 2 years of relevant industry experience or a PhD with relevant experience.
* Knowledge of custom Analog/AMS design techniques, implementation, and verification.
* Familiarity with advanced process challenges, including ESD and reliability.
* Experience with tools like PrimeSim, FineSim, HSPICE, and Custom Compiler or equivalent schematic \& layout editor tools.


 Who You Are:
   

  

* A forward\-thinking and design\-oriented individual.
* A team player with excellent communication, mentoring, and interpersonal skills.
* A problem\-solver who can handle moderate scope problems and analyze several factors.
* An established professional with practical knowledge and the ability to resolve a variety of issues.
* Someone who can work under general supervision and achieve day\-to\-day objectives with moderate impact.


 The Team You’ll Be A Part Of:
   

  

 As a member of the PVT Sensor Group, you will be part of a dynamic team focused on building next\-generation intelligent in\-chip sensors and hardware. Our team is dedicated to offering the world’s first full hardware IP, test, and end\-to\-end solutions to help customers integrate faster, optimize performance, and enhance reliability. You will collaborate with talented engineers and contribute to the development of innovative solutions that meet the unique challenges posed by various target applications.
   

  

 Rewards and Benefits:
   

  

 We offer a comprehensive range of health, wellness, and financial benefits to cater to your needs. Our total rewards include both monetary and non\-monetary offerings. Your recruiter will provide more details about the salary range and benefits during the hiring process."	jobspy	https://careers.synopsys.com/job/-/-/44408/79752940992?source=LinkedIn&urlHash=gaMz	mid-senior level	Design, Consulting, and Engineering	Semiconductor Manufacturing, Software Development, and Computer Hardware Manufacturing	https://www.linkedin.com/company/synopsys	https://media.licdn.com/dms/image/v2/C4E0BAQEq7MVORIs3MA/company-logo_100_100/company-logo_100_100/0/1631306256041?e=2147483647&v=beta&t=3U7hH11iUbvPg705cQCIz3w-Z8tybTDhgrt_TZPl_xE
li-4215311572	linkedin	https://www.linkedin.com/jobs/view/4215311572	Business Development Manager (Food Processing)	VeloExim	Bhubaneswar, Odisha, India		contract	False		"Nudgetech Solutions (operating as
 **VeloExim** 
 ) is seeking a seasoned
 **Business Development Manager** 
 to lead strategic partnerships and client acquisition in the food processing and agri\-export sectors. This role will be instrumental in driving demand for our marketplace offerings by connecting with food processors, institutional buyers, distributors, and overseas importers. The ideal candidate will also pitch
 **custom skill training modules** 
 to partner companies to upskill their employees across supply chain, packaging, and export compliance.
 



  




**Key Responsibilities** 
* Develop and implement a scalable
 **business development strategy** 
 for export\-ready food products and value\-added agri goods.
* Build and maintain strong relationships with
 **food processing units** 
 ,
 **export houses** 
 ,
 **bulk buyers** 
 , and
 **trading companies** 
 .
* Lead
 **B2B negotiations** 
 , drive client onboarding, and close long\-term commercial contracts.
* Collaborate with cross\-functional teams (Marketing, Product, Operations) to ensure seamless execution and client satisfaction.
* Identify industry pain points and
 **pitch customized training programs** 
 for supply chain, operations, and agri\-export compliance as a value\-add service.
* Track market trends and contribute insights to shape new product offerings and trade expansion initiatives.



  




**Requirements** 
* Minimum
 **5 years of experience** 
 in B2B sales, business development, or client relationship management—preferably in
 **food processing** 
 ,
 **exports** 
 , or
 **agribusiness** 
 .
* Strong network across the agri\-export ecosystem and familiarity with institutional procurement practices.
* Experience with
 **CRM systems** 
 , proposal writing, and enterprise deal closure.
* Excellent negotiation, communication, and presentation skills.
* Passion for empowering producers, processors, and FPOs through meaningful market access.



  




**Why Join VeloExim (by Nudgetech Solutions)?** 
* **Top 10 Startups** 
 –
 *IIM Ahmedabad Ventures* 
 and
 *Kotak Bizlabs 2025 Cohort*
* **Top 10 Startups** 
 –
 *IIM Lucknow Global Accelerator Program 2024 (in partnership with EXIM Bank)*
* Opportunity to work at the intersection of technology, exports, and impact\-driven innovation.
* Direct involvement in transforming India’s agri\-export capabilities by enabling processors and producers to tap into global markets."	jobspy		mid-senior level	Business Development and Sales	Transportation, Logistics, Supply Chain and Storage	https://www.linkedin.com/company/veloexim	https://media.licdn.com/dms/image/v2/D560BAQGIy6s0ySkvHQ/company-logo_100_100/company-logo_100_100/0/1730016202412?e=2147483647&v=beta&t=1xvVBlPZIf3hI-WjLfTyNPzME1rAnjNDk9_wQZ-9bFs
li-4218583253	linkedin	https://www.linkedin.com/jobs/view/4218583253	Team Leader	NetAmbit	Jatani, Odisha, India		fulltime	False	bablu.pathak@netambit.net	"This job is provided by apna.co Process: Gpay
   

  

 Designation: Team Leader
   

  

 Company: Netambit ValueFirst Services Pvt Ltd
   

  

* Experience: 2\-5 years in Team Leader Direct sales/ B2B Sales/ Merchant Acquisition / Retail Sales (Not Stores experience) Telecom Sales/ Digital Payment.


 Field sales \& Team handling experience is must.
   

  

**Digital Payments \& Telecom Sales Experience Will Be Preferred.**
* Only QR\+Sound box installation experience candidate share cv


 Interested candidate share your Cv bablu.pathak@netambit.net $ 6202572748
   

  

**Job Responsibilities**
* Develop strategy for acquisition of merchants, retailers from various segments.
* Responsible for sourcing, generating; closing new acquisition \& activations signing leads.
* Will be managing the team of direct sales people.
* Coach \& mentor th…"	jobspy	https://www.apna.co/job/Khordha/Team-Leader-970648884?utm_source=LinkedIn&utm_medium=listing&utm_campaign=linkedin_apply&ref=linkedin&urlHash=KGTT	mid-senior level	Information Technology	Executive Offices	https://in.linkedin.com/company/netambitofficial	https://media.licdn.com/dms/image/v2/D560BAQGCfyCY9wDuxw/company-logo_100_100/company-logo_100_100/0/1729068429740/netambitforgrowth_logo?e=2147483647&v=beta&t=g6kMaDkfYLmtZJ-Gx7sLMr4MftEy4lNbNi1SxQZyMTI
li-4217776461	linkedin	https://www.linkedin.com/jobs/view/4217776461	Validation Lead	Livspace	Bhubaneswar, Odisha, India		fulltime	False		"**About Us**
 Livspace is Asia’s largest and fastest\-growing omnichannel home interiors and renovation platform. Using its proprietary technology, Livspace provides a one\-stop renovation solution for homeowners—from design to managed last mile fulfillment for all rooms in a home. The platform has organized a fragmented industry, bringing together designers, brands, manufacturers, and contractors to enable an eCommerce\-like trusted, and predictable experience.
   

  

 The company launched operations in Bengaluru, India in 2015\. Since its inception, Livspace has organized a fragmented industry, bringing together a curated community of designers, brands, manufacturers and contractors. This has resulted in an e\-commerce\-like trusted and predictable experience for the homeowners. Livspace boasts of a community of 50000\+ satisfied customers and over 2000 interior designers.
   

  

 The company is already the largest employer of interior designers in the country. Livspace currently serves Singapore, Malaysia, Saudi Arabia as well as 30 metro and non\-metro areas in India including \- Bengaluru, Chennai, Delhi, Noida, Gurgaon, Mumbai, Thane, Pune, Hyderabad, Kolkata, Ahmedabad, Kochi, Jaipur, Lucknow, Indore, Surat, Coimbatore, Mysore, Mangalore, Vizag, Vijayawada.
   

  

 Livspace has showcased phenomenal growth since its launch, having delivered over 125,000 rooms and selling over 7\.5 million SKUs through its platform. The company also delivered 50,000 homes across all our serviceable locations.
   

  

 The founders \- Anuj Srivastava and Ramakant Sharma are former Google and Myntra executives respectively, who are seasoned entrepreneurs and successful angel investors. Livspace’s leadership team combines world\-class talent and entrepreneurial experience gathered at some of the best companies in the world.
   

  

 Livspace has raised around USD 450 million in capital from some of the top global investors including KKR, Ingka Group Investments (part of largest IKEA retailer Ingka Group), TPG Growth, Goldman Sachs, Kharis Capital, Venturi Partners, FFP (Peugeot Group’s Holding Company), EDBI, Bessemer Venture Partners, Jungle Ventures, Helion Ventures and UC\-RNT. For more information, please visit: ""https://www.livspace.com/""
   

  

**Job Description**
 A Validation Lead offers solutions on both modular and services scope of work. While modulars are handled by our dedicated vendors across the country, services are delivered through a curated marketplace of Livspace\-certified contractor partners and an in\-house contracting team. To ensure we are providing the right inputs to our vendor partners and the right inputs are captured from the customers , we have a team who handles the following responsibilities :
   

  

* Validate drawings, BOQ \& site.
* Understand drawings of all disciplines (Modular \& Non\-modular KWS, furniture, civil, electrical, plumbing,etc) and verify quantities of each line item in the BOQ.
* Identify design discrepancies and foresee execution risk.
* Highlight the missing line items in the BOQ.
* Finalize BOQ after clarifying design discrepancies and a thorough validation at site.
* Provide error free validation reports within the provided SLA.


 Job Requirement
   

  

* Diploma/ B. Tech. in Civil Engineering or Architecture.
* 3\+ years of contracting experience (1 yr execution \+ 2 yr QS) in residential/commercial projects.
* Ability to assess design feasibility, visualize on\-site conditions and foresee execution risks.
* Proactive and capable of prioritizing work.
* Extremely high level of ownership.
* High learning aptitude.
* Good communication skills – Verbal \& Written."	jobspy	https://livspace.sensehq.com/careers/jobs/54927&urlHash=j42m	mid-senior level	Quality Assurance	Interior Design	https://in.linkedin.com/company/livspace	https://media.licdn.com/dms/image/v2/C4D0BAQH3FQB6L_BhjA/company-logo_100_100/company-logo_100_100/0/1679385176826/livspace_logo?e=2147483647&v=beta&t=H8mX-6cDVPCrJ06A0iKQjj33zBGSF2WhrqgY8VH7Oco
li-4219530478	linkedin	https://www.linkedin.com/jobs/view/4219530478	Operation Executive	HIREKARMA	Bhubaneswar, Odisha, India		fulltime	False		"\*Experience \- 0\-1 Year
 



  





**Company Description** 




 HIREKARMA PRIVATE LIMITED is a dynamic company specializing in campus placements with a technology\-driven approach. Our ecosystem connects top talent with the right opportunities through an automated, transparent, and efficient hiring process. With a focus on empowering fresh graduates and helping companies discover exceptional talent, we set new benchmarks in campus hiring and strive to be the most reliable recruitment platform.
 



  





**Role Description** 




 This is a full\-time on\-site role for an Operation Executive located in Bhubaneswar. The Operation Executive will be responsible for day\-to\-day operations management, utilizing analytical skills to optimize processes, and ensuring effective communication within the organization.
 



  





**Qualifications** 



* Interpersonal Skills and Communication abilities
* Strong Operations and Operations Management skills
* Analytical Skills
* Experience in managing operations effectively
* Excellent organizational and problem\-solving abilities
* Ability to work in a fast\-paced environment and handle multiple tasks
* Knowledge of recruitment processes and techniques would be a plus
* Bachelor's degree in Business Administration or related field"	jobspy		entry level	Management and Manufacturing	Human Resources	https://in.linkedin.com/company/hirekarma-pvt-ltd	https://media.licdn.com/dms/image/v2/C4E0BAQEofOUmWkCnJw/company-logo_100_100/company-logo_100_100/0/1635598374903?e=2147483647&v=beta&t=Yc-i1jgAQeH6JxNxgHH_vGIh2RQVHPvh7sO7rOiqhao
li-4219404626	linkedin	https://www.linkedin.com/jobs/view/4219404626	Application Developer	Accenture in India	Bhubaneswar, Odisha, India		fulltime	False		"**Project Role :** 
 Application Developer
   

  

**Project Role Description :** 
 Design, build and configure applications to meet business process and application requirements.
   

  

**Must have skills :** 
 Duck Creek Policy
   

  

**Good to have skills :** 
 NA
   

  

**Minimum 3 Year(s) Of Experience Is Required**
**Educational Qualification :** 
 15 years full time education
   

  

 Summary: As an Application Developer, you will be responsible for designing, building, and configuring applications to meet business process and application requirements in Bhubaneswar. You will play a crucial role in the development and implementation of software solutions. Roles \& Responsibilities: \- Expected to perform independently and become an SME. \- Required active participation/contribution in team discussions. \- Contribute in providing solutions to work related problems. \- Develop and implement software solutions based on business requirements. \- Collaborate with team members to ensure successful project delivery. \- Conduct code reviews and provide feedback for continuous improvement. \- Troubleshoot and debug applications to enhance performance. \- Stay updated with industry trends and technologies to suggest improvements. Professional \& Technical Skills: \- Must To Have Skills: Proficiency in Duck Creek Policy. \- Strong understanding of software development lifecycle. \- Experience with Agile methodologies for project management. \- Hands\-on experience in coding, testing, and debugging applications. \- Knowledge of database management systems and SQL queries. Additional Information: \- The candidate should have a minimum of 3 years of experience in Duck Creek Policy. \- This position is based at our Bhubaneswar office. \- A 15 years full time education is required.
   

  

 15 years full time education"	jobspy	https://www.accenture.com/in-en/careers/jobdetails?id=ATCI-4839834-S1852192_en&src=LINKEDINJP&urlHash=uDlU	mid-senior level	Information Technology and Engineering	IT Services and IT Consulting	https://in.linkedin.com/company/accentureindia	https://media.licdn.com/dms/image/v2/D560BAQHbx0URQnbCKg/company-logo_100_100/company-logo_100_100/0/1719978199717/accentureindia_logo?e=2147483647&v=beta&t=CC3_65dE1-gbIGI-90G1gmK9Yusl5AjP69jTl_DxW8g
li-4219803760	linkedin	https://www.linkedin.com/jobs/view/4219803760	Security and Loss Prevention Specialist, INSLP	Amazon	Bhubaneswar, Odisha, India		fulltime	False		"**Description**
 INSLP (Security \& Loss Prevention) is hiring an SLP Specialist to support growth of the “SLP MDR Concessions Abuse Program” and help preventing losses via identification of abusive entity. The program is aimed at identifying and eliminating Concessions Abuse while preserving customer trust.
   

  

 The primary objective of the SLP Specialist is to provide security services, investigation and asset protection in designated area of responsibility, assist in mitigating product loss, and maintain customer satisfaction in accordance with INSLP guidelines and policies. The role is cross\-functional and requires deep collaboration and influencing ability with stakeholders from business and corporate functions. SLP Specialist's day\-to\-day activities involve planning, organizing, coordinating, implementing and executing process and procedures laid down by the organization and the SLP function.
   

  

 As a part of the SLP MDR Concessions Abuse program, the SLP Specialist is required to deep dive into the Concessions request raised by customer, and conduct end\-to\-end investigation across customer, DA/network and seller to identify the abusive entity. SLP has outlined frameworks for investigation, and the SLP Specialist is bound to adhere to the investigation guidelines. Along with primarily supporting on Concessions investigations, the SLP Specialist will be required to provide on\-ground intel useful in uncovering abuse MOs. In order to ensure network integrity, the SLP Specialist will be required to conduct risk assessment and process audit for the respective sites and work in accordance with the security policies and guidelines.
   

  

 Key job responsibilities
   

  

 Security Operation
   

  

* Implementation and follow\-up of Loss Prevention Plan in MDR Concessions


 Audits and Compliance
   

  

* Conducting SLP audits and implementing SOPs
* Surprise check and reports at LM (Last Mile) stations
* Keeping the plans and SOPs updated
* Periodical check of documentation
* Adhering to SLAs defined for the SLP MDR Concessions Abuse Program


 Process Improvement and Loss Prevention
   

  

* Process review, gap analysis and implementation of necessary improvements
* Weekly, monthly and quarterly assessments
* Loss prevention reporting
* Working on feedbacks received from internal and external stakeholders
* Follow up and completion of CAPA
* Recommending loss prevention initiatives based on on\-ground intel


 Loss Prevention Analysis and Investigation
   

  

* Work closely with the SLP and CS teams to analyze the loss trends in MDR Concessions
* Weekly loss trend analysis, identifying defects / abusive entities and working towards loss reduction
* Conduct investigations by working closely with CS and support functions in SLP and Ops
* Meeting the weekly investigation targets and submitting investigation reports
* Sharing RCAs and PTG initiatives on shrink and unmet goals


**Basic Qualifications**
 University degree or equivalent through experience and professional certification
   

  

* A minimum of 7\-10 years in Security and Loss prevention role, law enforcement or security\-related profession
* Extensive and up to date knowledge of Shrink Management and Data Analysis
* Experience in managing or coordinating security investigations of complex nature
* Knowledge of information security processes and systems
* Experience in security auditing


**Preferred Qualifications**
 Loss Prevention experience
   

  

* Investigation/Security related certification
* Emergency Response / Crisis Management certification
* Training \& Development experience
* Auditing and security investigations experience
* Exposure to MNC culture and dynamics


 Our inclusive culture empowers Amazonians to deliver the best results for our customers. If you have a disability and need a workplace accommodation or adjustment during the application and hiring process, including support for the interview or onboarding process, please visit https://amazon.jobs/content/en/how\-we\-hire/accommodations for more information. If the country/region you’re applying in isn’t listed, please contact your Recruiting Partner.
   

  

  

**Company** 
 \- ATSPL \- Odisha \- G69
   

  

 Job ID: A2969734"	jobspy	https://www.amazon.jobs/jobs/2969734/security-and-loss-prevention-specialist-inslp?cmpid=SPLICX0248M&utm_source=linkedin.com&utm_campaign=cxro&utm_medium=social_media&utm_content=job_posting&ss=paid&urlHash=NNrZ	not applicable	Supply Chain and Manufacturing	Software Development	https://www.linkedin.com/company/amazon	https://media.licdn.com/dms/image/v2/C560BAQHTvZwCx4p2Qg/company-logo_100_100/company-logo_100_100/0/1630640869849/amazon_logo?e=2147483647&v=beta&t=QsC16wgE3EBriPFDlAgtToh2xndFwQWKmR2WcyMG1nk
li-4219694246	linkedin	https://www.linkedin.com/jobs/view/4219694246	Google CCAI BOT Developer	Miratech	Bhubaneswar, Odisha, India		contract	True		"**Company Description**
 Miratech helps visionaries change the world. We are a global IT services and consulting company that brings together enterprise and start\-up innovation. Today, we support digital transformation for some of the world's largest enterprises. By partnering with both large and small players, we stay at the leading edge of technology, remain nimble even as a global leader, and create technology that helps our clients further enhance their business. We are a values\-driven organization and our culture of Relentless Performance has enabled over 99% of Miratech's engagements to succeed by meeting or exceeding our scope, schedule, and/or budget objectives since our inception in 1989\.
   

  

 Miratech has coverage across 5 continents and operates in over 25 countries around the world. Miratech retains nearly 1000 full\-time professionals, and our annual growth rate exceeds 25%.
   

  

**Job Description**
 Miratech as a trusted partner seeks a CCAI BOT Developer to join our team remotely.
   

  

 This project focuses on developing and implementing advanced conversational AI solutions using the Google CCAI Bot framework. Scrum teams, including IVR and chatbot developers, collaborate to build intelligent voice bots and chatbots that enhance customer interactions in contact centers. The project integrates NLP, NLU, and machine learning technologies with backend systems, databases, and APIs to create scalable, high\-performance solutions. It utilizes CI/CD pipelines, agile methodologies, and enterprise\-scale technologies like Google Dialogflow, Genesys, and Nuance Mix Tools. Developers also work with REST\-based microservices and automated testing to ensure reliability and continuous improvement of the chatbot ecosystem.
   

  

**Responsibilities:**
* Design, develop, and deploy chatbots and voicebots using leading Conversational AI platforms such as Microsoft Bot Framework and Google Dialogflow.
* Write clean, efficient, and maintainable code following industry best practices and standards.
* Develop custom components and tools to enhance chatbot functionality, performance, and user experience.
* Collaborate with cross\-functional teams, including developers, designers, and stakeholders, to align chatbot solutions with project goals and user needs.
* Utilize NLP and ML techniques, including TTS, STT, and SSML, to enable intelligent and context\-aware chatbot interactions.
* Integrate chatbot systems with backend infrastructure, databases, and APIs to ensure seamless data flow and interaction.
* Troubleshoot and resolve technical issues by analyzing logs, debugging code, and implementing continuous improvements.
* Stay updated with emerging trends and advancements in chatbot development, AI, and Conversational UI technologies.


 Qualifications
   

  

* 3\+ years of experience with the Google CCAI Bot framework, Dialogflow ES/CX, and Conversational AI technologies, including NLP, NLU, and ML.
* 3\+ years of experience in IVR application development, including Nuance grammar development.
* Expertise in web services integration, including working with SQL databases, relational databases, and RESTful APIs.
* Experience with Google, Genesys, and related technologies, including GVP, Nuance Mix Tools.
* Strong understanding of agile development and Scrum best practices.
* Strong analytical skills for resolving technical issues in complex, distributed environments.
* Bachelor’s degree in a technology\-related field or equivalent professional experience.


 Nice to have:
   

  

* Proficiency in Core Java, Java/J2EE, Servlets, JSP, and REST\-based microservices.
* Hands\-on experience with Git, Jenkins, Maven, and automated testing methodologies.
* Experience with the Spring framework and familiarity with Tomcat or similar web servers.
* Experience with Genesys Composer


**We offer:**
* Culture of Relentless Performance: join an unstoppable technology development team with a 99% project success rate and more than 30% year\-over\-year revenue growth.
* Competitive Pay and Benefits: enjoy a comprehensive compensation and benefits package, including health insurance, language courses, and a relocation program.
* Work From Anywhere Culture: make the most of the flexibility that comes with remote work.
* Growth Mindset: reap the benefits of a range of professional development opportunities, including certification programs, mentorship and talent investment programs, internal mobility and internship opportunities.
* Global Impact: collaborate on impactful projects for top global clients and shape the future of industries.
* Welcoming Multicultural Environment: be a part of a dynamic, global team and thrive in an inclusive and supportive work environment with open communication and regular team\-building company social events.
* Social Sustainability Values: join oursustainable business practicesfocused on five pillars, including IT education, community empowerment, fair operating practices, environmental sustainability, and gender equality.
* Miratech is an equal opportunity employer and does not discriminate against any employee or applicant for employment on the basis of race, color, religion, sex, national origin, age, disability, veteran status, sexual orientation, gender identity, or any other protected status under applicable law.


 Additional Information
   

  

 All your information will be kept confidential according to EEO guidelines."	jobspy		mid-senior level	Engineering and Information Technology	IT Services and IT Consulting	https://www.linkedin.com/company/miratech	https://media.licdn.com/dms/image/v2/D560BAQFZ2nH7NHhJuA/company-logo_100_100/B56ZUjoIcGGoAU-/0/1740059478100/miratech_logo?e=2147483647&v=beta&t=_k-2ao3VB7CF9K_Wg8i16AJZnLiijiQIhjcQHfig2Fo
li-4218859496	linkedin	https://www.linkedin.com/jobs/view/4218859496	Kruti Coffee Ventures LLP: Barista	join.com	Bhubaneswar, Odisha, India		fulltime	False		"Kruti Coffee Ventures LLP is looking for a Barista
 



 Kruti Coffee is one of India's fastest growing specialty coffee entity and cafe chain. Kruti Coffee started it's specialty coffee journey by transforming farm management practices of Kindiriguda tribal coffee farms in the Eastern Indian State of Odisha.
 


  

 Tasks
   

  
* Greet all customers with friendly, personalized service and develops a rapport with them.
  
* Maintaining a fast speed of service, especially during rush times and high peak season.
  
* Take orders from customers and input their selections into the café’s internal computer systems
  
* Develop sufficient knowledge on the list of products and offerings and effectively and accurately communicate it to customers
  
* Prepare all beverages according to customer requirements within the prescribed time frame
  
* Prepare / reheat / serve food according to the set standards
  
* Grinding, weighing and packing coffee beans for customers
  
* Understanding the basics of all company coffees (roast level and flavor notes)
  
* Able to suggest beverages, roasts and equipment based on customer’s requirement
  
* Ensures cleanliness at the station and café in general during each shift
  
* Respond to guest questions, concerns and complaints and make sure they leave satisfied
  
* Follow all café safety and security procedures and arrive on time for all shifts and stay until shift completion
  
* Maintains efficient, friendly service. Clear tables in a timely and thorough manner.
  
* Responds proactively to prevent heated customer service situations.
  
* Restocks retail shelves when necessary, keeping in mind set merchandising guidelines. Keeps the retail areas neat and clean.
  


  

 Requirements
   

  
* Qualification: Any graduate or Diploma
  
* total work: 1 year (Preferred)
  


  

 Benefits
   

  
* **Benefits** 
 :
  
* Food provided
  
* Health insurance
  
* Paid time off
  
* Provident Fund
  
* **Supplemental pay types:**
  
* Commission pay
  
* Performance bonus
  


  


**Schedule:** 



  

  
* Day shift
  
* Evening shift
  
* Morning shift
  
* Rotational shift
  
* Weekend availability"	jobspy	https://join.com/companies/kruticoffee/14057785-barista?pid=e65242534431eadcb0c9&urlHash=E28N	entry level	Other	Food and Beverage Manufacturing	https://de.linkedin.com/company/join-com	https://media.licdn.com/dms/image/v2/D560BAQFcUUWi3wqdXw/company-logo_100_100/B56ZaAyln4GUAc-/0/1745917467642/join_com_logo?e=2147483647&v=beta&t=ivK4ugeHS0jI6Zajfm82TS0zN_zY_9JunIZ60R8HBvs
li-4219933594	linkedin	https://www.linkedin.com/jobs/view/4219933594	Academic Counsellor in Andhra Pradesh, Tamil Nadu, Karnataka, Odisha, Begumpet, Rajasthan, Maharashtra, Telangana, Kolkata, Hyderabad, Raipur, Nagpur	WeMakeScholars	Odisha, India		fulltime	False		"**Key Responsibilities**
* Get trained on the process of scholarship and admission in various countries
* Help students secure admits and scholarships for their higher studies abroad
* Understand student profiles and requirements upon their application
* Shortlist appropriate scholarships and universities for each student
* Write scholarship essays and Statements of Purpose (SOP) for students
* Track and manage deadlines for your portfolio of students
* Interact with students via phone or email, dedicating 3\-4 hours a day for calls


 About Company: WeMakeScholars is a Hyderabad\-based fintech startup specializing in education loans and scholarships. Established seven years ago, we collaborate closely with major banks and NBFCs in India, including SBI, Axis Bank, and ICICI Bank, to simplify the education loan application process for students and parents. While we do not directly provide loans, we ensure a seamless and hassle\-free experience. As market leaders in the education finance segment, we currently partner with over 14 financial institutions, a number that continues to grow. Last year, we facilitated the disbursement of approximately 10,000 crore in student loans, and we anticipate even higher volumes this year."	jobspy	https://internshala.com/job/detail/fresher-academic-counsellor-job-in-multiple-locations-at-wemakescholars1745922732/?utm_campaign=linkedin_d2002&utm_source=Linkedin_Partnership&urlHash=uR_U	entry level	Other	Education Administration Programs	https://in.linkedin.com/company/wemakescholars-com	https://media.licdn.com/dms/image/v2/C4E0BAQG_aG65c5EESg/company-logo_100_100/company-logo_100_100/0/1631343004211?e=2147483647&v=beta&t=ehKDoc5ew1oAuhfvdgcvdYZPDqM82U4aGJRNrsdLn1k
li-4220531643	linkedin	https://www.linkedin.com/jobs/view/4220531643	Inside Sales Representative	AR Robotics India	Bhubaneswar, Odisha, India		fulltime	False		"The ideal candidate is a competitive self\-starter that thrives in a fast\-paced environment. You must be comfortable making dozens of calls per day, working with partners, generating interest, qualifying prospects, and closing sales. 
 



  
 



**Responsibilities** 



* Source new sales opportunities through inbound lead follow\-up and outbound cold calls from digital leads
* Prospect call preparation including company background research and other pertinent lead information
* Identify customer's buying trends and provide reports to management
* Enter, update, and maintain CRM information on leads, prospects, and opportunities



  





**Qualifications** 



* Bachelor's degree or equivalent experience in Business
* 0\-6 months of inside sales experience
* Excellent written and verbal communication skills
* Ability to multi\-task, organize, and prioritize work"	jobspy		entry level	Sales and Business Development	Appliances, Electrical, and Electronics Manufacturing	https://in.linkedin.com/company/ar-robotics-india	https://media.licdn.com/dms/image/v2/C4E0BAQGnKOu9yIuxkQ/company-logo_100_100/company-logo_100_100/0/1630620393584?e=2147483647&v=beta&t=LvRM516CNwBFgI4DN0VjXgvZYTj9AjHR7YL5Nm0jupQ
li-4218931503	linkedin	https://www.linkedin.com/jobs/view/4218931503	Junior Consultant - Gastroenterology & GI Surgery	Apollo BGS Hospitals	Raurkela, Odisha, India		fulltime	False		"Dear Candidate,
   

  

 We are delighted to introduce you to Apollo Hospitals, a leading healthcare provider in India. With a long\-standing heritage spanning many decades, Apollo Hospitals has established itself as a trusted name in the healthcare field, consistently delivering exceptional care with compassion.
   

  

 Renowned for our state\-of\-the\-art medical facilities, advanced technology, and a highly skilled and dedicated team of healthcare professionals, Apollo Hospitals is committed to providing quality care and ensuring patient satisfaction in everything we do.
   

  

 Our organization strives to offer comprehensive healthcare services across various specialties and disciplines. From primary care to specialized treatments, we provide a wide range of medical services to cater to the diverse needs of our patients. Our hospital is equipped with cutting\-edge technology, modern infrastructure, and an experienced team of doctors, nurses, and support staff who collaborate to deliver the highest standards of healthcare.
   

  

 At Apollo Hospitals, we believe in fostering continuous learning and innovation. We prioritize research and development to remain at the forefront of medical advancements, enabling us to provide the latest treatments and therapies to our patients. We also emphasize preventive care and wellness programs, promoting a healthy lifestyle and helping individuals maintain optimal health.
   

  

 Furthermore, Apollo Hospitals holds a strong commitment to social responsibility. Through various initiatives, we strive to make quality healthcare accessible to all members of society, regardless of their socio\-economic background. We actively participate in community health programs, awareness campaigns, and outreach activities to promote healthcare education and support underserved populations.
   

  

 As you join our team, we invite you to embody the values and culture of Apollo Hospitals. Our core principles include prioritizing patient\-centric care, fostering teamwork, upholding integrity, and embracing compassion in all that we do. Together, we have the power to make a significant impact on the lives of our patients and contribute to the progress of healthcare in our community.
   

  

 We are excited about the opportunity to collaborate with you, harnessing your skills and expertise to deliver exceptional care and service to our patients. If you have any inquiries or would like to explore more about Apollo Hospitals, please don't hesitate to contact our team.
   

  

 Thank you for joining the Apollo Hospitals family. We are thrilled to begin this journey together, striving for excellence in healthcare.
   

  

 Sincerely,
   

  

 Team HR
   

  

* Job Identification 23792
* Posting Date 03/28/2025, 08:13 AM
* Apply Before 05/31/2025, 08:12 AM
* Degree Level Graduate
* Job Schedule Full time
* Locations ISPAT Post Graduate Institute and Super Specialty Hospital , Rourkela, Odisha, 769005, IN"	jobspy	https://cgs.fa.ap2.oraclecloud.com/hcmUI/CandidateExperience/en/sites/CX_2/job/23792&urlHash=cHc7	entry level	Consulting, Information Technology, and Sales	Hospitals and Health Care	https://www.linkedin.com/company/apollo-bgs-hospitals	https://media.licdn.com/dms/image/v2/D560BAQGlWREH2VVeGw/company-logo_100_100/company-logo_100_100/0/1689768503705/apollo_bgs_hospitals_logo?e=2147483647&v=beta&t=wpkhwGn40EaFnpCr7nKMBHOzy-NHE2JGREqvetfVJoI
li-4218012869	linkedin	https://www.linkedin.com/jobs/view/4218012869	Business Development Executive	Meraaquii D&C Private Limited	Bhubaneswar, Odisha, India		fulltime	False		"The ideal candidate will have experience in all stages of the marketing cycle. They should be confident with building new client relationship and maintaining existing ones. They should have evidence of strong skills and possess good negotiation skills. 
 



  
 



**Responsibilities** 



* Build relationships with prospective clients
* Maintain consistent contact with existing clients
* Manage sales pipeline
* Analyze market and establish competitive advantages
* Track metrics to ensure targets are hit



  





**Qualifications** 



* Bachelor's degree 2\+ years in sales industry
* Experience in full sales cycle including deal closing Demonstrated sales success
* Strong negotiation skills
* Strong communication and presentation skills
* CRM experience is preferred"	jobspy		entry level	Business Development and Sales	Marketing Services	https://in.linkedin.com/company/meraaquii	https://media.licdn.com/dms/image/v2/D4D0BAQHWBRxTP8Arjw/company-logo_100_100/B4DZZnEjcOGgAY-/0/1745485970053/meraaquii_logo?e=2147483647&v=beta&t=_WtSgrgw1uWSsiLFgRcciOkgu_h858k7TT6weGgy4oQ
li-4219879684	linkedin	https://www.linkedin.com/jobs/view/4219879684	Sales Officer / Sales Representative	Balaji Wafers Pvt.Ltd.	Jharsuguda, Odisha, India		fulltime	False	sarveshkumarjha@balajiwafers.com	"**Company Description**
  

 Balaji Wafers Pvt. Ltd. specializes in manufacturing potato wafers and Indian ethnic snacks like aloosev, moong dal, chana dal, tikha mitha mix under the brand name of ""BALAJI."" The company currently operates two manufacturing units in Gujarat and is expanding into the north and south regions.
   

  

**Role Description**
  

 This is a full\-time on\-site role for a Sales Officer/Sales Representative located in Jharsuguda. The Sales Officer will be responsible for customer service, lead generation, communication, sales operations, and channel sales on a day\-to\-day basis.
   

  

**Qualifications**
  

* Customer Service and Communication skills
* Lead Generation and Sales Operations skills
* Experience in Channel Sales
* Strong interpersonal and negotiation skills
* Ability to work independently and as part of a team
* Previous sales experience is preferred
* Bachelor's degree in Business Administration or related field


 Email: sarveshkumarjha@balajiwafers.com"	jobspy		entry level	Sales and Business Development	Food and Beverage Services	https://www.linkedin.com/company/balaji-wafers-pvt-ltd	https://media.licdn.com/dms/image/v2/D4D0BAQH5nQMyKjOYGA/company-logo_100_100/company-logo_100_100/0/1718790856755/balaji_wafers_pvt_ltd_logo?e=2147483647&v=beta&t=4_SeoZRgMJgDBCigsJPDkSpWltPdKXPJu61G0p1DGbM
li-4220523248	linkedin	https://www.linkedin.com/jobs/view/4220523248	Receptionist	Rj Logistic Pvt.Ltd	Bhubaneswar, Odisha, India		fulltime	False		"**Company Description** 




 Rj Logistic Pvt. Ltd. is a leading provider of comprehensive logistics solutions, dedicated to delivering efficient, reliable, and cost\-effective transportation and supply chain management services. We offer a wide range of services tailored to meet the unique needs of our clients across various industries. Our team of experienced professionals is committed to providing exceptional customer service and ensuring the timely and secure delivery of shipments. By leveraging cutting\-edge technology, we optimize operations, enhance visibility, and streamline processes, delivering superior results for our clients.
 



  





**Role Description** 




 This is a full\-time on\-site role for a Receptionist located in Bhubaneswar. The Receptionist will be responsible for handling front desk operations, managing phone calls, greeting and assisting visitors, scheduling appointments, and performing clerical duties. The Receptionist will ensure a welcoming environment and provide support to ensure efficient day\-to\-day operations of the office.
 



  





**Qualifications** 



* Proficient in Phone Etiquette and Receptionist Duties
* Strong Clerical Skills and experience with office management tasks
* Excellent Communication and Customer Service skills
* Detail\-oriented with the ability to multitask.
* Ability to work independently and as part of a team.
* Prior experience in a similar role is preferred
* High school diploma or equivalent"	jobspy		entry level	Administrative	Transportation, Logistics, Supply Chain and Storage	https://in.linkedin.com/company/rj-logistic-pvt-ltd	https://media.licdn.com/dms/image/v2/D4E0BAQEIJ7riZzlWuA/company-logo_100_100/company-logo_100_100/0/1726918672183/rj_logistic_pvt_ltd_logo?e=2147483647&v=beta&t=jYxuEy0l99MT8we7AoI4ir0qOdtRj_Nm0eDO_tUyc7E
go-TN3DmUxv0XliZ62HAAAAAA==	google	https://www.iitjobs.com/job/plsql-developer-bhubaneswar-odisha-india-bodhtree-consulting-ltd-84698?utm_campaign=google_jobs_apply&utm_source=google_jobs_apply&utm_medium=organic	PL/SQL Developer	Bodhtree Consulting Ltd	Bhubaneswar, Odisha	2025-04-28		False		1. Develop, debug, and optimize PL/SQL scripts for data transformation and integration2. Rewriting queries and PL/SQL code to improve efficiency, scalability, and response time3.Write and maintain scripts for data extraction, transformation, and loading (ETL) between various databases and systems.Perform data migration, ensuring data integrity during the process.4. Perform root cause analysis and troubleshoot database issues, including application performance, errors, and system downtime.5.Resolve database-related issues by performing recovery, patching, and upgrading.6. Work closely with other developers, DBAs (Database Administrators), business analysts, and project managers to deliver high-quality solutions.7. Participate in code reviews, peer programming, and provide mentoring to junior developers8.Deep understanding of Oracle Database (version 11g, 12c, or higher), its architecture, and features like tablespaces, indexes, constraints, etc.9.Experience working with Oracle database tools like SQL*Plus, SQL Developer, TOAD, and Oracle Enterprise Manager.	jobspy						
go-OSIiReCugwk3w9qfAAAAAA==	google	https://in.linkedin.com/jobs/view/senior-graphic-designer-at-ame-corporation-4218990706?utm_campaign=google_jobs_apply&utm_source=google_jobs_apply&utm_medium=organic	Senior Graphic Designer	Ame Corporation	Bhubaneswar, Odisha	2025-04-24		False		"Role Description

This is a full-time on-site role for a Senior Graphic Designer located in Bhubaneswar. The Senior Graphic Designer will be responsible for graphics, graphic design, logo design, branding, typography, and other design-related tasks for various projects at AME Corporation and Prime Pay

Qualifications
• Graphics, Graphic Design, and Logo Design skills
• Branding and Typography expertise
• Experience in creating visually appealing designs
• Proficiency in design software such as Adobe Creative Suite
• Strong portfolio demonstrating design skills
• Bachelor's degree in Graphic Design or related field
• Ability to work collaboratively in a fast-paced environment
• Attention to detail and creativity"	jobspy						
go-yHC5segLXsWfMPYxAAAAAA==	google	https://www.iitjobs.com/job/sap-sd-functional-consultant-implementation-amp-support-bhubaneswar-odisha-india-rigel-networks-42511?utm_campaign=google_jobs_apply&utm_source=google_jobs_apply&utm_medium=organic	SAP SD Functional Consultant - Implementation & Support	Rigel Networks	Bhubaneswar, Odisha	2025-04-23		False		ResponsibilitiesMinimum Requirements	jobspy						
go-Oc1Xmoc-mD1UFCUEAAAAAA==	google	https://www.iitjobs.com/job/business-intelligence-developer-sas-bhubaneswar-odisha-india-scalable-systems-4248?utm_campaign=google_jobs_apply&utm_source=google_jobs_apply&utm_medium=organic	Business Intelligence Developer (SAS)	Scalable Systems	Bhubaneswar, Odisha	2025-04-23		False		Job Description: A SAS Business Intelligence Developer is responsible for performing all phases of reporting; including report design, measure development, data collection, summarization, documentation and validation to support the information needs of analysts, management, staff and providers. The Business Intelligence Developer exercises independent judgment, strong commitment to team work, exceptional customer service while working collaboratively with business users throughout the organization. A Business Intelligence Developer utilizes strong analytical and problem solving skills to accurately interpret and execute business requirements producing meaningful, actionable products. Proficiency with reporting tools, such as Crystal Reports, and database structures and content is needed.Responsibilities:Qualifications:Collaborate with cross functional teams to gather and document BI requirementsAnalyze BI requirements and design/develop Cognos Reporting solutions to support standard reporting, Dashboard and self-service environment.Will be the primary contact for questions about existing reports and DashboardsPerformance tuning to ensure reports function within acceptable parametersCollaborate with stakeholders to define the business layer and presentation layer of the BI Model that is business friendly and supports a self-service environment.Analyze requirements and architect appropriate solutions, with detailed design documentsReview the current architecture and recommend changes as appropriateEnsure documentation is up to dateEducation: Associate's Degree in a Related Field or Bachelor's Degree in a Related Field.Experience:5+ years of experience. Most recent experience must be Business Intelligence focused with at least five years of hands on experience in dashboard and report development using SAS VA and EG.Strong communication skills, with prior experience in requirements gathering and working with SMEs and Stakeholders at various leadership levels.Hands on Framework Manager Dimensional Modeling, Transformer cube, Design and DevelopmentHands on Dashboard, and report development experienceProven experience in scripting (Java Scripting/JQuery) to extend SAS CapabilitiesExcellent performance tuning and trouble shooting skillsEffective verbal, written and interpersonal communicationStrong grasp of relational Database principles, OLTP, OLAP, 3NF, Star-SchemaDemonstrable experience in Dashboards, KPI, Scorecards, mobile, Operational and Business Intelligence Prior experience in leading a BI TeamPreferred:Experience in business areas such as finance, marketing, Healthcare or operations.Computer skills including Windows-based applications (e.g., Word, Excel, PowerPoint, Visio, Outlook, etc) or other online collaborative tools.Knowledge and understanding of database theory and practice, database structures, query languages, and concepts.Experience with one or more reporting tools (e.g. Crystal, Access, SQL, Tableau, SAS, QlikView) used to fill data/information requests. Working knowledge for database applications or reporting tools.Ability to create, manipulate and report from various data sources. Basic analytical, critical thinking, and problem solving abilities.Ability to interpret data, identify trends, and anomalies.Strong communication skills (written and oral). Demonstrated commitment to team work and exceptional customer service.Ability to work in ambiguous situations under pressure.Ability to maintain a professional demeanor and appearance at all times.Ability to manage multiple tasks and track issues on a daily basis.	jobspy						
go-u89OaTlgGEH1hPDYAAAAAA==	google	https://www.iitjobs.com/job/tableau-developerbi-bhubaneswar-odisha-india-bodhtree-consulting-ltd-84699?utm_campaign=google_jobs_apply&utm_source=google_jobs_apply&utm_medium=organic	Tableau Developer(BI)	Bodhtree Consulting Ltd	Bhubaneswar, Odisha	2025-04-22		False		1. Analyze, design, develop, document, test, and deploy BI solutions2. Translate data into meaningful operational insights3. Enhance and support existing solutions4. Translate business needs to technical specifications5. Create engaging visualizations and reports for requested projects6. Maintain and support the analytics platform7. Develop and execute database queries and conduct analyses8. Develop and maintain technical documentation9. Implement best practices for optimum use, performance, and maintainability.	jobspy						
go--Lsr79npfZ29VDIhAAAAAA==	google	https://www.iitjobs.com/job/healthcare-data-analyst-bhubaneswar-odisha-india-scalable-systems-4245?utm_campaign=google_jobs_apply&utm_source=google_jobs_apply&utm_medium=organic	Healthcare Data Analyst	Scalable Systems	Bhubaneswar, Odisha	2025-04-22		False		Job Description: Data analysts are experts with strong understanding of data structures and analysis. They are responsible for ensuring requirements around the accuracy, quality, completeness, and timeliness of data are captured and understood. They work hand in hand with Data Modelers, Data Developers, Data Stewards and Business SMEs to ensure the customer's data needs are accurately captured, understood and delivered. The Data Analyst III leads other data analysts on projects to ensure the development of a plan for and adequate completion of data analysis and design and ensure the quality of data specifications. In addition, the Data Analyst III reviews the work and ensures the quality of the team's deliverables. This role requires analytical skills related to Data Science or Actuarial.Responsibilities:Directly interacts with more senior level internal and external stakeholders (i.e. Managers, Directors, etc.).Act as a subject matter expert in one or more designated data domains.Play a lead role in Data Governance Domain Workgroups as domain SME.Partners with BSG and business to define & document data related requirements, and settle deliverables and deadlines, utilizing negotiation and creativity independently.Lead and provide direction to data analysts.Translate highly complex concepts and conclusions in a clear and concise manner in ways that can be understood by a variety of audiences.Lead and own the analysis of highly complex data sources, identifying trends and patterns in data and make recommendations based on analysis results.Perform root cause analysis on complex data anomalies and working closely data stewards to define best practice.Facilitate review sessions with management, business users and other team members.Direct and review the work of other Data Analysts.Coach and mentor junior analysts.Provide estimates for work efforts on projects.Oversees the creation of data assessments and project deliverables.Development of best practices, guidelines and standards for Data Governance, Data Quality and Data Integration.Qualifications:Education: Requires Bachelor's degree from an accredited college or university, preferably in a Quantitative Field (e.g. Actuarial, Analytics, Data Science, Mathematics, Engineering, Public Health, Data Science Information Systems, Statistics, etc.).MS/MA preferred.Experience:10+ Years of relevant work experience.8+ Years in Data Analysis or data related roles.6+ Years of Healthcare experience.Additional Licensing, Certifications, Registrations.Experience with Healthcare data formats such as X12, HL7, NCPDP, etc.Experience with Industry Data Models such as ADRM, IBM IIW/HPDM or Teradata Healthcare Data Model.Experience with Metadata management processes and tools (Glossary, Lineage, Mapping, etc.).Knowledge of, and experience, with database management system (DBMS) physical implementation, including tables, joins and views, specifically Teradata, Oracle, Greenplum, Vertica, etc.Knowledge of Big Data concepts and platforms such as Hadoop.Knowledge of NoSQL data stores such as MongoDB, Neo4J, Cassandra, Redis, etc.Experience with Data Warehouse and Data Marts.Excellent communication, interpersonal, presentation and facilitation skills.Excellent analytical and critical thinking skills with attention to detail.Proficiency using Query Tools such as AQT, TOAD, etc.Extremely strong SQL skills are required.Proficiency in analysis of very large data sets.Require ability to make decisions regarding data quality problems and make recommendations for higher level audience.Experience with Data Quality & Data Profiling metrics and tools.Knowledge and experience with Data Governance processes, policies and standards.Writing functional/mapping specifications for extracts and reports.Familiarity with the use cases, business purposes and quality of the data.Require the ability to lead multiple tasks.Require excellent organizational and time management skills.Demonstrates the ability to apply structure to a loosely defined problem.Strongly Desired Technical Skills:Informatica Data Analyst or other similar data analysis and profiling tools.Informatica Data Explorer or other similar tools.Master Data Management processes and platforms such as Initiate, Informatica MDM, IBM MDM, etc.Data Federation tools such as Teradata QueryGrid, Composite or Informatica DV.Other DBMS platforms such as Sybase, SQL Server, MS Access.Familiarity with reporting and analytics tools such as SAS, Tableau, Cognos, QlikView,Microstrategy, etc.	jobspy						
go-4q9MBb3F2C6H2I9WAAAAAA==	google	https://www.iitjobs.com/job/angular-bhubaneswar-odisha-india-triangle-92750?utm_campaign=google_jobs_apply&utm_source=google_jobs_apply&utm_medium=organic	Angular	Triangle	Bhubaneswar, Odisha	2025-04-22		False		Job Description:Strong in HTML, CSS, JavaScript, Angular 2+, Javascript, Typescript, NgRx, RxJS. (minimum 5 years into Angular experience required) Job Location:Bangalore, Pune, Bhubaneswar Experience:2.8 to 6years Skill:HTML, CSS, JavaScript, Angular 2+, Javascript, Typescript, NgRx, RxJS.	jobspy						
go-07taTgKVP00FtMP4AAAAAA==	google	https://www.iitjobs.com/job/lead-qc-manual-bhubaneswar-odisha-india-cozentus-technologies-pvt-ltd-27502?utm_campaign=google_jobs_apply&utm_source=google_jobs_apply&utm_medium=organic	Lead QC - Manual	Cozentus Technologies Pvt Ltd	Bhubaneswar, Odisha	2025-04-22		False		The ideal candidate must possess both manual and automation testing skills, adept at analyzing requirements, planning testing strategies, writing test cases, and liaising with teams and clients. They should have experience setting up automation frameworks, conducting various tests (security, performance), utilizing test management tools, understanding Java development, and working with DevOps tools. Additionally, they should be capable of defining processes, training teams, and working in Agile methodologies. Location: BhubaneswarExperience: 8- 12 years	jobspy						
go-veKJko0nJmlcU0_-AAAAAA==	google	https://www.iitjobs.com/job/software-automation-testing-bhubaneswar-odisha-india-bodhtree-consulting-ltd-84691?utm_campaign=google_jobs_apply&utm_source=google_jobs_apply&utm_medium=organic	Software Automation Testing	Bodhtree Consulting Ltd	Bhubaneswar, Odisha	2025-04-22		False		Mandatory Skills:Mobile Automation : Java, Selenium, Appium* IOS and Android App automation* Framework : Cucumber, TestNG, Maven Framework* Android Studio and XCode, Emulators* DB : Mongo DB, or any other SQL DB knowledge* Manual Mobile testing * GitHub, JIRA* CI/CD : Jenkins or GitHub Actions* Agile Methodology* Device farms - Browser stack or Lambda test or Sauce labsJob Description:· Overall, 8 - 10 years of experience in software testing and test automation· 4+ years of experience in test automation techniques for complexinterdependent programs/projects.· 4+ years of testing experience with mobile apps and test automation cases· Must-Have - Automation with Java, test framework, QA process & tools like Selenium, Jenkins, Maven.· Hands-on experience writing test automation scripts in Java or JS.· Familiarity with test engineering tools such as JUnit, Selenium, Note JS, UnixShell scripting, JMeter, JIRA, Charles Proxy, Android Studio, Xcode, GIT, and SQL.· Experience with Cucumber/Behave, BDD, TestNG testing frameworks.· Demonstrated knowledge of CI/CD tools to integrate the Automation scripts.· Working knowledge of GitHub actions is a plus. · Possess experience in Test Planning, execution, and tracking tool. · Experience with Agile/Scrum methodologies.· Experience with Continuous Integration/Continuous Deploymentmethodologies· In-depth knowledge of test automation using Selenium.Good to Have Skills:* API Automation : Rest Assured* Charles Proxy* JavaScript* Jasmine.	jobspy						
go-0AUZ5ONV9xEtb6IBAAAAAA==	google	https://www.iitjobs.com/job/network-administrator-routing-protocols-bhubaneswar-odisha-india-fluentgrid-limited-11988?utm_campaign=google_jobs_apply&utm_source=google_jobs_apply&utm_medium=organic	Network Administrator - Routing Protocols	Fluentgrid Limited	Bhubaneswar, Odisha	2025-04-22		False		About the jobThis job is sourced from a job board. Learn MoreWe are looking IT Infra Positions for Data CenterRole : Network AdministratorLocation : BhubaneswarJob DescriptionRequired Skills : Should be able to Design, Install, Modify, Monitor and Maintain the Network and Computer Systems.Exceptional Analytical Skills Are Required to Trouble Shoot Issues and Deliver Secure, Creative, Value-Driven SolutionsEstablishes VPN, LAN, WAN and DMZ Specifications by Conferring With UsersAnalysing Workflow, Access, Information, and Security RequirementsDesigning Router Administration, Including Interface Configuration and Routing Protocols.Continually Improves the Networks by Monitoring and Evaluating Network Performance Issues Including Availability, Utilization, Throughput and Latency; Planning and Executing the SelectionInstallation, Configuration, and Testing of EquipmentDefining Network Policies and Procedures; Establishing Connections and Firewalls.Maintains Inventory of Equipment and Parts as Well as Documentation of Configurations, Standards and Vendor Activities.Protects Organizational Value by Keeping Information Confidential.Accomplishes Organization Goals by Accepting Ownership of Tasks and Requests;Exploring Opportunities to Add Value to Job Accomplishments.In-Depth Understanding of Communication Protocols (Mainly TCP/IP) and Routing Protocols (e.g. BGP, OSPF)Resolve Issues Tiers of Support Have Escalated by Troubleshooting Cloud and Local InfrastructureExperience With Network Diagnostic, Monitoring and Analysis Tools (e.g. SolarWinds Network Tools)Professional Certification (e.g. CCNP, CCNA)	jobspy						
go-Soqfjq3g3NtmcpGLAAAAAA==	google	https://in.linkedin.com/jobs/view/associate-at-nalco-4218931700?utm_campaign=google_jobs_apply&utm_source=google_jobs_apply&utm_medium=organic	Associate	Nalco	Odisha	2025-04-20		False		"Company Description
TATA AIGGENERALINSURANCE.

Role Description

This is a full-time on-site role for an Associate located in Odisha, India. The Associate will be responsible for a variety of tasks, including supporting various projects, conducting research, coordinating with team members, and communicating with clients. The role also involves data entry, report generation, and maintaining accurate records. The Associate will work closely with supervisors to ensure that all tasks are completed efficiently and effectively.

Qualifications
• Strong organizational and time management skills
• Effective communication and interpersonal skills
• Proficiency in data entry and report generation
• Ability to work collaboratively with team members
• Problem-solving skills and attention to detail
• Experience with project coordination and client communication
• Proficiency in Microsoft Office Suite and relevant software tools
• B-Tech in a relevant field or equivalent experience"	jobspy						
go-AiXhf-h4j9DxsPv_AAAAAA==	google	https://in.linkedin.com/jobs/view/business-manager-sales-at-livspace-4217778086?utm_campaign=google_jobs_apply&utm_source=google_jobs_apply&utm_medium=organic	Business Manager - Sales	Livspace	Bhubaneswar, Odisha	2025-04-20	contract	False		"About Us

Livspace is Asia’s largest and fastest-growing omnichannel home interiors and renovation platform. Using its proprietary technology, Livspace provides a one-stop renovation solution for homeowners—from design to managed last mile fulfillment for all rooms in a home. The platform has organized a fragmented industry, bringing together designers, brands, manufacturers, and contractors to enable an eCommerce-like trusted, and predictable experience.

The company launched operations in Bengaluru, India in 2015. Since its inception, Livspace has organized a fragmented industry, bringing together a curated community of designers, brands, manufacturers and contractors. This has resulted in an e-commerce-like trusted and predictable experience for the homeowners. Livspace boasts of a community of 50000+ satisfied customers and over 2000 interior designers.

The company is already the largest employer of interior designers in the country. Livspace currently serves Singapore, Malaysia, Saudi Arabia as well as 30 metro and non-metro areas in India including - Bengaluru, Chennai, Delhi, Noida, Gurgaon, Mumbai, Thane, Pune, Hyderabad, Kolkata, Ahmedabad, Kochi, Jaipur, Lucknow, Indore, Surat, Coimbatore, Mysore, Mangalore, Vizag, Vijayawada.

Livspace has showcased phenomenal growth since its launch, having delivered over 125,000 rooms and selling over 7.5 million SKUs through its platform. The company also delivered 50,000 homes across all our serviceable locations.

The founders - Anuj Srivastava and Ramakant Sharma are former Google and Myntra executives respectively, who are seasoned entrepreneurs and successful angel investors. Livspace’s leadership team combines world-class talent and entrepreneurial experience gathered at some of the best companies in the world.

Livspace has raised around USD 450 million in capital from some of the top global investors including KKR, Ingka Group Investments (part of largest IKEA retailer Ingka Group), TPG Growth, Goldman Sachs, Kharis Capital, Venturi Partners, FFP (Peugeot Group’s Holding Company), EDBI, Bessemer Venture Partners, Jungle Ventures, Helion Ventures and UC-RNT. For more information, please visit: ""https://www.livspace.com/""

Job Description

In the role of a Business Manager - Sales, you will be required to own the sales funnel & drive sales closure. You will need to achieve sales target on projects month on month through a team of 6 to 10 designers.
• Enure sales funnel management to achieve a higher conversion rate output.
• Target and achieve of 12 to 15 projects a month, by ensuring new projects bookings.
• Responsible for Customer Experience & Relationship Management.
• Training designers to esnure sales & enabling them to achieve their targets.

Job Requirement
• Bachelor's Qualification: B-Arch (preferred) | If any other, then with relevant industry exposure.
• 5+ years of relevant work-experience in B2C Business Development and Growth.
• Managerial experience of minimum 12 months leading a team."	jobspy						
go-kR9P4gVt4pMRd_axAAAAAA==	google	https://www.iitjobs.com/job/java-senior-software-developer-bhubaneswar-odisha-india-cozentus-technologies-pvt-ltd-27498?utm_campaign=google_jobs_apply&utm_source=google_jobs_apply&utm_medium=organic	Java Senior Software Developer	Cozentus Technologies Pvt Ltd	Bhubaneswar, Odisha	2025-04-20		False		The responsibilities entail designing software solutions to address security vulnerabilities, contributing to architectural aspects, maintaining technical documentation, advising on secure coding practices, and staying updated with new tools and practices. Proficiency in Java (J2EE), Oracle database, Spring Framework, HTML, CSS, JavaScript, Angular, and Bootstrap is essential.Location: BhubaneswarExperience: 4-7 years	jobspy						
go-HCtxEZKjWJLaAExnAAAAAA==	google	https://recruitment.sarkarinewshindi.in/jobs/railway-group-d-recruitment/near-me-in/odisha/khorda/bhubaneswar.html?utm_campaign=google_jobs_apply&utm_source=google_jobs_apply&utm_medium=organic	Railway Group D Recruitment	INDIAN RAILWAYS	Bhubaneswar, Odisha	2025-04-17		False		"Railway Group D Recruitment : Apply Now for Multiple Vacancies

Are you dreaming of a secure government job with excellent benefits? The Indian Railways is here with a golden opportunity! Railway Group D Recruitment is now open, offering thousands of vacancies across various departments. Don’t miss your chance to join one of the largest employers in the world.

Vacancy Details

The Railway Recruitment Board (RRB) has announced Group D vacancies for positions such as:
• Track Maintainer Grade-IV
• Helper/Assistant in Electrical, Mechanical, and S&T Departments
• Assistant Pointsman
• Level 1 Posts in various departments

Eligibility Criteria

Educational Qualification:
• Candidates must have passed 10th Standard from a recognized board or have an ITI certificate.

Age Limit:
• Minimum Age: 18 years
• Maximum Age: 33 years (age relaxation applicable as per government norms for SC/ST/OBC/Ex-servicemen categories).

Physical Standards:
• Candidates must meet the physical standards set by the Indian Railways. Details are available in the official notification.

Application Process
• Visit the official Railway Recruitment Board website: www.indianrailways.gov.in.
• Go to the ""Recruitment"" section and select your regional RRB.
• Click on the Group D Recruitment notification.
• Fill out the application form with accurate details.
• Upload required documents, including your photograph and signature.
• Pay the application fee online.
• Submit the form and take a printout for future reference.

Application Fee
• General/OBC: ₹500
• SC/ST/PwD/Ex-Servicemen/Women: ₹250

Selection Process

The selection process consists of the following stages:
• Computer-Based Test (CBT):
• Questions on Mathematics, General Intelligence, General Science, and Current Affairs.
• Duration: 90 minutes.
• Physical Efficiency Test (PET):
• Male Candidates: Run 1 km in 4 minutes and carry 35 kg over 100 meters in 2 minutes.
• Female Candidates: Run 1 km in 5 minutes and carry 20 kg over 100 meters in 2 minutes.
• Document Verification:
• Original documents will be verified, including educational certificates, identity proof, and category certificates (if applicable).
• Medical Examination:
• Candidates must pass the medical fitness test conducted by the Railway Medical Board.

Important Dates
• Notification Release Date:
• Online Application Start Date:
• Last Date to Apply:
• CBT Exam Date:

Perks of Joining Indian Railways
• Attractive salary with regular increments.
• Job security and pension benefits under the National Pension Scheme (NPS).
• Medical benefits for employees and their families.
• Free or concessional railway travel.

Tips for Preparation
• Follow a structured study plan for the CBT.
• Practice previous years' question papers and mock tests.
• Focus on physical fitness for the PET.
• Stay updated on current affairs."	jobspy						
go-7pEDCSlfHDlhedoAAAAAAA==	google	https://recruitment.sarkarinewshindi.in/jobs/railway-group-d-recruitment/near-me-in/odisha/sambalpur/jujumura.html?utm_campaign=google_jobs_apply&utm_source=google_jobs_apply&utm_medium=organic	Railway Group D Recruitment	INDIAN RAILWAYS	Jujumura, Odisha	2025-04-17		False		"Railway Group D Recruitment : Apply Now for Multiple Vacancies

Are you dreaming of a secure government job with excellent benefits? The Indian Railways is here with a golden opportunity! Railway Group D Recruitment is now open, offering thousands of vacancies across various departments. Don’t miss your chance to join one of the largest employers in the world.

Vacancy Details

The Railway Recruitment Board (RRB) has announced Group D vacancies for positions such as:
• Track Maintainer Grade-IV
• Helper/Assistant in Electrical, Mechanical, and S&T Departments
• Assistant Pointsman
• Level 1 Posts in various departments

Eligibility Criteria

Educational Qualification:
• Candidates must have passed 10th Standard from a recognized board or have an ITI certificate.

Age Limit:
• Minimum Age: 18 years
• Maximum Age: 33 years (age relaxation applicable as per government norms for SC/ST/OBC/Ex-servicemen categories).

Physical Standards:
• Candidates must meet the physical standards set by the Indian Railways. Details are available in the official notification.

Application Process
• Visit the official Railway Recruitment Board website: www.indianrailways.gov.in.
• Go to the ""Recruitment"" section and select your regional RRB.
• Click on the Group D Recruitment notification.
• Fill out the application form with accurate details.
• Upload required documents, including your photograph and signature.
• Pay the application fee online.
• Submit the form and take a printout for future reference.

Application Fee
• General/OBC: ₹500
• SC/ST/PwD/Ex-Servicemen/Women: ₹250

Selection Process

The selection process consists of the following stages:
• Computer-Based Test (CBT):
• Questions on Mathematics, General Intelligence, General Science, and Current Affairs.
• Duration: 90 minutes.
• Physical Efficiency Test (PET):
• Male Candidates: Run 1 km in 4 minutes and carry 35 kg over 100 meters in 2 minutes.
• Female Candidates: Run 1 km in 5 minutes and carry 20 kg over 100 meters in 2 minutes.
• Document Verification:
• Original documents will be verified, including educational certificates, identity proof, and category certificates (if applicable).
• Medical Examination:
• Candidates must pass the medical fitness test conducted by the Railway Medical Board.

Important Dates
• Notification Release Date:
• Online Application Start Date:
• Last Date to Apply:
• CBT Exam Date:

Perks of Joining Indian Railways
• Attractive salary with regular increments.
• Job security and pension benefits under the National Pension Scheme (NPS).
• Medical benefits for employees and their families.
• Free or concessional railway travel.

Tips for Preparation
• Follow a structured study plan for the CBT.
• Practice previous years' question papers and mock tests.
• Focus on physical fitness for the PET.
• Stay updated on current affairs."	jobspy						
go-gNWyABCLi4TlgAWLAAAAAA==	google	https://recruitment.sarkarinewshindi.in/jobs/rbi-junior-engineer-recruitment/near-me-in/odisha/khorda/balianta.html?utm_campaign=google_jobs_apply&utm_source=google_jobs_apply&utm_medium=organic	RBI Junior Engineer Recruitment	RBI	Rudrapur, Odisha	2025-04-17		False		"RBI Junior Engineer Recruitment : Apply Online for 25 Junior Engineer Posts

The Reserve Bank of India (RBI) has released a recruitment notification for the year for the position of Junior Engineer. A total of 25 vacancies are available for candidates with qualifications in Engineering. If you have the relevant educational background and meet the eligibility criteria, this is your chance to secure a rewarding career with one of India’s most prestigious financial institutions.

RBI Junior Engineer Vacancy Details & Eligibility Criteria

Post Name

Vacancies

Qualifications

Junior Engineer

25

Degree in Civil/ Electrical/ Mechanical Engineering

Age Limit
• Minimum Age: 20 Years
• Maximum Age: 30 Years

Selection Process

The selection process for RBI Junior Engineer Recruitment will be as follows:
• Online Examination
• Interview

Candidates will be shortlisted based on their performance in the online exam, followed by an interview.

Pay Scale

The selected candidates will receive a monthly remuneration in the pay scale of Rs. 19,500/- to Rs. 47,000/-.

Application Fee
• For General/EWS/OBC: Rs. 600/-
• For SC/ST/PWD: Rs. 100/-

How to Apply for RBI Junior Engineer Jobs

Follow these steps to apply online:
• Visit the official RBI website.
• Locate the RBI Junior Engineer Recruitment Notificatio.
• Read through the notification to ensure you meet all eligibility criteria.
• Click on the Apply Online link.
• Register using your valid email ID and password.
• Fill in the application form with accurate details.
• Upload the required documents and photograph.
• Pay the application fee (if applicable).
• Review your application and submit it online.

Important Dates
• Start Date to Apply: To be announced
• Last Date to Apply: To be announced

Why Apply for RBI Junior Engineer Jobs?

Joining RBI means becoming a part of a highly esteemed organization with numerous opportunities for career development and stability. As a Junior Engineer, you will be responsible for maintaining and managing technical functions related to engineering, which offers both challenges and rewards.

Visit the official RBI website for more information and to apply online. Make sure to submit your application before the last date!"	jobspy						
go-hFpAmq8G9zDTreRNAAAAAA==	google	https://recruitment.sarkarinewshindi.in/jobs/railway-group-d-recruitment/near-me-in/odisha/ganjam/berhampur.html?utm_campaign=google_jobs_apply&utm_source=google_jobs_apply&utm_medium=organic	Railway Group D Recruitment	INDIAN RAILWAYS	Ganjam, Odisha	2025-04-17		False		"Railway Group D Recruitment : Apply Now for Multiple Vacancies

Are you dreaming of a secure government job with excellent benefits? The Indian Railways is here with a golden opportunity! Railway Group D Recruitment is now open, offering thousands of vacancies across various departments. Don’t miss your chance to join one of the largest employers in the world.

Vacancy Details

The Railway Recruitment Board (RRB) has announced Group D vacancies for positions such as:
• Track Maintainer Grade-IV
• Helper/Assistant in Electrical, Mechanical, and S&T Departments
• Assistant Pointsman
• Level 1 Posts in various departments

Eligibility Criteria

Educational Qualification:
• Candidates must have passed 10th Standard from a recognized board or have an ITI certificate.

Age Limit:
• Minimum Age: 18 years
• Maximum Age: 33 years (age relaxation applicable as per government norms for SC/ST/OBC/Ex-servicemen categories).

Physical Standards:
• Candidates must meet the physical standards set by the Indian Railways. Details are available in the official notification.

Application Process
• Visit the official Railway Recruitment Board website: www.indianrailways.gov.in.
• Go to the ""Recruitment"" section and select your regional RRB.
• Click on the Group D Recruitment notification.
• Fill out the application form with accurate details.
• Upload required documents, including your photograph and signature.
• Pay the application fee online.
• Submit the form and take a printout for future reference.

Application Fee
• General/OBC: ₹500
• SC/ST/PwD/Ex-Servicemen/Women: ₹250

Selection Process

The selection process consists of the following stages:
• Computer-Based Test (CBT):
• Questions on Mathematics, General Intelligence, General Science, and Current Affairs.
• Duration: 90 minutes.
• Physical Efficiency Test (PET):
• Male Candidates: Run 1 km in 4 minutes and carry 35 kg over 100 meters in 2 minutes.
• Female Candidates: Run 1 km in 5 minutes and carry 20 kg over 100 meters in 2 minutes.
• Document Verification:
• Original documents will be verified, including educational certificates, identity proof, and category certificates (if applicable).
• Medical Examination:
• Candidates must pass the medical fitness test conducted by the Railway Medical Board.

Important Dates
• Notification Release Date:
• Online Application Start Date:
• Last Date to Apply:
• CBT Exam Date:

Perks of Joining Indian Railways
• Attractive salary with regular increments.
• Job security and pension benefits under the National Pension Scheme (NPS).
• Medical benefits for employees and their families.
• Free or concessional railway travel.

Tips for Preparation
• Follow a structured study plan for the CBT.
• Practice previous years' question papers and mock tests.
• Focus on physical fitness for the PET.
• Stay updated on current affairs."	jobspy						
go-6ho4s7ARoqVBOJrLAAAAAA==	google	https://in.linkedin.com/jobs/view/academic-counsellor-in-andhra-pradesh-tamil-nadu-karnataka-odisha-begumpet-rajasthan-maharashtra-telangana-kolkata-hyderabad-raipur-nagpur-at-wemakescholars-4219933594?utm_campaign=google_jobs_apply&utm_source=google_jobs_apply&utm_medium=organic	Academic Counsellor in Andhra Pradesh, Tamil Nadu, Karnataka, Odisha, Begumpet, Rajasthan, Maharashtra, Telangana, Kolkata, Hyderabad, Raipur, Nagpur	WeMakeScholars	Odisha	2025-04-17		False		"Key Responsibilities
• Get trained on the process of scholarship and admission in various countries
• Help students secure admits and scholarships for their higher studies abroad
• Understand student profiles and requirements upon their application
• Shortlist appropriate scholarships and universities for each student
• Write scholarship essays and Statements of Purpose (SOP) for students
• Track and manage deadlines for your portfolio of students
• Interact with students via phone or email, dedicating 3-4 hours a day for calls

About Company: WeMakeScholars is a Hyderabad-based fintech startup specializing in education loans and scholarships. Established seven years ago, we collaborate closely with major banks and NBFCs in India, including SBI, Axis Bank, and ICICI Bank, to simplify the education loan application process for students and parents. While we do not directly provide loans, we ensure a seamless and hassle-free experience. As market leaders in the education finance segment, we currently partner with over 14 financial institutions, a number that continues to grow. Last year, we facilitated the disbursement of approximately 10,000 crore in student loans, and we anticipate even higher volumes this year."	jobspy						
go-lsj6oC8ItiqbO44MAAAAAA==	google	https://recruitment.sarkarinewshindi.in/jobs/railway-group-d-recruitment/near-me-in/odisha/koraput/kotpad.html?utm_campaign=google_jobs_apply&utm_source=google_jobs_apply&utm_medium=organic	Railway Group D Recruitment	INDIAN RAILWAYS	Kotapad, Odisha	2025-04-17		False		"Railway Group D Recruitment : Apply Now for Multiple Vacancies

Are you dreaming of a secure government job with excellent benefits? The Indian Railways is here with a golden opportunity! Railway Group D Recruitment is now open, offering thousands of vacancies across various departments. Don’t miss your chance to join one of the largest employers in the world.

Vacancy Details

The Railway Recruitment Board (RRB) has announced Group D vacancies for positions such as:
• Track Maintainer Grade-IV
• Helper/Assistant in Electrical, Mechanical, and S&T Departments
• Assistant Pointsman
• Level 1 Posts in various departments

Eligibility Criteria

Educational Qualification:
• Candidates must have passed 10th Standard from a recognized board or have an ITI certificate.

Age Limit:
• Minimum Age: 18 years
• Maximum Age: 33 years (age relaxation applicable as per government norms for SC/ST/OBC/Ex-servicemen categories).

Physical Standards:
• Candidates must meet the physical standards set by the Indian Railways. Details are available in the official notification.

Application Process
• Visit the official Railway Recruitment Board website: www.indianrailways.gov.in.
• Go to the ""Recruitment"" section and select your regional RRB.
• Click on the Group D Recruitment notification.
• Fill out the application form with accurate details.
• Upload required documents, including your photograph and signature.
• Pay the application fee online.
• Submit the form and take a printout for future reference.

Application Fee
• General/OBC: ₹500
• SC/ST/PwD/Ex-Servicemen/Women: ₹250

Selection Process

The selection process consists of the following stages:
• Computer-Based Test (CBT):
• Questions on Mathematics, General Intelligence, General Science, and Current Affairs.
• Duration: 90 minutes.
• Physical Efficiency Test (PET):
• Male Candidates: Run 1 km in 4 minutes and carry 35 kg over 100 meters in 2 minutes.
• Female Candidates: Run 1 km in 5 minutes and carry 20 kg over 100 meters in 2 minutes.
• Document Verification:
• Original documents will be verified, including educational certificates, identity proof, and category certificates (if applicable).
• Medical Examination:
• Candidates must pass the medical fitness test conducted by the Railway Medical Board.

Important Dates
• Notification Release Date:
• Online Application Start Date:
• Last Date to Apply:
• CBT Exam Date:

Perks of Joining Indian Railways
• Attractive salary with regular increments.
• Job security and pension benefits under the National Pension Scheme (NPS).
• Medical benefits for employees and their families.
• Free or concessional railway travel.

Tips for Preparation
• Follow a structured study plan for the CBT.
• Practice previous years' question papers and mock tests.
• Focus on physical fitness for the PET.
• Stay updated on current affairs."	jobspy						
go-a8gZn30T3bG1YsdPAAAAAA==	google	https://recruitment.sarkarinewshindi.in/jobs/railway-group-d-recruitment/near-me-in/odisha/balangir/kantabanji.html?utm_campaign=google_jobs_apply&utm_source=google_jobs_apply&utm_medium=organic	Railway Group D Recruitment	INDIAN RAILWAYS	Kantabanji, Odisha	2025-04-17		False		"Railway Group D Recruitment : Apply Now for Multiple Vacancies

Are you dreaming of a secure government job with excellent benefits? The Indian Railways is here with a golden opportunity! Railway Group D Recruitment is now open, offering thousands of vacancies across various departments. Don’t miss your chance to join one of the largest employers in the world.

Vacancy Details

The Railway Recruitment Board (RRB) has announced Group D vacancies for positions such as:
• Track Maintainer Grade-IV
• Helper/Assistant in Electrical, Mechanical, and S&T Departments
• Assistant Pointsman
• Level 1 Posts in various departments

Eligibility Criteria

Educational Qualification:
• Candidates must have passed 10th Standard from a recognized board or have an ITI certificate.

Age Limit:
• Minimum Age: 18 years
• Maximum Age: 33 years (age relaxation applicable as per government norms for SC/ST/OBC/Ex-servicemen categories).

Physical Standards:
• Candidates must meet the physical standards set by the Indian Railways. Details are available in the official notification.

Application Process
• Visit the official Railway Recruitment Board website: www.indianrailways.gov.in.
• Go to the ""Recruitment"" section and select your regional RRB.
• Click on the Group D Recruitment notification.
• Fill out the application form with accurate details.
• Upload required documents, including your photograph and signature.
• Pay the application fee online.
• Submit the form and take a printout for future reference.

Application Fee
• General/OBC: ₹500
• SC/ST/PwD/Ex-Servicemen/Women: ₹250

Selection Process

The selection process consists of the following stages:
• Computer-Based Test (CBT):
• Questions on Mathematics, General Intelligence, General Science, and Current Affairs.
• Duration: 90 minutes.
• Physical Efficiency Test (PET):
• Male Candidates: Run 1 km in 4 minutes and carry 35 kg over 100 meters in 2 minutes.
• Female Candidates: Run 1 km in 5 minutes and carry 20 kg over 100 meters in 2 minutes.
• Document Verification:
• Original documents will be verified, including educational certificates, identity proof, and category certificates (if applicable).
• Medical Examination:
• Candidates must pass the medical fitness test conducted by the Railway Medical Board.

Important Dates
• Notification Release Date:
• Online Application Start Date:
• Last Date to Apply:
• CBT Exam Date:

Perks of Joining Indian Railways
• Attractive salary with regular increments.
• Job security and pension benefits under the National Pension Scheme (NPS).
• Medical benefits for employees and their families.
• Free or concessional railway travel.

Tips for Preparation
• Follow a structured study plan for the CBT.
• Practice previous years' question papers and mock tests.
• Focus on physical fitness for the PET.
• Stay updated on current affairs."	jobspy						
go-jPKlNlfBhzSfDHtTAAAAAA==	google	https://www.iitjobs.com/job/senior-qc-engineer-automation-bhubaneswar-odisha-india-cozentus-technologies-pvt-ltd-27505?utm_campaign=google_jobs_apply&utm_source=google_jobs_apply&utm_medium=organic	Senior QC Engineer (Automation)	Cozentus Technologies Pvt Ltd	Bhubaneswar, Odisha	2025-04-17		False		Must have manual and automation testing experience, able to analyse requirements, plan for testing needs of project, write system test cases, interact with teams and clients, plan and execute testing of project. Test management tool usage and integration with automation toolsUnderstanding of development process for Java and related technologies is needed . Location: BhubaneswarExperience: 4-7 years	jobspy						
go-bNstNlWKl0I_mDlcAAAAAA==	google	https://recruitment.sarkarinewshindi.in/jobs/railway-group-d-recruitment/near-me-in/odisha/nabarangapur/nabarangpur.html?utm_campaign=google_jobs_apply&utm_source=google_jobs_apply&utm_medium=organic	Railway Group D Recruitment	INDIAN RAILWAYS	Poda Aunli, Odisha	2025-04-17		False		"Railway Group D Recruitment : Apply Now for Multiple Vacancies

Are you dreaming of a secure government job with excellent benefits? The Indian Railways is here with a golden opportunity! Railway Group D Recruitment is now open, offering thousands of vacancies across various departments. Don’t miss your chance to join one of the largest employers in the world.

Vacancy Details

The Railway Recruitment Board (RRB) has announced Group D vacancies for positions such as:
• Track Maintainer Grade-IV
• Helper/Assistant in Electrical, Mechanical, and S&T Departments
• Assistant Pointsman
• Level 1 Posts in various departments

Eligibility Criteria

Educational Qualification:
• Candidates must have passed 10th Standard from a recognized board or have an ITI certificate.

Age Limit:
• Minimum Age: 18 years
• Maximum Age: 33 years (age relaxation applicable as per government norms for SC/ST/OBC/Ex-servicemen categories).

Physical Standards:
• Candidates must meet the physical standards set by the Indian Railways. Details are available in the official notification.

Application Process
• Visit the official Railway Recruitment Board website: www.indianrailways.gov.in.
• Go to the ""Recruitment"" section and select your regional RRB.
• Click on the Group D Recruitment notification.
• Fill out the application form with accurate details.
• Upload required documents, including your photograph and signature.
• Pay the application fee online.
• Submit the form and take a printout for future reference.

Application Fee
• General/OBC: ₹500
• SC/ST/PwD/Ex-Servicemen/Women: ₹250

Selection Process

The selection process consists of the following stages:
• Computer-Based Test (CBT):
• Questions on Mathematics, General Intelligence, General Science, and Current Affairs.
• Duration: 90 minutes.
• Physical Efficiency Test (PET):
• Male Candidates: Run 1 km in 4 minutes and carry 35 kg over 100 meters in 2 minutes.
• Female Candidates: Run 1 km in 5 minutes and carry 20 kg over 100 meters in 2 minutes.
• Document Verification:
• Original documents will be verified, including educational certificates, identity proof, and category certificates (if applicable).
• Medical Examination:
• Candidates must pass the medical fitness test conducted by the Railway Medical Board.

Important Dates
• Notification Release Date:
• Online Application Start Date:
• Last Date to Apply:
• CBT Exam Date:

Perks of Joining Indian Railways
• Attractive salary with regular increments.
• Job security and pension benefits under the National Pension Scheme (NPS).
• Medical benefits for employees and their families.
• Free or concessional railway travel.

Tips for Preparation
• Follow a structured study plan for the CBT.
• Practice previous years' question papers and mock tests.
• Focus on physical fitness for the PET.
• Stay updated on current affairs."	jobspy						
go-0n-wIYY4imgxtt78AAAAAA==	google	https://recruitment.sarkarinewshindi.in/jobs/railway-group-d-recruitment/near-me-in/odisha/cuttack/cuttack-sadar.html?utm_campaign=google_jobs_apply&utm_source=google_jobs_apply&utm_medium=organic	Railway Group D Recruitment	INDIAN RAILWAYS	Gabilo, Odisha	2025-04-17		False		"Railway Group D Recruitment : Apply Now for Multiple Vacancies

Are you dreaming of a secure government job with excellent benefits? The Indian Railways is here with a golden opportunity! Railway Group D Recruitment is now open, offering thousands of vacancies across various departments. Don’t miss your chance to join one of the largest employers in the world.

Vacancy Details

The Railway Recruitment Board (RRB) has announced Group D vacancies for positions such as:
• Track Maintainer Grade-IV
• Helper/Assistant in Electrical, Mechanical, and S&T Departments
• Assistant Pointsman
• Level 1 Posts in various departments

Eligibility Criteria

Educational Qualification:
• Candidates must have passed 10th Standard from a recognized board or have an ITI certificate.

Age Limit:
• Minimum Age: 18 years
• Maximum Age: 33 years (age relaxation applicable as per government norms for SC/ST/OBC/Ex-servicemen categories).

Physical Standards:
• Candidates must meet the physical standards set by the Indian Railways. Details are available in the official notification.

Application Process
• Visit the official Railway Recruitment Board website: www.indianrailways.gov.in.
• Go to the ""Recruitment"" section and select your regional RRB.
• Click on the Group D Recruitment notification.
• Fill out the application form with accurate details.
• Upload required documents, including your photograph and signature.
• Pay the application fee online.
• Submit the form and take a printout for future reference.

Application Fee
• General/OBC: ₹500
• SC/ST/PwD/Ex-Servicemen/Women: ₹250

Selection Process

The selection process consists of the following stages:
• Computer-Based Test (CBT):
• Questions on Mathematics, General Intelligence, General Science, and Current Affairs.
• Duration: 90 minutes.
• Physical Efficiency Test (PET):
• Male Candidates: Run 1 km in 4 minutes and carry 35 kg over 100 meters in 2 minutes.
• Female Candidates: Run 1 km in 5 minutes and carry 20 kg over 100 meters in 2 minutes.
• Document Verification:
• Original documents will be verified, including educational certificates, identity proof, and category certificates (if applicable).
• Medical Examination:
• Candidates must pass the medical fitness test conducted by the Railway Medical Board.

Important Dates
• Notification Release Date:
• Online Application Start Date:
• Last Date to Apply:
• CBT Exam Date:

Perks of Joining Indian Railways
• Attractive salary with regular increments.
• Job security and pension benefits under the National Pension Scheme (NPS).
• Medical benefits for employees and their families.
• Free or concessional railway travel.

Tips for Preparation
• Follow a structured study plan for the CBT.
• Practice previous years' question papers and mock tests.
• Focus on physical fitness for the PET.
• Stay updated on current affairs."	jobspy						
go-aCwS5k9tmMzYfoU1AAAAAA==	google	https://in.linkedin.com/jobs/view/team-leader-at-netambit-4218583253?utm_campaign=google_jobs_apply&utm_source=google_jobs_apply&utm_medium=organic	Team Leader	NetAmbit	Jatni, Odisha	2025-04-16		False	bablu.pathak@netambit.net	"This job is provided by apna.co Process: Gpay

Designation: Team Leader

Company: Netambit ValueFirst Services Pvt Ltd
• Experience: 2-5 years in Team Leader Direct sales/ B2B Sales/ Merchant Acquisition / Retail Sales (Not Stores experience) Telecom Sales/ Digital Payment.

Field sales & Team handling experience is must.

Digital Payments & Telecom Sales Experience Will Be Preferred.
• Only QR+Sound box installation experience candidate share cv

Interested candidate share your Cv bablu.pathak@netambit.net $ 6202572748

Job Responsibilities
• Develop strategy for acquisition of merchants, retailers from various segments.
• Responsible for sourcing, generating; closing new acquisition & activations signing leads.
• Will be managing the team of direct sales people.
• Coach & mentor th…"	jobspy						
go-KTr0zofbUUBXtAbVAAAAAA==	google	https://www.iitjobs.com/job/database-lead-bhubaneswar-odisha-india-cozentus-technologies-pvt-ltd-27507?utm_campaign=google_jobs_apply&utm_source=google_jobs_apply&utm_medium=organic	Database Lead	Cozentus Technologies Pvt Ltd	Bhubaneswar, Odisha	2025-04-16		False		Proficient in MYSQL database with the ability to independently tackle intricate design and development tasks. Capable of comprehending requirements and delivering on database design, queries, stored procedures, triggers, and functions. Skilled in crafting complex SQL queries and business logic, performing database design, and optimizing query and database performance. Strong English communication skills.Location: BhubaneswarExperience: 6-10 years	jobspy						
go-1YDW2GDl7xYN55FPAAAAAA==	google	https://in.linkedin.com/jobs/view/medical-practitioner-at-pvt-hospital-4218356930?utm_campaign=google_jobs_apply&utm_source=google_jobs_apply&utm_medium=organic	Medical Practitioner	Pvt hospital	Puri, Odisha	2025-04-14		False		"Company Description

A reputed super speciality hospital in Puri Odisha

Role Description

This is a full-time on-site role for a Medical Practitioner(MBBS) at Pvt hospital located in Puri. The Medical Practitioner will be responsible for diagnosing and treating patients, prescribing medications, performing medical procedures, and collaborating with other healthcare professionals to provide comprehensive patient care.

Qualifications
• Medical Degree and valid license to practice as a Medical Practitioner
• Strong diagnostic and decision-making skills
• Excellent communication and interpersonal abilities
• Experience in patient care and treatment planning
• Knowledge of electronic medical records systems
• Ability to work in a fast-paced environment
• Icu and casualty experience is a plus
• Good remuneration with hike as per performance.
• 0-2years min experience.

Contact No : 9777547940"	jobspy						
go-I2kgJEOj5hR12ZKFAAAAAA==	google	https://in.linkedin.com/jobs/view/sales-officer-sales-representative-at-balaji-wafers-pvt-ltd-4219879684?utm_campaign=google_jobs_apply&utm_source=google_jobs_apply&utm_medium=organic	Sales Officer / Sales Representative	Balaji Wafers Pvt.Ltd.	Jharsuguda, Odisha	2025-04-13		False	sarveshkumarjha@balajiwafers.com	"Company Description

Balaji Wafers Pvt. Ltd. specializes in manufacturing potato wafers and Indian ethnic snacks like aloosev, moong dal, chana dal, tikha mitha mix under the brand name of ""BALAJI."" The company currently operates two manufacturing units in Gujarat and is expanding into the north and south regions.

Role Description

This is a full-time on-site role for a Sales Officer/Sales Representative located in Jharsuguda. The Sales Officer will be responsible for customer service, lead generation, communication, sales operations, and channel sales on a day-to-day basis.

Qualifications
• Customer Service and Communication skills
• Lead Generation and Sales Operations skills
• Experience in Channel Sales
• Strong interpersonal and negotiation skills
• Ability to work independently and as part of a team
• Previous sales experience is preferred
• Bachelor's degree in Business Administration or related field

Email: sarveshkumarjha@balajiwafers.com"	jobspy						
go-mVnW-6FD07WhC4-TAAAAAA==	google	https://in.linkedin.com/jobs/view/kruti-coffee-ventures-llp-continental-chef-at-join-com-4218860455?utm_campaign=google_jobs_apply&utm_source=google_jobs_apply&utm_medium=organic	Kruti Coffee Ventures LLP: Continental chef	join.com	Bhubaneswar, Odisha	2025-04-11	fulltime	False		"Kruti Coffee Ventures LLP is looking for a Continental chef

About company

Kruti Coffee is one of India's fastest growing specialty coffee entity and cafe chain. Specialty coffee standards are followed across the value chain. Kruti Coffee started it's specialty coffee journey by transforming farm management practices of Kindiriguda tribal coffee farms in the Eastern Indian State of Odisha.

Tasks

Responsibilities:

Menu Development: Create and innovate Continental cuisine menus, including appetizers, main courses, and desserts.

Food Preparation: Prepare and cook high-quality dishes following recipes and presentation standards.

Quality Control: Ensure consistency in food quality and presentation, adhering to health and safety regulations.

Inventory Management: Manage kitchen inventory, order supplies, and ensure proper storage of ingredients.

Training: Train and mentor junior kitchen staff and ensure they follow proper cooking techniques and kitchen protocols.

Cost Management: Monitor food costs and optimize kitchen operations to minimize waste.

Collaboration: Work closely with the Head Chef and kitchen team to maintain smooth kitchen operations.

Cleanliness: Maintain a clean and organized kitchen workspace, ensuring all equipment is properly maintained.

Requirements

Education

UG: Any Graduate

PG: Any Postgraduate

Key skills:
• Quality control
• Inventory Mnagement
• Food preparation

Employment Type: Full Time, Permanent

Role Category: Kitchen / F&B Production"	jobspy						
go-34JpjlrKV4wRibCsAAAAAA==	google	https://in.linkedin.com/jobs/view/security-and-loss-prevention-specialist-inslp-at-amazon-4219803760?utm_campaign=google_jobs_apply&utm_source=google_jobs_apply&utm_medium=organic	Security and Loss Prevention Specialist, INSLP	Amazon	Bhubaneswar, Odisha	2025-04-09		False		"Description

INSLP (Security & Loss Prevention) is hiring an SLP Specialist to support growth of the “SLP MDR Concessions Abuse Program” and help preventing losses via identification of abusive entity. The program is aimed at identifying and eliminating Concessions Abuse while preserving customer trust.

The primary objective of the SLP Specialist is to provide security services, investigation and asset protection in designated area of responsibility, assist in mitigating product loss, and maintain customer satisfaction in accordance with INSLP guidelines and policies. The role is cross-functional and requires deep collaboration and influencing ability with stakeholders from business and corporate functions. SLP Specialist's day-to-day activities involve planning, organizing, coordinating, implementing and executing process and procedures laid down by the organization and the SLP function.

As a part of the SLP MDR Concessions Abuse program, the SLP Specialist is required to deep dive into the Concessions request raised by customer, and conduct end-to-end investigation across customer, DA/network and seller to identify the abusive entity. SLP has outlined frameworks for investigation, and the SLP Specialist is bound to adhere to the investigation guidelines. Along with primarily supporting on Concessions investigations, the SLP Specialist will be required to provide on-ground intel useful in uncovering abuse MOs. In order to ensure network integrity, the SLP Specialist will be required to conduct risk assessment and process audit for the respective sites and work in accordance with the security policies and guidelines.

Key job responsibilities

Security Operation
• Implementation and follow-up of Loss Prevention Plan in MDR Concessions

Audits and Compliance
• Conducting SLP audits and implementing SOPs
• Surprise check and reports at LM (Last Mile) stations
• Keeping the plans and SOPs updated
• Periodical check of documentation
• Adhering to SLAs defined for the SLP MDR Concessions Abuse Program

Process Improvement and Loss Prevention
• Process review, gap analysis and implementation of necessary improvements
• Weekly, monthly and quarterly assessments
• Loss prevention reporting
• Working on feedbacks received from internal and external stakeholders
• Follow up and completion of CAPA
• Recommending loss prevention initiatives based on on-ground intel

Loss Prevention Analysis and Investigation
• Work closely with the SLP and CS teams to analyze the loss trends in MDR Concessions
• Weekly loss trend analysis, identifying defects / abusive entities and working towards loss reduction
• Conduct investigations by working closely with CS and support functions in SLP and Ops
• Meeting the weekly investigation targets and submitting investigation reports
• Sharing RCAs and PTG initiatives on shrink and unmet goals

Basic Qualifications

University degree or equivalent through experience and professional certification
• A minimum of 7-10 years in Security and Loss prevention role, law enforcement or security-related profession
• Extensive and up to date knowledge of Shrink Management and Data Analysis
• Experience in managing or coordinating security investigations of complex nature
• Knowledge of information security processes and systems
• Experience in security auditing

Preferred Qualifications

Loss Prevention experience
• Investigation/Security related certification
• Emergency Response / Crisis Management certification
• Training & Development experience
• Auditing and security investigations experience
• Exposure to MNC culture and dynamics

Our inclusive culture empowers Amazonians to deliver the best results for our customers. If you have a disability and need a workplace accommodation or adjustment during the application and hiring process, including support for the interview or onboarding process, please visit https://amazon.jobs/content/en/how-we-hire/accommodations for more information. If the country/region you’re applying in isn’t listed, please contact your Recruiting Partner.

Company - ATSPL - Odisha - G69

Job ID: A2969734"	jobspy						
go-BSTWMiTW056nziEzAAAAAA==	google	https://in.linkedin.com/jobs/view/sales-officer-senior-sales-officer-at-planet-solutions-4219640148?utm_campaign=google_jobs_apply&utm_source=google_jobs_apply&utm_medium=organic	Sales Officer / Senior Sales Officer	Planet Solutions	Malkangiri, Odisha	2025-04-08	contract	False		"Position : Sales Officer / Senior Sales Officer

Department : Retail Marketing

Experience : Minimum 3 years of experience in Cement / Steel / Building Materials.

Qualification: : Any Graduate

Location : Malkangiri, Odisha

Responsibilities :
• Responsible for selling TMT bars (Primary & Secondary)
• Meeting dealers , masons, contractors & engineers
• Appointing new dealers and enrollment of Engineers, masons & Contractors
• Preparing weekly, monthly, and Yearly to the DSR’s
• Site visits, CRM Reporting and updation
• Payment Follow-up with Dealers
• Conducting influencers meets"	jobspy						
li-4220520046	linkedin	https://www.linkedin.com/jobs/view/4220520046	International Business Development Associate	Artha Dhaara Ventures	Bhubaneswar, Odisha, India		fulltime	False		"**Location:** 
 Bhubaneswar with occasional travel
 



**Type:** 
 Full\-time , Work from Office
 



**Work Experience:** 
 0\-3 years
 



**Budget** 
 : Rs15,000–30,000 per month based on experience and interview performance
 



**Start Date:** 
 Immediate
 



  





**About Artha Dhaara Ventures** 




 Artha Dhaara Ventures is a venture studio that partners hands\-on with promising startups and MSMEs to help them grow from 0 → 1 → 10\. We work across the lifecycle—from greenfield project planning and fundraising to product development and go\-to\-market strategy. Our mission is to strengthen Odisha’s startup and MSME ecosystem, using the power of hands\-on execution and AI.
 



  





 We don’t care where you studied, if you can code, or if you’ve worked in sales before.
 



 We do care if you are a self\-starter and willing to learn AI tools such as Zapier and Claude to solve real\-world problems and automate workflows. We’ll show you how—if you bring the drive.
 



  





**Your Responsibilities** 




 Our client manufactures defect kits for injectable drug manufacturers, used in training visual inspection teams across regulated markets.
 



**A.   Lead Generation \& Outreach** 




 ·       Build a pipeline of qualified international leads using LinkedIn, email, and trade directories
 



 ·       Run A/B tests on messaging strategies to optimize response rates
 



 ·       Use tools like HubSpot/Zoho/Google Sheets to manage outreach campaigns
 



 ·       Track and report key outreach metrics (open rate, response rate, conversion)
 



**B.   Market Research \& Sales Support** 



* Identify global target markets, distributors, and customer segments
* Prepare pitch decks, product briefs, and client\-facing material
* Support planning and logistics for expos, events, and travel
* Stay up to date on competitor activity, product pricing, and market shifts



**C.   Growth Exposure (Over Time)** 



* Opportunity to represent the firm at international expos and client meetings
* Coordinate product demos and implementation with R\&D teams
* Feed market insights back into product and strategy
* Contribute new business ideas and cross\-border initiatives



**D.   Any other task deemed necessary for the business** 




  





**Who Should Apply** 




 You, if you have:
 


* 0–3 years of experience in B2B sales, exports, or startup operations
* Strong written and spoken English
* Curiosity to learn new tools, run experiments, and iterate fast
* Exposure to pharma or international markets is a bonus
* A graduate degree. BA to MBA, we are open to all applications.



**Most importantly:** 
 You’re a self\-starter who wants to punch above your weight and grow exponentially.
 



  





**What We Promise You** 




 If you're curious, entrepreneurial, and hungry to grow, this role will give you front\-row access to international business development and venture building.
 







* Mentorship directly from the founder (IIT Roorkee alumnus)
* A culture of experimentation, learning, and ownership
* You’ll have to juggle ambiguity, but you’ll also see your work impact deals and decisions daily.
* Opportunity to grow into leadership roles across exports, product, and strategy
* An inclusive workplace where all backgrounds are welcome
* A steep learning curve—yes. But also, high\-growth, high\-reward.



  





**Selection Process** 



1. Fill a short online screening form
2. Round 2 \& 3: Interview with founder and core team
3. Offer rollout



*“We are building a special place for curious minds.* 




*If you think you can learn fast and execute faster—we want you”*"	jobspy		entry level	Sales and Business Development	Holding Companies	https://in.linkedin.com/company/artha-dhaara-ventures	https://media.licdn.com/dms/image/v2/D560BAQEb9MBevlc1IA/company-logo_100_100/company-logo_100_100/0/1738583731795?e=2147483647&v=beta&t=zTkRoVcxs3D2yf_XjDCPLLl4zOWQ2Q61ezcfzydGCIQ
li-4220541341	linkedin	https://www.linkedin.com/jobs/view/4220541341	Assistant Professor of Computer Science	NIST University	Brahmapur, Odisha, India		fulltime	False	career@nist.edu, _cse@nist.edu	"**NIST University is inviting applications for the position of Assistant Professor in the Department of Computer Science \& Engineering.** 




  





 We are seeking a dynamic and motivated academic professional for the role of Assistant Professor in the Department of Computer Science. The ideal candidate should be passionate about teaching, research, and academic service, with a strong foundation in modern computing technologies and tools.  
 



  





**Key Responsibilities:** 




 Deliver high\-quality teaching in undergraduate and postgraduate programs.  
 



 Develop course materials and utilize modern teaching methodologies and tools.  
 



 Guide student projects and mentor research scholars.  
 



 Conduct original research in relevant areas and publish in reputed journals (Scopus/WoS indexed).  
 



 Participate in departmental activities including curriculum development, academic planning, and other institutional responsibilities.  
 



 Collaborate with industry and academia for research and consultancy projects.  
 



  





**Essential Qualifications:** 




 Ph.D. in Computer Science or a related discipline from a reputed university/institute OR Master’s degree (minimum 60%) in Computer Science or relevant discipline from a reputed university/institute.  
 



 Candidates who have submitted their Ph.D. thesis may also apply.  
 



 Proficiency in programming languages such as Python, C\#, Java, etc.  
 



 Strong understanding of emerging technologies such as Artificial Intelligence (AI), Machine Learning (ML), Data Science, and Internet of Things (IoT).
 



  





 Please submit your application/resume via email at: career@nist.edu with cc to hod\_cse@nist.edu latest by 20th May 2025\."	jobspy	https://forms.gle/RyUc85fBerW868VK9&urlHash=sioi	entry level	Education and Training	Higher Education	https://in.linkedin.com/school/nistuniversity/	https://media.licdn.com/dms/image/v2/C4D0BAQEm9fF_fiLAdQ/company-logo_100_100/company-logo_100_100/0/1630491451689/national_institute_of_science_and_technology_nist_berhampur_logo?e=2147483647&v=beta&t=qvDgqwqKVc4S-7t3YWgQLL40DL8ecNs8e21QwXdWXPc
li-4218086547	linkedin	https://www.linkedin.com/jobs/view/4218086547	Senior Research Fellow (SRF) at NIT Rourkela	NIT -Rourklea	Sundargarh, Odisha, India		contract	False	hiremaths@nitrkl.ac.in, hiremaths@nitrkl.ac.in	"Dear All,
 



 Greetings from the Department of Electronics and Communication Engineering, NIT Rourkela.
 



 We are pleased to invite applications for the post of 
 **Senior Research Fellow (SRF)** 
  under a prestigious research project funded by the 
 **Department of Telecommunications (DOT), Government of India** 
 , titled:
 



 🎯 
 **“Design and Development of Deep Learning\-based Secure Joint Channel Estimation and Feedback Algorithms for 6G”** 



 📌 Key Details:
 * **Number of Positions:** 
  02
* **Duration:** 
  Up to December 2027 (subject to project continuation)
* **Monthly Fellowship:** 
  ₹42,000/\-
* **Mode of Interview:** 
  
 **Offline**
* **Interview Date:** 
  
 **May 20, 2025, 4:00 PM**
* **Last Date to Apply:** 
  
 **May 19, 2025**
* **Department:** 
  Electronics and Communication Engineering, NIT Rourkela


 🎓 
 **Eligibility Criteria:** 
* M.Tech/M.E/MS or equivalent in ECE, EE, CSE, Telecommunication, AI/ML, VLSI, etc.
* Or M.Sc./MCA with valid GATE/NET score
* Or B.Tech/B.E with valid GATE score
* Minimum 60% marks or 6\.5/10 CGPA throughout


 🧠 
 **Desired Skills:** 
* Strong background in Signal Processing, Wireless/MIMO Communication, Deep Learning
* Programming proficiency in Python, MATLAB, VHDL/Verilog, etc.
* Exposure to hardware (SDR, FPGA, RF\-Soc) and EDA tools preferred



 This opportunity also opens avenues for 
 **Ph.D. admission** 
 , subject to eligibility and institute norms.
 



 Interested candidates may reach out to the PI:
 



**Prof. Shrishailayya M Hiremath** 




 📧 Email: hiremaths@nitrkl.ac.in
 



 We request that you circulate this announcement widely among your networks and encourage eligible candidates to apply.
 



 The application can be found here: https://nitrkl.ac.in/SRICCE/Career
 



  





 Warm regards,
 



**Prof. Shrishailayya M Hiremath** 




 Department of Electronics and Communication Engineering
 



 National Institute of Technology
 



 Rourkela, PIN \- 769008
 



 ORISSA, INDIA
 



 hiremaths@nitrkl.ac.in
 



 Mob:9438503621
 



 Office:0661\-2462459"	jobspy	https://nitrkl.ac.in/SRICCE/Career&urlHash=cYSk	entry level	Research, Analyst, and Information Technology	Higher Education	https://in.linkedin.com/school/nit--rourklea/	https://media.licdn.com/dms/image/v2/C4D0BAQG5A1-5QevL6A/company-logo_100_100/company-logo_100_100/0/1631345603693?e=2147483647&v=beta&t=lmlHBXUqFvnQhc9hI9-voYoz4ca_a_fgv_bpK01-9M8
go-0AUZ5ONV9xEtb6IBAAAAAA==	google	https://www.iitjobs.com/job/network-administrator-routing-protocols-bhubaneswar-odisha-india-fluentgrid-limited-11988?utm_campaign=google_jobs_apply&utm_source=google_jobs_apply&utm_medium=organic	Network Administrator - Routing Protocols	Fluentgrid Limited	Bhubaneswar, Odisha	2025-04-28		False		About the jobThis job is sourced from a job board. Learn MoreWe are looking IT Infra Positions for Data CenterRole : Network AdministratorLocation : BhubaneswarJob DescriptionRequired Skills : Should be able to Design, Install, Modify, Monitor and Maintain the Network and Computer Systems.Exceptional Analytical Skills Are Required to Trouble Shoot Issues and Deliver Secure, Creative, Value-Driven SolutionsEstablishes VPN, LAN, WAN and DMZ Specifications by Conferring With UsersAnalysing Workflow, Access, Information, and Security RequirementsDesigning Router Administration, Including Interface Configuration and Routing Protocols.Continually Improves the Networks by Monitoring and Evaluating Network Performance Issues Including Availability, Utilization, Throughput and Latency; Planning and Executing the SelectionInstallation, Configuration, and Testing of EquipmentDefining Network Policies and Procedures; Establishing Connections and Firewalls.Maintains Inventory of Equipment and Parts as Well as Documentation of Configurations, Standards and Vendor Activities.Protects Organizational Value by Keeping Information Confidential.Accomplishes Organization Goals by Accepting Ownership of Tasks and Requests;Exploring Opportunities to Add Value to Job Accomplishments.In-Depth Understanding of Communication Protocols (Mainly TCP/IP) and Routing Protocols (e.g. BGP, OSPF)Resolve Issues Tiers of Support Have Escalated by Troubleshooting Cloud and Local InfrastructureExperience With Network Diagnostic, Monitoring and Analysis Tools (e.g. SolarWinds Network Tools)Professional Certification (e.g. CCNP, CCNA)	jobspy						
go-GqBf_yHne9OinfLvAAAAAA==	google	https://www.iitjobs.com/job/cloud-solutions-developer-bhubaneswar-odisha-india-intersources-inc-81842?utm_campaign=google_jobs_apply&utm_source=google_jobs_apply&utm_medium=organic	Cloud Solutions Developer	InterSources Inc	Bhubaneswar, Odisha	2025-04-24		False		We are currently seeking a Cloud Engineer to join our engineering team. You will work with the architecture and development teams to implement and manage cloud-based solutions across multiple platforms including Azure, AWS, and Google Cloud.Responsibilities:• Implement and manage scalable, resilient, and cost-effective cloud environments across various cloud platforms.• Develop and maintain cloud infrastructure components, including virtual networks, storage accounts, virtual machines, and containers.• Assist in the evaluation and recommendation of appropriate cloud services, technologies, and tools to meet product development standards.• Support the implementation of cloud-based solutions, ensuring adherence to product architectural guidelines, security standards, and best practices.• Configure and deploy cloud infrastructure components across multiple platforms.• Implement identity and access management (IAM) solutions and set up authentication mechanisms and security controls.• Monitor and optimize cloud resources to maximize performance, scalability, and cost efficiency.• Implement backup and disaster recovery solutions for cloud-based environments.Minimum Qualifications:• Bachelor’s degree in computer science, Information Technology, or a related field.• 3+ years of experience as a Cloud Engineer with experience across multiple cloud platforms (e.g., Azure, AWS, Google Cloud).• Strong understanding of cloud architecture and security principles. • Knowledge and experience with various operating systems including Linux • Experience with BASH scripting and programming languages such as Python.• Strong experience with cloud deployment methodologies, DevOps practices, continuous integration/continuous deployment (CI/CD) pipelines and Infrastructure-As-Code (IaC) tools such as Terraform.• Familiarity with cloud services such as virtual machines, storage accounts, networking, and security.• Experience with containerization technologies like Docker and Kubernetes.• Basic understanding of API design and security practices including Microservices.• Strong problem-solving skills and ability to work independently as well as part of a team.• Excellent communication and client management skills.Preferred Qualifications:• Knowledge of Configuration Management tools such as Ansible• Knowledge of managing multiples databases including Oracle, Mongo, Postgre and SQL Server• Basic knowledge of VPN technologies such as Sophos• General understanding of Hybrid Environments such as On Premise (in the Data Center) to Cloud (e.g., GCP)• Demonstrated expertise in Linux storage systems	jobspy						
go-HA9RohELhCVuSUurAAAAAA==	google	https://www.iitjobs.com/job/aiml-software-engineer-bhubaneswar-odisha-india-intersources-inc-81845?utm_campaign=google_jobs_apply&utm_source=google_jobs_apply&utm_medium=organic	AI/ML Software Engineer	InterSources Inc	Bhubaneswar, Odisha	2025-04-23		False		We are currently seeking an experienced AI/ML Engineer to join our dynamic Engineering organization. As a key contributor, you will play a vital role in advancing our suite of products, leveraging your expertise in machine learning to develop and implement cutting-edge solutions.Candidates should also have extensive experience working with customers to implement product solutions within the customers environment (e.g., On Prem or Cloud)Responsibilities:• Develop and implement machine learning models and algorithms in collaboration with the AI/ML team.• Drive data pre-processing, feature engineering, and model evaluation to ensure the accuracy and efficiency of solutions.• Conduct rigorous experiments, analyze results, and provide actionable insights to enhance model performance and effectiveness.• Optimize model performance with large-scale datasets, employing advanced techniques and methodologies.• Spearhead the integration of AI/ML models into our product ecosystem, seamlessly merging them into product features.• Stay abreast of the latest advancements in AI/ML technologies, actively contributing to the team's knowledge base and fostering innovation.• Partner with Sales, Marketing and Product teams on understanding customer requirements and supporting them throughout the sales lifecycle.• Work closely with the Customer Implementation and Support Manager on implementing Data Safeguard products within the customers environment.Qualifications:• Bachelor's or Master's degree in Computer Science, Data Science, or a related field.• 5+ years of hands-on experience in developing, deploying and testing machine learning solutions.• 5+ years of experience with scripting languages such as Python and with machine learning libraries such as TensorFlow, PyTorch, and scikit-learn.• 5+ years of experience with Continuous Integration/Continuous Deployment (CI/CD)• 5+ years of experience using Agile methodology.• 3+ years of experience implementing products at customer sites.• Demonstrated expertise in data pre-processing, feature engineering, and model evaluation techniques	jobspy						
go-M-0x9U4mIXRLUUMEAAAAAA==	google	https://www.iitjobs.com/job/senior-business-intelligence-developer-cognos-bhubaneswar-odisha-india-scalable-systems-4246?utm_campaign=google_jobs_apply&utm_source=google_jobs_apply&utm_medium=organic	Senior Business Intelligence Developer (Cognos)	Scalable Systems	Bhubaneswar, Odisha	2025-04-23		False		Job Description: Position requires extensive experience in Business Intelligence with proven skills in working with peers, Subject Matter Experts and the business to help develop the appropriate solutions to empower the business. As a BI Team lead you have advanced Cognos Development skills with expertise/exposure to Tableau or similar tools. You will be responsible for the design, development, and implementation of Business Intelligence (BI) Solutions.Responsibilities:Qualifications:Collaborate with cross functional teams to gather and document BI requirementsAnalyze BI requirements and design/develop Cognos Reporting solutions to support standard reporting, Dashboard and self-service environment.Will be the primary contact for questions about existing reports and DashboardsPerformance tuning to ensure reports function within acceptable parametersCollaborate with stakeholders to define the business layer and presentation layer of the BI Model that is business friendly and supports a self-service environment.Analyze requirements and architect appropriate solutions, with detailed design documentsReview the current architecture and recommend changes as appropriateEnsure documentation is up to dateEducation: Bachelor's Degree in Computer Science or equivalent experience requiredExperience:Bachelor's degree with at least eight years of IS experience. Most recent experience must be Business Intelligence focused with at least five years of hands on experience in dashboard and report development using Cognos.Strong communication skills, with prior experience in requirements gathering and working with SMEs and Stakeholders at various leadership levels.Proficiency with Cognos BI (Preferably 10.2.2) Product Suite (Report Studio, Analysis Studio, Query Studio, Framework Manager, Transformer, workspace advanced)Hands on Framework Manager Dimensional Modeling, Transformer cube, Design and DevelopmentHands on Dashboard, and report development experienceProven experience in scripting (Java Scripting/JQuery) to extend Cognos CapabilitiesExcellent performance tuning and trouble shooting skillsEffective verbal, written and interpersonal communicationStrong grasp of relational Database principles, OLTP, OLAP, 3NF, Star-SchemaDemonstrable experience in Dashboards, KPI, Scorecards, mobile, Operational and Business Intelligence Prior experience in leading a BI TeamPreferred:Advanced query writing skills would be a strong plusPrior experience working with data sourced from JD EdwardsUnderstanding of SOX and Project management principles and conceptsRapid prototyping and agile methodologyCognos Administration experience/familiarityExpertise in Tableau or similar visualization tools	jobspy						
go-u89OaTlgGEH1hPDYAAAAAA==	google	https://www.iitjobs.com/job/tableau-developerbi-bhubaneswar-odisha-india-bodhtree-consulting-ltd-84699?utm_campaign=google_jobs_apply&utm_source=google_jobs_apply&utm_medium=organic	Tableau Developer(BI)	Bodhtree Consulting Ltd	Bhubaneswar, Odisha	2025-04-22		False		1. Analyze, design, develop, document, test, and deploy BI solutions2. Translate data into meaningful operational insights3. Enhance and support existing solutions4. Translate business needs to technical specifications5. Create engaging visualizations and reports for requested projects6. Maintain and support the analytics platform7. Develop and execute database queries and conduct analyses8. Develop and maintain technical documentation9. Implement best practices for optimum use, performance, and maintainability.	jobspy						
go-KTr0zofbUUBXtAbVAAAAAA==	google	https://www.iitjobs.com/job/database-lead-bhubaneswar-odisha-india-cozentus-technologies-pvt-ltd-27507?utm_campaign=google_jobs_apply&utm_source=google_jobs_apply&utm_medium=organic	Database Lead	Cozentus Technologies Pvt Ltd	Bhubaneswar, Odisha	2025-04-22		False		Proficient in MYSQL database with the ability to independently tackle intricate design and development tasks. Capable of comprehending requirements and delivering on database design, queries, stored procedures, triggers, and functions. Skilled in crafting complex SQL queries and business logic, performing database design, and optimizing query and database performance. Strong English communication skills.Location: BhubaneswarExperience: 6-10 years	jobspy						
go-veKJko0nJmlcU0_-AAAAAA==	google	https://www.iitjobs.com/job/software-automation-testing-bhubaneswar-odisha-india-bodhtree-consulting-ltd-84691?utm_campaign=google_jobs_apply&utm_source=google_jobs_apply&utm_medium=organic	Software Automation Testing	Bodhtree Consulting Ltd	Bhubaneswar, Odisha	2025-04-22		False		Mandatory Skills:Mobile Automation : Java, Selenium, Appium* IOS and Android App automation* Framework : Cucumber, TestNG, Maven Framework* Android Studio and XCode, Emulators* DB : Mongo DB, or any other SQL DB knowledge* Manual Mobile testing * GitHub, JIRA* CI/CD : Jenkins or GitHub Actions* Agile Methodology* Device farms - Browser stack or Lambda test or Sauce labsJob Description:· Overall, 8 - 10 years of experience in software testing and test automation· 4+ years of experience in test automation techniques for complexinterdependent programs/projects.· 4+ years of testing experience with mobile apps and test automation cases· Must-Have - Automation with Java, test framework, QA process & tools like Selenium, Jenkins, Maven.· Hands-on experience writing test automation scripts in Java or JS.· Familiarity with test engineering tools such as JUnit, Selenium, Note JS, UnixShell scripting, JMeter, JIRA, Charles Proxy, Android Studio, Xcode, GIT, and SQL.· Experience with Cucumber/Behave, BDD, TestNG testing frameworks.· Demonstrated knowledge of CI/CD tools to integrate the Automation scripts.· Working knowledge of GitHub actions is a plus. · Possess experience in Test Planning, execution, and tracking tool. · Experience with Agile/Scrum methodologies.· Experience with Continuous Integration/Continuous Deploymentmethodologies· In-depth knowledge of test automation using Selenium.Good to Have Skills:* API Automation : Rest Assured* Charles Proxy* JavaScript* Jasmine.	jobspy						
go-07taTgKVP00FtMP4AAAAAA==	google	https://www.iitjobs.com/job/lead-qc-manual-bhubaneswar-odisha-india-cozentus-technologies-pvt-ltd-27502?utm_campaign=google_jobs_apply&utm_source=google_jobs_apply&utm_medium=organic	Lead QC - Manual	Cozentus Technologies Pvt Ltd	Bhubaneswar, Odisha	2025-04-22		False		The ideal candidate must possess both manual and automation testing skills, adept at analyzing requirements, planning testing strategies, writing test cases, and liaising with teams and clients. They should have experience setting up automation frameworks, conducting various tests (security, performance), utilizing test management tools, understanding Java development, and working with DevOps tools. Additionally, they should be capable of defining processes, training teams, and working in Agile methodologies. Location: BhubaneswarExperience: 8- 12 years	jobspy						
go-TN3DmUxv0XliZ62HAAAAAA==	google	https://www.iitjobs.com/job/plsql-developer-bhubaneswar-odisha-india-bodhtree-consulting-ltd-84698?utm_campaign=google_jobs_apply&utm_source=google_jobs_apply&utm_medium=organic	PL/SQL Developer	Bodhtree Consulting Ltd	Bhubaneswar, Odisha	2025-04-22		False		1. Develop, debug, and optimize PL/SQL scripts for data transformation and integration2. Rewriting queries and PL/SQL code to improve efficiency, scalability, and response time3.Write and maintain scripts for data extraction, transformation, and loading (ETL) between various databases and systems.Perform data migration, ensuring data integrity during the process.4. Perform root cause analysis and troubleshoot database issues, including application performance, errors, and system downtime.5.Resolve database-related issues by performing recovery, patching, and upgrading.6. Work closely with other developers, DBAs (Database Administrators), business analysts, and project managers to deliver high-quality solutions.7. Participate in code reviews, peer programming, and provide mentoring to junior developers8.Deep understanding of Oracle Database (version 11g, 12c, or higher), its architecture, and features like tablespaces, indexes, constraints, etc.9.Experience working with Oracle database tools like SQL*Plus, SQL Developer, TOAD, and Oracle Enterprise Manager.	jobspy						
go-AiXhf-h4j9DxsPv_AAAAAA==	google	https://in.linkedin.com/jobs/view/business-manager-sales-at-livspace-4217778086?utm_campaign=google_jobs_apply&utm_source=google_jobs_apply&utm_medium=organic	Business Manager - Sales	Livspace	Bhubaneswar, Odisha	2025-04-20	contract	False		"About Us

Livspace is Asia’s largest and fastest-growing omnichannel home interiors and renovation platform. Using its proprietary technology, Livspace provides a one-stop renovation solution for homeowners—from design to managed last mile fulfillment for all rooms in a home. The platform has organized a fragmented industry, bringing together designers, brands, manufacturers, and contractors to enable an eCommerce-like trusted, and predictable experience.

The company launched operations in Bengaluru, India in 2015. Since its inception, Livspace has organized a fragmented industry, bringing together a curated community of designers, brands, manufacturers and contractors. This has resulted in an e-commerce-like trusted and predictable experience for the homeowners. Livspace boasts of a community of 50000+ satisfied customers and over 2000 interior designers.

The company is already the largest employer of interior designers in the country. Livspace currently serves Singapore, Malaysia, Saudi Arabia as well as 30 metro and non-metro areas in India including - Bengaluru, Chennai, Delhi, Noida, Gurgaon, Mumbai, Thane, Pune, Hyderabad, Kolkata, Ahmedabad, Kochi, Jaipur, Lucknow, Indore, Surat, Coimbatore, Mysore, Mangalore, Vizag, Vijayawada.

Livspace has showcased phenomenal growth since its launch, having delivered over 125,000 rooms and selling over 7.5 million SKUs through its platform. The company also delivered 50,000 homes across all our serviceable locations.

The founders - Anuj Srivastava and Ramakant Sharma are former Google and Myntra executives respectively, who are seasoned entrepreneurs and successful angel investors. Livspace’s leadership team combines world-class talent and entrepreneurial experience gathered at some of the best companies in the world.

Livspace has raised around USD 450 million in capital from some of the top global investors including KKR, Ingka Group Investments (part of largest IKEA retailer Ingka Group), TPG Growth, Goldman Sachs, Kharis Capital, Venturi Partners, FFP (Peugeot Group’s Holding Company), EDBI, Bessemer Venture Partners, Jungle Ventures, Helion Ventures and UC-RNT. For more information, please visit: ""https://www.livspace.com/""

Job Description

In the role of a Business Manager - Sales, you will be required to own the sales funnel & drive sales closure. You will need to achieve sales target on projects month on month through a team of 6 to 10 designers.
• Enure sales funnel management to achieve a higher conversion rate output.
• Target and achieve of 12 to 15 projects a month, by ensuring new projects bookings.
• Responsible for Customer Experience & Relationship Management.
• Training designers to esnure sales & enabling them to achieve their targets.

Job Requirement
• Bachelor's Qualification: B-Arch (preferred) | If any other, then with relevant industry exposure.
• 5+ years of relevant work-experience in B2C Business Development and Growth.
• Managerial experience of minimum 12 months leading a team."	jobspy						
go-kR9P4gVt4pMRd_axAAAAAA==	google	https://www.iitjobs.com/job/java-senior-software-developer-bhubaneswar-odisha-india-cozentus-technologies-pvt-ltd-27498?utm_campaign=google_jobs_apply&utm_source=google_jobs_apply&utm_medium=organic	Java Senior Software Developer	Cozentus Technologies Pvt Ltd	Bhubaneswar, Odisha	2025-04-20		False		The responsibilities entail designing software solutions to address security vulnerabilities, contributing to architectural aspects, maintaining technical documentation, advising on secure coding practices, and staying updated with new tools and practices. Proficiency in Java (J2EE), Oracle database, Spring Framework, HTML, CSS, JavaScript, Angular, and Bootstrap is essential.Location: BhubaneswarExperience: 4-7 years	jobspy						
go-jPKlNlfBhzSfDHtTAAAAAA==	google	https://www.iitjobs.com/job/senior-qc-engineer-automation-bhubaneswar-odisha-india-cozentus-technologies-pvt-ltd-27505?utm_campaign=google_jobs_apply&utm_source=google_jobs_apply&utm_medium=organic	Senior QC Engineer (Automation)	Cozentus Technologies Pvt Ltd	Bhubaneswar, Odisha	2025-04-17		False		Must have manual and automation testing experience, able to analyse requirements, plan for testing needs of project, write system test cases, interact with teams and clients, plan and execute testing of project. Test management tool usage and integration with automation toolsUnderstanding of development process for Java and related technologies is needed . Location: BhubaneswarExperience: 4-7 years	jobspy						
li-4220532751	linkedin	https://www.linkedin.com/jobs/view/4220532751	DM Fashion	Reliance Retail	Baleshwar, Odisha, India		fulltime	False		"**Skills:**
 Digital Marketing Strategy, Social Media Advertising, Content Creation, SEO Optimization, Email Marketing, Influencer Partnerships, Data Analytics, E\-commerce Platforms,
   

  

**Company Overview**
 Reliance Retail is India's largest and fastest\-growing retailer, known for its diverse omni\-channel presence through integrated store concepts and digital commerce platforms. Since its inception in 2006, the company has committed to revolutionizing Indian retail, offering superior quality products and unmatched shopping experiences. With a loyal customer base of over 193 million and a vast network of more than 15,000 stores, Reliance Retail continues to enhance customer value and strengthen its market presence.
   

  

**Job Overview**
 Reliance Retail is seeking a mid\-level professional for the position of DM Fashion. This full\-time role is based in Balasore, Bhadrak, Bhubaneswar, Koraput, and Jeypore. The ideal candidate will possess a strong understanding of digital marketing strategies and be capable of driving our fashion segment through innovative marketing techniques. Join our team to leverage your skills in a collaborative environment, aiming to create impactful strategies that resonate with our customers.
   

  

**Qualifications And Skills**
- Proven expertise in crafting and implementing digital marketing strategies that enhance brand visibility and drive sales.

- Proficiency in social media advertising to engage and expand our customer base across various platforms effectively.

- Strong skills in content creation, ensuring engaging and relevant content that aligns with brand communication.

- Comprehensive knowledge of SEO optimization techniques to improve search engine rankings and website traffic.

- Experience in executing successful email marketing campaigns that nurture leads and maintain customer engagement.

- Ability to establish influencer partnerships to enhance brand credibility and reach wider audiences.

- Competency in data analytics to interpret

- Company Overview

 Reliance Retail is the largest and fastest\-growing retailer in India,, providing offering a diverse omni\-channel presence. Founded in 2006 insights for, the company revolutionizes Indian informed decision retail, serving over 193 million loyal customers with superior quality\-making. growing, Reliance Retail is 7,000 cities, supportedFamiliarity with e\-commerce by a strong team platforms, enhancing user experience and and a robust digital driving online and supply chain infrastructure sales effectively.
   

  

 headquartered in Mumbai and
   

  

 \< maintains astrong\>Roles and Responsibilities\< strong portfoliobr/\>
   

  

 of both own and
   

  

* partner brands.
* Job Overview
* The promote our fashion products and increase DM Fashion market penetration.
* Manage and optimize a full\-time, social media mid\-level position focused on executing accounts to boost engagement digital marketing strategies for and foster a loyal our Fashion division in Balasore, Bhadr customer communityak, Bhub.
* aneswar Create compelling. The successful candidate will leverage digital marketing content that tools to enhance brand presence and resonates with drive sales growth, our target audience and utilizing their supports marketing expertise and creativity to initiatives.
* Implement SEO engage and attract a strategies to wider audience. Applicants should possess strong digital marketing prof enhance ouriciencies, with a online presence background in and make managing integrated campaigns across our fashion products more discoverable.
* various platforms
* Coordinate.
* Qualifications to enhance and Skills brand awareness
* \>Pro
* ficiency in designing andIdentify and collaborate with influencers to implementing digital marketing strategies amplify brand awareness and drive sales to penetrate.
* Analyze marketing data effectively.
* for performanceExperience in managing social metrics, media advertising campaigns, including content providing insights for campaign optimization.
* Ensure all budget management digital marketing efforts align for optimal with overall business objectives and brand standards.
* reach.
* Expertise in content creation, ensuring engaging, relevant, and high\-quality content across all digital platforms.
* Solid understanding and application of SEO optimization techniques to improve search engine rankings and visibility.
* Proficient in executing email marketing campaigns, using data\-driven strategies to enhance engagement and conversion rates.
* Experience in developing and managing influencer partnerships to amplify brand messages and reach new audiences.
* Strong analytical skills with a capability to interpret data analytics to guide marketing strategies and decision\-making.
* Familiarity with e\-commerce platforms and tools to effectively drive online sales and customer acquisition strategies.


**Roles And Responsibilities**
* Develop and implement comprehensive digital marketing strategies for the Fashion division, enhancing online brand visibility.
* Manage social media presence and advertising campaigns across multiple platforms to increase follower engagement and brand reach.
* Create engaging and relevant content to be shared across digital channels, ensuring alignment with overall brand voice and goals.
* Conduct regular SEO audits and implement optimization strategies for enhancing website search engine performance.
* Plan and conduct email marketing campaigns to nurture leads, foster customer loyalty, and drive sales.
* Establish and maintain partnerships with relevant influencers to enhance brand advocacy and message amplification.
* Analyze digital marketing metrics and analytics to assess campaign effectiveness and ROI, adjusting strategies as needed.
* Collaborate with cross\-functional teams to align digital marketing efforts with company objectives and growth targets."	jobspy	https://www.expertia.ai/ril-reliance-retail/job/hiring-dm-fashion-67ee4cf8d1b2125bbf72766b?utm_source=linkedin-feed&easy_apply=true&date-refresh=05/01/2025&urlHash=-0BD	associate	Design, Art/Creative, and Information Technology	Retail	https://in.linkedin.com/company/reliance-retail	https://media.licdn.com/dms/image/v2/C4E0BAQHM_iN30Rgv3w/company-logo_100_100/company-logo_100_100/0/1631307312115?e=2147483647&v=beta&t=0aVIacsATufIRcJR18WUij7uuBU9_zV-BYTJclL5lak
li-4220533736	linkedin	https://www.linkedin.com/jobs/view/4220533736	DM Fashion	Reliance Retail	Bhubaneswar, Odisha, India		fulltime	False		"**Skills:**
 Digital Marketing Strategy, Social Media Advertising, Content Creation, SEO Optimization, Email Marketing, Influencer Partnerships, Data Analytics, E\-commerce Platforms,
   

  

**Company Overview**
 Reliance Retail is India's largest and fastest\-growing retailer, known for its diverse omni\-channel presence through integrated store concepts and digital commerce platforms. Since its inception in 2006, the company has committed to revolutionizing Indian retail, offering superior quality products and unmatched shopping experiences. With a loyal customer base of over 193 million and a vast network of more than 15,000 stores, Reliance Retail continues to enhance customer value and strengthen its market presence.
   

  

**Job Overview**
 Reliance Retail is seeking a mid\-level professional for the position of DM Fashion. This full\-time role is based in Balasore, Bhadrak, Bhubaneswar, Koraput, and Jeypore. The ideal candidate will possess a strong understanding of digital marketing strategies and be capable of driving our fashion segment through innovative marketing techniques. Join our team to leverage your skills in a collaborative environment, aiming to create impactful strategies that resonate with our customers.
   

  

**Qualifications And Skills**
- Proven expertise in crafting and implementing digital marketing strategies that enhance brand visibility and drive sales.

- Proficiency in social media advertising to engage and expand our customer base across various platforms effectively.

- Strong skills in content creation, ensuring engaging and relevant content that aligns with brand communication.

- Comprehensive knowledge of SEO optimization techniques to improve search engine rankings and website traffic.

- Experience in executing successful email marketing campaigns that nurture leads and maintain customer engagement.

- Ability to establish influencer partnerships to enhance brand credibility and reach wider audiences.

- Competency in data analytics to interpret

- Company Overview

 Reliance Retail is the largest and fastest\-growing retailer in India,, providing offering a diverse omni\-channel presence. Founded in 2006 insights for, the company revolutionizes Indian informed decision retail, serving over 193 million loyal customers with superior quality\-making. growing, Reliance Retail is 7,000 cities, supportedFamiliarity with e\-commerce by a strong team platforms, enhancing user experience and and a robust digital driving online and supply chain infrastructure sales effectively.
   

  

 headquartered in Mumbai and
   

  

 \< maintains astrong\>Roles and Responsibilities\< strong portfoliobr/\>
   

  

 of both own and
   

  

* partner brands.
* Job Overview
* The promote our fashion products and increase DM Fashion market penetration.
* Manage and optimize a full\-time, social media mid\-level position focused on executing accounts to boost engagement digital marketing strategies for and foster a loyal our Fashion division in Balasore, Bhadr customer communityak, Bhub.
* aneswar Create compelling. The successful candidate will leverage digital marketing content that tools to enhance brand presence and resonates with drive sales growth, our target audience and utilizing their supports marketing expertise and creativity to initiatives.
* Implement SEO engage and attract a strategies to wider audience. Applicants should possess strong digital marketing prof enhance ouriciencies, with a online presence background in and make managing integrated campaigns across our fashion products more discoverable.
* various platforms
* Coordinate.
* Qualifications to enhance and Skills brand awareness
* \>Pro
* ficiency in designing andIdentify and collaborate with influencers to implementing digital marketing strategies amplify brand awareness and drive sales to penetrate.
* Analyze marketing data effectively.
* for performanceExperience in managing social metrics, media advertising campaigns, including content providing insights for campaign optimization.
* Ensure all budget management digital marketing efforts align for optimal with overall business objectives and brand standards.
* reach.
* Expertise in content creation, ensuring engaging, relevant, and high\-quality content across all digital platforms.
* Solid understanding and application of SEO optimization techniques to improve search engine rankings and visibility.
* Proficient in executing email marketing campaigns, using data\-driven strategies to enhance engagement and conversion rates.
* Experience in developing and managing influencer partnerships to amplify brand messages and reach new audiences.
* Strong analytical skills with a capability to interpret data analytics to guide marketing strategies and decision\-making.
* Familiarity with e\-commerce platforms and tools to effectively drive online sales and customer acquisition strategies.


**Roles And Responsibilities**
* Develop and implement comprehensive digital marketing strategies for the Fashion division, enhancing online brand visibility.
* Manage social media presence and advertising campaigns across multiple platforms to increase follower engagement and brand reach.
* Create engaging and relevant content to be shared across digital channels, ensuring alignment with overall brand voice and goals.
* Conduct regular SEO audits and implement optimization strategies for enhancing website search engine performance.
* Plan and conduct email marketing campaigns to nurture leads, foster customer loyalty, and drive sales.
* Establish and maintain partnerships with relevant influencers to enhance brand advocacy and message amplification.
* Analyze digital marketing metrics and analytics to assess campaign effectiveness and ROI, adjusting strategies as needed.
* Collaborate with cross\-functional teams to align digital marketing efforts with company objectives and growth targets."	jobspy	https://www.expertia.ai/ril-reliance-retail/job/hiring-dm-fashion-67ee4cf8d1b2125bbf72766b?utm_source=linkedin-feed&easy_apply=true&date-refresh=05/01/2025&urlHash=-0BD	associate	Design, Art/Creative, and Information Technology	Retail	https://in.linkedin.com/company/reliance-retail	https://media.licdn.com/dms/image/v2/C4E0BAQHM_iN30Rgv3w/company-logo_100_100/company-logo_100_100/0/1631307312115?e=2147483647&v=beta&t=0aVIacsATufIRcJR18WUij7uuBU9_zV-BYTJclL5lak
li-4220535417	linkedin	https://www.linkedin.com/jobs/view/4220535417	DM Fashion	Reliance Retail	Bhadrak, Odisha, India		fulltime	False		"**Skills:**
 Digital Marketing Strategy, Social Media Advertising, Content Creation, SEO Optimization, Email Marketing, Influencer Partnerships, Data Analytics, E\-commerce Platforms,
   

  

**Company Overview**
 Reliance Retail is India's largest and fastest\-growing retailer, known for its diverse omni\-channel presence through integrated store concepts and digital commerce platforms. Since its inception in 2006, the company has committed to revolutionizing Indian retail, offering superior quality products and unmatched shopping experiences. With a loyal customer base of over 193 million and a vast network of more than 15,000 stores, Reliance Retail continues to enhance customer value and strengthen its market presence.
   

  

**Job Overview**
 Reliance Retail is seeking a mid\-level professional for the position of DM Fashion. This full\-time role is based in Balasore, Bhadrak, Bhubaneswar, Koraput, and Jeypore. The ideal candidate will possess a strong understanding of digital marketing strategies and be capable of driving our fashion segment through innovative marketing techniques. Join our team to leverage your skills in a collaborative environment, aiming to create impactful strategies that resonate with our customers.
   

  

**Qualifications And Skills**
- Proven expertise in crafting and implementing digital marketing strategies that enhance brand visibility and drive sales.

- Proficiency in social media advertising to engage and expand our customer base across various platforms effectively.

- Strong skills in content creation, ensuring engaging and relevant content that aligns with brand communication.

- Comprehensive knowledge of SEO optimization techniques to improve search engine rankings and website traffic.

- Experience in executing successful email marketing campaigns that nurture leads and maintain customer engagement.

- Ability to establish influencer partnerships to enhance brand credibility and reach wider audiences.

- Competency in data analytics to interpret

- Company Overview

 Reliance Retail is the largest and fastest\-growing retailer in India,, providing offering a diverse omni\-channel presence. Founded in 2006 insights for, the company revolutionizes Indian informed decision retail, serving over 193 million loyal customers with superior quality\-making. growing, Reliance Retail is 7,000 cities, supportedFamiliarity with e\-commerce by a strong team platforms, enhancing user experience and and a robust digital driving online and supply chain infrastructure sales effectively.
   

  

 headquartered in Mumbai and
   

  

 \< maintains astrong\>Roles and Responsibilities\< strong portfoliobr/\>
   

  

 of both own and
   

  

* partner brands.
* Job Overview
* The promote our fashion products and increase DM Fashion market penetration.
* Manage and optimize a full\-time, social media mid\-level position focused on executing accounts to boost engagement digital marketing strategies for and foster a loyal our Fashion division in Balasore, Bhadr customer communityak, Bhub.
* aneswar Create compelling. The successful candidate will leverage digital marketing content that tools to enhance brand presence and resonates with drive sales growth, our target audience and utilizing their supports marketing expertise and creativity to initiatives.
* Implement SEO engage and attract a strategies to wider audience. Applicants should possess strong digital marketing prof enhance ouriciencies, with a online presence background in and make managing integrated campaigns across our fashion products more discoverable.
* various platforms
* Coordinate.
* Qualifications to enhance and Skills brand awareness
* \>Pro
* ficiency in designing andIdentify and collaborate with influencers to implementing digital marketing strategies amplify brand awareness and drive sales to penetrate.
* Analyze marketing data effectively.
* for performanceExperience in managing social metrics, media advertising campaigns, including content providing insights for campaign optimization.
* Ensure all budget management digital marketing efforts align for optimal with overall business objectives and brand standards.
* reach.
* Expertise in content creation, ensuring engaging, relevant, and high\-quality content across all digital platforms.
* Solid understanding and application of SEO optimization techniques to improve search engine rankings and visibility.
* Proficient in executing email marketing campaigns, using data\-driven strategies to enhance engagement and conversion rates.
* Experience in developing and managing influencer partnerships to amplify brand messages and reach new audiences.
* Strong analytical skills with a capability to interpret data analytics to guide marketing strategies and decision\-making.
* Familiarity with e\-commerce platforms and tools to effectively drive online sales and customer acquisition strategies.


**Roles And Responsibilities**
* Develop and implement comprehensive digital marketing strategies for the Fashion division, enhancing online brand visibility.
* Manage social media presence and advertising campaigns across multiple platforms to increase follower engagement and brand reach.
* Create engaging and relevant content to be shared across digital channels, ensuring alignment with overall brand voice and goals.
* Conduct regular SEO audits and implement optimization strategies for enhancing website search engine performance.
* Plan and conduct email marketing campaigns to nurture leads, foster customer loyalty, and drive sales.
* Establish and maintain partnerships with relevant influencers to enhance brand advocacy and message amplification.
* Analyze digital marketing metrics and analytics to assess campaign effectiveness and ROI, adjusting strategies as needed.
* Collaborate with cross\-functional teams to align digital marketing efforts with company objectives and growth targets."	jobspy	https://www.expertia.ai/ril-reliance-retail/job/hiring-dm-fashion-67ee4cf8d1b2125bbf72766b?utm_source=linkedin-feed&easy_apply=true&date-refresh=05/01/2025&urlHash=-0BD	associate	Design, Art/Creative, and Information Technology	Retail	https://in.linkedin.com/company/reliance-retail	https://media.licdn.com/dms/image/v2/C4E0BAQHM_iN30Rgv3w/company-logo_100_100/company-logo_100_100/0/1631307312115?e=2147483647&v=beta&t=0aVIacsATufIRcJR18WUij7uuBU9_zV-BYTJclL5lak
li-4220537091	linkedin	https://www.linkedin.com/jobs/view/4220537091	DM Fashion	Reliance Retail	Jeypore, Odisha, India		fulltime	False		"**Skills:**
 Digital Marketing Strategy, Social Media Advertising, Content Creation, SEO Optimization, Email Marketing, Influencer Partnerships, Data Analytics, E\-commerce Platforms,
   

  

**Company Overview**
 Reliance Retail is India's largest and fastest\-growing retailer, known for its diverse omni\-channel presence through integrated store concepts and digital commerce platforms. Since its inception in 2006, the company has committed to revolutionizing Indian retail, offering superior quality products and unmatched shopping experiences. With a loyal customer base of over 193 million and a vast network of more than 15,000 stores, Reliance Retail continues to enhance customer value and strengthen its market presence.
   

  

**Job Overview**
 Reliance Retail is seeking a mid\-level professional for the position of DM Fashion. This full\-time role is based in Balasore, Bhadrak, Bhubaneswar, Koraput, and Jeypore. The ideal candidate will possess a strong understanding of digital marketing strategies and be capable of driving our fashion segment through innovative marketing techniques. Join our team to leverage your skills in a collaborative environment, aiming to create impactful strategies that resonate with our customers.
   

  

**Qualifications And Skills**
- Proven expertise in crafting and implementing digital marketing strategies that enhance brand visibility and drive sales.

- Proficiency in social media advertising to engage and expand our customer base across various platforms effectively.

- Strong skills in content creation, ensuring engaging and relevant content that aligns with brand communication.

- Comprehensive knowledge of SEO optimization techniques to improve search engine rankings and website traffic.

- Experience in executing successful email marketing campaigns that nurture leads and maintain customer engagement.

- Ability to establish influencer partnerships to enhance brand credibility and reach wider audiences.

- Competency in data analytics to interpret

- Company Overview

 Reliance Retail is the largest and fastest\-growing retailer in India,, providing offering a diverse omni\-channel presence. Founded in 2006 insights for, the company revolutionizes Indian informed decision retail, serving over 193 million loyal customers with superior quality\-making. growing, Reliance Retail is 7,000 cities, supportedFamiliarity with e\-commerce by a strong team platforms, enhancing user experience and and a robust digital driving online and supply chain infrastructure sales effectively.
   

  

 headquartered in Mumbai and
   

  

 \< maintains astrong\>Roles and Responsibilities\< strong portfoliobr/\>
   

  

 of both own and
   

  

* partner brands.
* Job Overview
* The promote our fashion products and increase DM Fashion market penetration.
* Manage and optimize a full\-time, social media mid\-level position focused on executing accounts to boost engagement digital marketing strategies for and foster a loyal our Fashion division in Balasore, Bhadr customer communityak, Bhub.
* aneswar Create compelling. The successful candidate will leverage digital marketing content that tools to enhance brand presence and resonates with drive sales growth, our target audience and utilizing their supports marketing expertise and creativity to initiatives.
* Implement SEO engage and attract a strategies to wider audience. Applicants should possess strong digital marketing prof enhance ouriciencies, with a online presence background in and make managing integrated campaigns across our fashion products more discoverable.
* various platforms
* Coordinate.
* Qualifications to enhance and Skills brand awareness
* \>Pro
* ficiency in designing andIdentify and collaborate with influencers to implementing digital marketing strategies amplify brand awareness and drive sales to penetrate.
* Analyze marketing data effectively.
* for performanceExperience in managing social metrics, media advertising campaigns, including content providing insights for campaign optimization.
* Ensure all budget management digital marketing efforts align for optimal with overall business objectives and brand standards.
* reach.
* Expertise in content creation, ensuring engaging, relevant, and high\-quality content across all digital platforms.
* Solid understanding and application of SEO optimization techniques to improve search engine rankings and visibility.
* Proficient in executing email marketing campaigns, using data\-driven strategies to enhance engagement and conversion rates.
* Experience in developing and managing influencer partnerships to amplify brand messages and reach new audiences.
* Strong analytical skills with a capability to interpret data analytics to guide marketing strategies and decision\-making.
* Familiarity with e\-commerce platforms and tools to effectively drive online sales and customer acquisition strategies.


**Roles And Responsibilities**
* Develop and implement comprehensive digital marketing strategies for the Fashion division, enhancing online brand visibility.
* Manage social media presence and advertising campaigns across multiple platforms to increase follower engagement and brand reach.
* Create engaging and relevant content to be shared across digital channels, ensuring alignment with overall brand voice and goals.
* Conduct regular SEO audits and implement optimization strategies for enhancing website search engine performance.
* Plan and conduct email marketing campaigns to nurture leads, foster customer loyalty, and drive sales.
* Establish and maintain partnerships with relevant influencers to enhance brand advocacy and message amplification.
* Analyze digital marketing metrics and analytics to assess campaign effectiveness and ROI, adjusting strategies as needed.
* Collaborate with cross\-functional teams to align digital marketing efforts with company objectives and growth targets."	jobspy	https://www.expertia.ai/ril-reliance-retail/job/hiring-dm-fashion-67ee4cf8d1b2125bbf72766b?utm_source=linkedin-feed&easy_apply=true&date-refresh=05/01/2025&urlHash=-0BD	associate	Design, Art/Creative, and Information Technology	Retail	https://in.linkedin.com/company/reliance-retail	https://media.licdn.com/dms/image/v2/C4E0BAQHM_iN30Rgv3w/company-logo_100_100/company-logo_100_100/0/1631307312115?e=2147483647&v=beta&t=0aVIacsATufIRcJR18WUij7uuBU9_zV-BYTJclL5lak
li-4220534603	linkedin	https://www.linkedin.com/jobs/view/4220534603	DM Fashion	Reliance Retail	Koraput, Odisha, India		fulltime	False		"**Skills:**
 Digital Marketing Strategy, Social Media Advertising, Content Creation, SEO Optimization, Email Marketing, Influencer Partnerships, Data Analytics, E\-commerce Platforms,
   

  

**Company Overview**
 Reliance Retail is India's largest and fastest\-growing retailer, known for its diverse omni\-channel presence through integrated store concepts and digital commerce platforms. Since its inception in 2006, the company has committed to revolutionizing Indian retail, offering superior quality products and unmatched shopping experiences. With a loyal customer base of over 193 million and a vast network of more than 15,000 stores, Reliance Retail continues to enhance customer value and strengthen its market presence.
   

  

**Job Overview**
 Reliance Retail is seeking a mid\-level professional for the position of DM Fashion. This full\-time role is based in Balasore, Bhadrak, Bhubaneswar, Koraput, and Jeypore. The ideal candidate will possess a strong understanding of digital marketing strategies and be capable of driving our fashion segment through innovative marketing techniques. Join our team to leverage your skills in a collaborative environment, aiming to create impactful strategies that resonate with our customers.
   

  

**Qualifications And Skills**
- Proven expertise in crafting and implementing digital marketing strategies that enhance brand visibility and drive sales.

- Proficiency in social media advertising to engage and expand our customer base across various platforms effectively.

- Strong skills in content creation, ensuring engaging and relevant content that aligns with brand communication.

- Comprehensive knowledge of SEO optimization techniques to improve search engine rankings and website traffic.

- Experience in executing successful email marketing campaigns that nurture leads and maintain customer engagement.

- Ability to establish influencer partnerships to enhance brand credibility and reach wider audiences.

- Competency in data analytics to interpret

- Company Overview

 Reliance Retail is the largest and fastest\-growing retailer in India,, providing offering a diverse omni\-channel presence. Founded in 2006 insights for, the company revolutionizes Indian informed decision retail, serving over 193 million loyal customers with superior quality\-making. growing, Reliance Retail is 7,000 cities, supportedFamiliarity with e\-commerce by a strong team platforms, enhancing user experience and and a robust digital driving online and supply chain infrastructure sales effectively.
   

  

 headquartered in Mumbai and
   

  

 \< maintains astrong\>Roles and Responsibilities\< strong portfoliobr/\>
   

  

 of both own and
   

  

* partner brands.
* Job Overview
* The promote our fashion products and increase DM Fashion market penetration.
* Manage and optimize a full\-time, social media mid\-level position focused on executing accounts to boost engagement digital marketing strategies for and foster a loyal our Fashion division in Balasore, Bhadr customer communityak, Bhub.
* aneswar Create compelling. The successful candidate will leverage digital marketing content that tools to enhance brand presence and resonates with drive sales growth, our target audience and utilizing their supports marketing expertise and creativity to initiatives.
* Implement SEO engage and attract a strategies to wider audience. Applicants should possess strong digital marketing prof enhance ouriciencies, with a online presence background in and make managing integrated campaigns across our fashion products more discoverable.
* various platforms
* Coordinate.
* Qualifications to enhance and Skills brand awareness
* \>Pro
* ficiency in designing andIdentify and collaborate with influencers to implementing digital marketing strategies amplify brand awareness and drive sales to penetrate.
* Analyze marketing data effectively.
* for performanceExperience in managing social metrics, media advertising campaigns, including content providing insights for campaign optimization.
* Ensure all budget management digital marketing efforts align for optimal with overall business objectives and brand standards.
* reach.
* Expertise in content creation, ensuring engaging, relevant, and high\-quality content across all digital platforms.
* Solid understanding and application of SEO optimization techniques to improve search engine rankings and visibility.
* Proficient in executing email marketing campaigns, using data\-driven strategies to enhance engagement and conversion rates.
* Experience in developing and managing influencer partnerships to amplify brand messages and reach new audiences.
* Strong analytical skills with a capability to interpret data analytics to guide marketing strategies and decision\-making.
* Familiarity with e\-commerce platforms and tools to effectively drive online sales and customer acquisition strategies.


**Roles And Responsibilities**
* Develop and implement comprehensive digital marketing strategies for the Fashion division, enhancing online brand visibility.
* Manage social media presence and advertising campaigns across multiple platforms to increase follower engagement and brand reach.
* Create engaging and relevant content to be shared across digital channels, ensuring alignment with overall brand voice and goals.
* Conduct regular SEO audits and implement optimization strategies for enhancing website search engine performance.
* Plan and conduct email marketing campaigns to nurture leads, foster customer loyalty, and drive sales.
* Establish and maintain partnerships with relevant influencers to enhance brand advocacy and message amplification.
* Analyze digital marketing metrics and analytics to assess campaign effectiveness and ROI, adjusting strategies as needed.
* Collaborate with cross\-functional teams to align digital marketing efforts with company objectives and growth targets."	jobspy	https://www.expertia.ai/ril-reliance-retail/job/hiring-dm-fashion-67ee4cf8d1b2125bbf72766b?utm_source=linkedin-feed&easy_apply=true&date-refresh=05/01/2025&urlHash=-0BD	associate	Design, Art/Creative, and Information Technology	Retail	https://in.linkedin.com/company/reliance-retail	https://media.licdn.com/dms/image/v2/C4E0BAQHM_iN30Rgv3w/company-logo_100_100/company-logo_100_100/0/1631307312115?e=2147483647&v=beta&t=0aVIacsATufIRcJR18WUij7uuBU9_zV-BYTJclL5lak
li-4217778088	linkedin	https://www.linkedin.com/jobs/view/4217778088	Business Manager - Design	Livspace	Bhubaneswar, Odisha, India		fulltime	False		"**About Us**
 Livspace is Asia’s largest and fastest\-growing omnichannel home interiors and renovation platform. Using its proprietary technology, Livspace provides a one\-stop renovation solution for homeowners—from design to managed last mile fulfillment for all rooms in a home. The platform has organized a fragmented industry, bringing together designers, brands, manufacturers, and contractors to enable an eCommerce\-like trusted, and predictable experience.
   

  

 The company launched operations in Bengaluru, India in 2015\. Since its inception, Livspace has organized a fragmented industry, bringing together a curated community of designers, brands, manufacturers and contractors. This has resulted in an e\-commerce\-like trusted and predictable experience for the homeowners. Livspace boasts of a community of 50000\+ satisfied customers and over 2000 interior designers.
   

  

 The company is already the largest employer of interior designers in the country. Livspace currently serves Singapore, Malaysia, Saudi Arabia as well as 30 metro and non\-metro areas in India including \- Bengaluru, Chennai, Delhi, Noida, Gurgaon, Mumbai, Thane, Pune, Hyderabad, Kolkata, Ahmedabad, Kochi, Jaipur, Lucknow, Indore, Surat, Coimbatore, Mysore, Mangalore, Vizag, Vijayawada.
   

  

 Livspace has showcased phenomenal growth since its launch, having delivered over 125,000 rooms and selling over 7\.5 million SKUs through its platform. The company also delivered 50,000 homes across all our serviceable locations.
   

  

 The founders \- Anuj Srivastava and Ramakant Sharma are former Google and Myntra executives respectively, who are seasoned entrepreneurs and successful angel investors. Livspace’s leadership team combines world\-class talent and entrepreneurial experience gathered at some of the best companies in the world.
   

  

 Livspace has raised around USD 450 million in capital from some of the top global investors including KKR, Ingka Group Investments (part of largest IKEA retailer Ingka Group), TPG Growth, Goldman Sachs, Kharis Capital, Venturi Partners, FFP (Peugeot Group’s Holding Company), EDBI, Bessemer Venture Partners, Jungle Ventures, Helion Ventures and UC\-RNT. For more information, please visit: ""https://www.livspace.com/""
   

  

**Job Description**
 As a Business Manager \- Design, you are responsible for managing the designing for projects month\-on\-month, through a team of designers. You will ensure their productivity \& work output by imparting required trainings and leading discussions on designs.
   

  

* Manage designing of 12 to 15 projects month\-on\-month.
* Ensuring work output of a Team of 6 to 10 Designers.
* Drive Customer experience \& Relationship Management.
* Ensure output on design Net Promoter Survey (Customer rating).
* Training designers on technical details and managing/ leading design discussions.


 Job Requirement
   

  

* B.Arch, B.Interior Design \| Masters/Specialization: Construction Planning Management, MBA, Design Management.
* 3\+ years of relevant experience as an Interior Designer/ Project Manager.
* Led and delivered minimum 10 Residential/Interior projects (end to end Project Management)"	jobspy	https://livspace.sensehq.com/careers/jobs/59461&urlHash=LVIR	mid-senior level	Design, Art/Creative, and Information Technology	Interior Design	https://in.linkedin.com/company/livspace	https://media.licdn.com/dms/image/v2/C4D0BAQH3FQB6L_BhjA/company-logo_100_100/company-logo_100_100/0/1679385176826/livspace_logo?e=2147483647&v=beta&t=H8mX-6cDVPCrJ06A0iKQjj33zBGSF2WhrqgY8VH7Oco
li-4217780050	linkedin	https://www.linkedin.com/jobs/view/4217780050	Business Manager - Design	Livspace	Bhubaneswar, Odisha, India		fulltime	False		"**About Us**
 Livspace is Asia’s largest and fastest\-growing omnichannel home interiors and renovation platform. Using its proprietary technology, Livspace provides a one\-stop renovation solution for homeowners—from design to managed last mile fulfillment for all rooms in a home. The platform has organized a fragmented industry, bringing together designers, brands, manufacturers, and contractors to enable an eCommerce\-like trusted, and predictable experience.
   

  

 The company launched operations in Bengaluru, India in 2015\. Since its inception, Livspace has organized a fragmented industry, bringing together a curated community of designers, brands, manufacturers and contractors. This has resulted in an e\-commerce\-like trusted and predictable experience for the homeowners. Livspace boasts of a community of 50000\+ satisfied customers and over 2000 interior designers.
   

  

 The company is already the largest employer of interior designers in the country. Livspace currently serves Singapore, Malaysia, Saudi Arabia as well as 30 metro and non\-metro areas in India including \- Bengaluru, Chennai, Delhi, Noida, Gurgaon, Mumbai, Thane, Pune, Hyderabad, Kolkata, Ahmedabad, Kochi, Jaipur, Lucknow, Indore, Surat, Coimbatore, Mysore, Mangalore, Vizag, Vijayawada.
   

  

 Livspace has showcased phenomenal growth since its launch, having delivered over 125,000 rooms and selling over 7\.5 million SKUs through its platform. The company also delivered 50,000 homes across all our serviceable locations.
   

  

 The founders \- Anuj Srivastava and Ramakant Sharma are former Google and Myntra executives respectively, who are seasoned entrepreneurs and successful angel investors. Livspace’s leadership team combines world\-class talent and entrepreneurial experience gathered at some of the best companies in the world.
   

  

 Livspace has raised around USD 450 million in capital from some of the top global investors including KKR, Ingka Group Investments (part of largest IKEA retailer Ingka Group), TPG Growth, Goldman Sachs, Kharis Capital, Venturi Partners, FFP (Peugeot Group’s Holding Company), EDBI, Bessemer Venture Partners, Jungle Ventures, Helion Ventures and UC\-RNT. For more information, please visit: ""https://www.livspace.com/""
   

  

**Job Description**
 A Business Manager \- Design will be responsible for managing the designing for 12 to 15 projects month\-on\-month through a team of 6 to 10 designers. The output of which would be achieved through managing their design productivity, imparting required trainings and design discussions.
   

  

* Managing Designing Projects.
* Managing and ensuring the productivity and work output of a Team of Designers.
* Customer Experience \& Relationship Management.
* Ensuring output on design Net Promoter Survey (Customner rating).
* Training designers on technical details (wherever required).
* Managing/ leading design discussions.


 Job Requirement
   

  

* Bachelors Qualification preferably B.Arch, B.Interior Design.
* Masters/ Specialization: Construction Planning Management,MBA, Design Management.
* 3\+ years' experience as an Interior Designer/ Project Manager.
* Led and delivered a minimum of 10 Residential/Interior projects (end to end project management)."	jobspy	https://livspace.sensehq.com/careers/jobs/60618&urlHash=yfd2	mid-senior level	Design, Art/Creative, and Information Technology	Interior Design	https://in.linkedin.com/company/livspace	https://media.licdn.com/dms/image/v2/C4D0BAQH3FQB6L_BhjA/company-logo_100_100/company-logo_100_100/0/1679385176826/livspace_logo?e=2147483647&v=beta&t=H8mX-6cDVPCrJ06A0iKQjj33zBGSF2WhrqgY8VH7Oco
li-4217778086	linkedin	https://www.linkedin.com/jobs/view/4217778086	Business Manager - Sales	Livspace	Bhubaneswar, Odisha, India		fulltime	False		"**About Us**
 Livspace is Asia’s largest and fastest\-growing omnichannel home interiors and renovation platform. Using its proprietary technology, Livspace provides a one\-stop renovation solution for homeowners—from design to managed last mile fulfillment for all rooms in a home. The platform has organized a fragmented industry, bringing together designers, brands, manufacturers, and contractors to enable an eCommerce\-like trusted, and predictable experience.
   

  

 The company launched operations in Bengaluru, India in 2015\. Since its inception, Livspace has organized a fragmented industry, bringing together a curated community of designers, brands, manufacturers and contractors. This has resulted in an e\-commerce\-like trusted and predictable experience for the homeowners. Livspace boasts of a community of 50000\+ satisfied customers and over 2000 interior designers.
   

  

 The company is already the largest employer of interior designers in the country. Livspace currently serves Singapore, Malaysia, Saudi Arabia as well as 30 metro and non\-metro areas in India including \- Bengaluru, Chennai, Delhi, Noida, Gurgaon, Mumbai, Thane, Pune, Hyderabad, Kolkata, Ahmedabad, Kochi, Jaipur, Lucknow, Indore, Surat, Coimbatore, Mysore, Mangalore, Vizag, Vijayawada.
   

  

 Livspace has showcased phenomenal growth since its launch, having delivered over 125,000 rooms and selling over 7\.5 million SKUs through its platform. The company also delivered 50,000 homes across all our serviceable locations.
   

  

 The founders \- Anuj Srivastava and Ramakant Sharma are former Google and Myntra executives respectively, who are seasoned entrepreneurs and successful angel investors. Livspace’s leadership team combines world\-class talent and entrepreneurial experience gathered at some of the best companies in the world.
   

  

 Livspace has raised around USD 450 million in capital from some of the top global investors including KKR, Ingka Group Investments (part of largest IKEA retailer Ingka Group), TPG Growth, Goldman Sachs, Kharis Capital, Venturi Partners, FFP (Peugeot Group’s Holding Company), EDBI, Bessemer Venture Partners, Jungle Ventures, Helion Ventures and UC\-RNT. For more information, please visit: ""https://www.livspace.com/""
   

  

**Job Description**
 In the role of a Business Manager \- Sales, you will be required to own the sales funnel \& drive sales closure. You will need to achieve sales target on projects month on month through a team of 6 to 10 designers.
   

  

* Enure sales funnel management to achieve a higher conversion rate output.
* Target and achieve of 12 to 15 projects a month, by ensuring new projects bookings.
* Responsible for Customer Experience \& Relationship Management.
* Training designers to esnure sales \& enabling them to achieve their targets.


 Job Requirement
   

  

* Bachelor's Qualification: B\-Arch (preferred) \| If any other, then with relevant industry exposure.
* 5\+ years of relevant work\-experience in B2C Business Development and Growth.
* Managerial experience of minimum 12 months leading a team."	jobspy	https://livspace.sensehq.com/careers/jobs/60724&urlHash=Smzs	mid-senior level	Sales and Business Development	Interior Design	https://in.linkedin.com/company/livspace	https://media.licdn.com/dms/image/v2/C4D0BAQH3FQB6L_BhjA/company-logo_100_100/company-logo_100_100/0/1679385176826/livspace_logo?e=2147483647&v=beta&t=H8mX-6cDVPCrJ06A0iKQjj33zBGSF2WhrqgY8VH7Oco
li-4217776461	linkedin	https://www.linkedin.com/jobs/view/4217776461	Validation Lead	Livspace	Bhubaneswar, Odisha, India		fulltime	False		"**About Us**
 Livspace is Asia’s largest and fastest\-growing omnichannel home interiors and renovation platform. Using its proprietary technology, Livspace provides a one\-stop renovation solution for homeowners—from design to managed last mile fulfillment for all rooms in a home. The platform has organized a fragmented industry, bringing together designers, brands, manufacturers, and contractors to enable an eCommerce\-like trusted, and predictable experience.
   

  

 The company launched operations in Bengaluru, India in 2015\. Since its inception, Livspace has organized a fragmented industry, bringing together a curated community of designers, brands, manufacturers and contractors. This has resulted in an e\-commerce\-like trusted and predictable experience for the homeowners. Livspace boasts of a community of 50000\+ satisfied customers and over 2000 interior designers.
   

  

 The company is already the largest employer of interior designers in the country. Livspace currently serves Singapore, Malaysia, Saudi Arabia as well as 30 metro and non\-metro areas in India including \- Bengaluru, Chennai, Delhi, Noida, Gurgaon, Mumbai, Thane, Pune, Hyderabad, Kolkata, Ahmedabad, Kochi, Jaipur, Lucknow, Indore, Surat, Coimbatore, Mysore, Mangalore, Vizag, Vijayawada.
   

  

 Livspace has showcased phenomenal growth since its launch, having delivered over 125,000 rooms and selling over 7\.5 million SKUs through its platform. The company also delivered 50,000 homes across all our serviceable locations.
   

  

 The founders \- Anuj Srivastava and Ramakant Sharma are former Google and Myntra executives respectively, who are seasoned entrepreneurs and successful angel investors. Livspace’s leadership team combines world\-class talent and entrepreneurial experience gathered at some of the best companies in the world.
   

  

 Livspace has raised around USD 450 million in capital from some of the top global investors including KKR, Ingka Group Investments (part of largest IKEA retailer Ingka Group), TPG Growth, Goldman Sachs, Kharis Capital, Venturi Partners, FFP (Peugeot Group’s Holding Company), EDBI, Bessemer Venture Partners, Jungle Ventures, Helion Ventures and UC\-RNT. For more information, please visit: ""https://www.livspace.com/""
   

  

**Job Description**
 A Validation Lead offers solutions on both modular and services scope of work. While modulars are handled by our dedicated vendors across the country, services are delivered through a curated marketplace of Livspace\-certified contractor partners and an in\-house contracting team. To ensure we are providing the right inputs to our vendor partners and the right inputs are captured from the customers , we have a team who handles the following responsibilities :
   

  

* Validate drawings, BOQ \& site.
* Understand drawings of all disciplines (Modular \& Non\-modular KWS, furniture, civil, electrical, plumbing,etc) and verify quantities of each line item in the BOQ.
* Identify design discrepancies and foresee execution risk.
* Highlight the missing line items in the BOQ.
* Finalize BOQ after clarifying design discrepancies and a thorough validation at site.
* Provide error free validation reports within the provided SLA.


 Job Requirement
   

  

* Diploma/ B. Tech. in Civil Engineering or Architecture.
* 3\+ years of contracting experience (1 yr execution \+ 2 yr QS) in residential/commercial projects.
* Ability to assess design feasibility, visualize on\-site conditions and foresee execution risks.
* Proactive and capable of prioritizing work.
* Extremely high level of ownership.
* High learning aptitude.
* Good communication skills – Verbal \& Written."	jobspy	https://livspace.sensehq.com/careers/jobs/54927&urlHash=j42m	mid-senior level	Quality Assurance	Interior Design	https://in.linkedin.com/company/livspace	https://media.licdn.com/dms/image/v2/C4D0BAQH3FQB6L_BhjA/company-logo_100_100/company-logo_100_100/0/1679385176826/livspace_logo?e=2147483647&v=beta&t=H8mX-6cDVPCrJ06A0iKQjj33zBGSF2WhrqgY8VH7Oco
go-HMdrUDa9TZMv_2SOAAAAAA==	google	https://in.trabajo.org/job-2927-4f0dc9585a055d4db7f65468d87f89a7?utm_campaign=google_jobs_apply&utm_source=google_jobs_apply&utm_medium=organic	Prt English Teacher	JAYGURU CLASSES	Cuttack, Odisha	2025-04-25		True		permanent English teacher with good communication skill and proper knowledge in English with fluency Job Types Part-time Permanent Pay From 5 000 00 per month Expected hours 9 per week Schedule Evening shift Fixed shift Supplemental Pay Yearly bonus Education Bachelor s Preferred Experience Teaching 1 year Preferred total work 1 year Preferred Language English Preferred Work Location Remote Application Deadline 31 12 2024 Expected Start Date 02 01 2025	jobspy						
go-yL_QrWXBnCD2OZYTAAAAAA==	google	https://in.trabajo.org/job-3396-5298409700c2b8332a34ce3be33b0efc?utm_campaign=google_jobs_apply&utm_source=google_jobs_apply&utm_medium=organic	.NET/mvc/react	Cirruscloud Systems	Bhubaneswar, Odisha	2025-04-22		False		"**Skills/Experience**
- 2-4 Years hands on Experience in MVC/MVVM Architecture
- Solid Knowledge in MVC 4/MVC5 is must
- Experience using Design Patterns
- Experience in React is must with at least 2 projects involved.
- Experience in WebAPI and RESTFUL services
- Hands on Experience in SQL SERVER 2008/2012/2014
- Experience in using Third party controls like Telerik, Kendo UI
- Experience in 3-tier and N-Tier Architecture
- Experience in VS 2015/2017"	jobspy						
go-iHDwxhGFVfGVwGCWAAAAAA==	google	https://in.trabajo.org/job-3150-86396ebc47a8674e1f0d19a6a203bc91?utm_campaign=google_jobs_apply&utm_source=google_jobs_apply&utm_medium=organic	Server-Side Application Specialist Wanted	beBee Careers	Bhubaneswar, Odisha	2025-04-19		False		"About the Role:

We are seeking a senior Node.js engineer to join our team.

The ideal candidate will have a strong background in server-side development and a passion for building high-quality, scalable web applications.

Key Accountabilities:
• Design and implement server-side logic using Node.js.
• Collaborate with front-end developers to ensure seamless integration.
• Develop and maintain high-performance server-side applications.
• Implement RESTful APIs and web services.
• Optimize applications for maximum speed and scalability.
• Ensure code quality and maintainability.
• Participate in architectural discussions and contribute to decision making.

Requirements:
• 4-6 years of experience in Node.js development.
• Strong proficiency with JavaScript (ES6+) and TypeScript.
• Experience with Express.js or similar frameworks.
• Familiarity with NoSQL databases like MongoDB or Redis.
• Understanding of RESTful APIs and experience in building them.
• Knowledge of front-end technologies like HTML, CSS, and JavaScript frameworks (React, Angular, Vue).
• Experience with version control systems like Git.
• Familiarity with cloud services (AWS, Azure, Google Cloud) and deployment processes.
• Ability to write clean, maintainable, and efficient code.
• Strong problem-solving skills and a proactive attitude."	jobspy						
go-Bpmk1SAgzwxaT33tAAAAAA==	google	https://in.trabajo.org/job-3150-455ff1bda7f1d81cf3a2e83231bca0c7?utm_campaign=google_jobs_apply&utm_source=google_jobs_apply&utm_medium=organic	Power Electronics Developer	beBee Careers	Bhubaneswar, Odisha	2025-04-09		False		"Job Summary
"">

We are looking for a talented Electrical Engineer to join our team and contribute to the design, development, and implementation of electrical systems and components for various projects.

Major Responsibilities
• "">
• Design and develop electrical systems and components for various projects."">
• Conduct regular testing and evaluation of electrical systems to ensure compliance with safety standards."">
• Collaborate with cross-functional teams to integrate electrical designs into overall project plans."">
• Prepare and maintain accurate technical documentation and reports on design specifications and project progress."">
• Provide support in troubleshooting and resolving electrical issues during the project lifecycle."">

Essential Skills
"">

To succeed in this role, you should possess:
• "">
• A bachelor's degree in Electrical Engineering or a related field."">
• A solid understanding of electrical circuits and systems."">
• Proficiency in using CAD software for electrical design."">
• Familiarity with electrical safety standards and regulations."">
• Basic knowledge of programming languages relevant to electrical engineering, such as C or MATLAB."">"	jobspy						
go-qdlmze-G12FEs0scAAAAAA==	google	https://in.trabajo.org/job-3150-66756408117e138798146174c2b8ca27?utm_campaign=google_jobs_apply&utm_source=google_jobs_apply&utm_medium=organic	Administrative Support Professional	beBee Careers	Bhubaneswar, Odisha	2025-04-09		False		"About the Job

This Administrative Support Professional role is perfect for someone who enjoys working behind the scenes to keep things running smoothly.

Key Tasks:
• Ensure all employee and project-related documentation is up-to-date and accurately filed.
• Coordinate the setup of meeting rooms, including printing necessary materials and arranging equipment.
• Act as a point of contact for incoming and outgoing communications.
• Monitor and replenish office supplies as needed.
• Welcome clients and visitors with a friendly and professional demeanor.
• Handle phone calls and respond to inquiries promptly.

What We Offer:

In this role, you'll have the opportunity to develop your skills and expertise in administrative support, while being part of a collaborative team environment."	jobspy						
go-0AUZ5ONV9xEtb6IBAAAAAA==	google	https://www.iitjobs.com/job/network-administrator-routing-protocols-bhubaneswar-odisha-india-fluentgrid-limited-11988?utm_campaign=google_jobs_apply&utm_source=google_jobs_apply&utm_medium=organic	Network Administrator - Routing Protocols	Fluentgrid Limited	Bhubaneswar, Odisha	2025-04-28		False		About the jobThis job is sourced from a job board. Learn MoreWe are looking IT Infra Positions for Data CenterRole : Network AdministratorLocation : BhubaneswarJob DescriptionRequired Skills : Should be able to Design, Install, Modify, Monitor and Maintain the Network and Computer Systems.Exceptional Analytical Skills Are Required to Trouble Shoot Issues and Deliver Secure, Creative, Value-Driven SolutionsEstablishes VPN, LAN, WAN and DMZ Specifications by Conferring With UsersAnalysing Workflow, Access, Information, and Security RequirementsDesigning Router Administration, Including Interface Configuration and Routing Protocols.Continually Improves the Networks by Monitoring and Evaluating Network Performance Issues Including Availability, Utilization, Throughput and Latency; Planning and Executing the SelectionInstallation, Configuration, and Testing of EquipmentDefining Network Policies and Procedures; Establishing Connections and Firewalls.Maintains Inventory of Equipment and Parts as Well as Documentation of Configurations, Standards and Vendor Activities.Protects Organizational Value by Keeping Information Confidential.Accomplishes Organization Goals by Accepting Ownership of Tasks and Requests;Exploring Opportunities to Add Value to Job Accomplishments.In-Depth Understanding of Communication Protocols (Mainly TCP/IP) and Routing Protocols (e.g. BGP, OSPF)Resolve Issues Tiers of Support Have Escalated by Troubleshooting Cloud and Local InfrastructureExperience With Network Diagnostic, Monitoring and Analysis Tools (e.g. SolarWinds Network Tools)Professional Certification (e.g. CCNP, CCNA)	jobspy						
go-GqBf_yHne9OinfLvAAAAAA==	google	https://www.iitjobs.com/job/cloud-solutions-developer-bhubaneswar-odisha-india-intersources-inc-81842?utm_campaign=google_jobs_apply&utm_source=google_jobs_apply&utm_medium=organic	Cloud Solutions Developer	InterSources Inc	Bhubaneswar, Odisha	2025-04-24		False		We are currently seeking a Cloud Engineer to join our engineering team. You will work with the architecture and development teams to implement and manage cloud-based solutions across multiple platforms including Azure, AWS, and Google Cloud.Responsibilities:• Implement and manage scalable, resilient, and cost-effective cloud environments across various cloud platforms.• Develop and maintain cloud infrastructure components, including virtual networks, storage accounts, virtual machines, and containers.• Assist in the evaluation and recommendation of appropriate cloud services, technologies, and tools to meet product development standards.• Support the implementation of cloud-based solutions, ensuring adherence to product architectural guidelines, security standards, and best practices.• Configure and deploy cloud infrastructure components across multiple platforms.• Implement identity and access management (IAM) solutions and set up authentication mechanisms and security controls.• Monitor and optimize cloud resources to maximize performance, scalability, and cost efficiency.• Implement backup and disaster recovery solutions for cloud-based environments.Minimum Qualifications:• Bachelor’s degree in computer science, Information Technology, or a related field.• 3+ years of experience as a Cloud Engineer with experience across multiple cloud platforms (e.g., Azure, AWS, Google Cloud).• Strong understanding of cloud architecture and security principles. • Knowledge and experience with various operating systems including Linux • Experience with BASH scripting and programming languages such as Python.• Strong experience with cloud deployment methodologies, DevOps practices, continuous integration/continuous deployment (CI/CD) pipelines and Infrastructure-As-Code (IaC) tools such as Terraform.• Familiarity with cloud services such as virtual machines, storage accounts, networking, and security.• Experience with containerization technologies like Docker and Kubernetes.• Basic understanding of API design and security practices including Microservices.• Strong problem-solving skills and ability to work independently as well as part of a team.• Excellent communication and client management skills.Preferred Qualifications:• Knowledge of Configuration Management tools such as Ansible• Knowledge of managing multiples databases including Oracle, Mongo, Postgre and SQL Server• Basic knowledge of VPN technologies such as Sophos• General understanding of Hybrid Environments such as On Premise (in the Data Center) to Cloud (e.g., GCP)• Demonstrated expertise in Linux storage systems	jobspy						
go-HA9RohELhCVuSUurAAAAAA==	google	https://www.iitjobs.com/job/aiml-software-engineer-bhubaneswar-odisha-india-intersources-inc-81845?utm_campaign=google_jobs_apply&utm_source=google_jobs_apply&utm_medium=organic	AI/ML Software Engineer	InterSources Inc	Bhubaneswar, Odisha	2025-04-23		False		We are currently seeking an experienced AI/ML Engineer to join our dynamic Engineering organization. As a key contributor, you will play a vital role in advancing our suite of products, leveraging your expertise in machine learning to develop and implement cutting-edge solutions.Candidates should also have extensive experience working with customers to implement product solutions within the customers environment (e.g., On Prem or Cloud)Responsibilities:• Develop and implement machine learning models and algorithms in collaboration with the AI/ML team.• Drive data pre-processing, feature engineering, and model evaluation to ensure the accuracy and efficiency of solutions.• Conduct rigorous experiments, analyze results, and provide actionable insights to enhance model performance and effectiveness.• Optimize model performance with large-scale datasets, employing advanced techniques and methodologies.• Spearhead the integration of AI/ML models into our product ecosystem, seamlessly merging them into product features.• Stay abreast of the latest advancements in AI/ML technologies, actively contributing to the team's knowledge base and fostering innovation.• Partner with Sales, Marketing and Product teams on understanding customer requirements and supporting them throughout the sales lifecycle.• Work closely with the Customer Implementation and Support Manager on implementing Data Safeguard products within the customers environment.Qualifications:• Bachelor's or Master's degree in Computer Science, Data Science, or a related field.• 5+ years of hands-on experience in developing, deploying and testing machine learning solutions.• 5+ years of experience with scripting languages such as Python and with machine learning libraries such as TensorFlow, PyTorch, and scikit-learn.• 5+ years of experience with Continuous Integration/Continuous Deployment (CI/CD)• 5+ years of experience using Agile methodology.• 3+ years of experience implementing products at customer sites.• Demonstrated expertise in data pre-processing, feature engineering, and model evaluation techniques	jobspy						
go-M-0x9U4mIXRLUUMEAAAAAA==	google	https://www.iitjobs.com/job/senior-business-intelligence-developer-cognos-bhubaneswar-odisha-india-scalable-systems-4246?utm_campaign=google_jobs_apply&utm_source=google_jobs_apply&utm_medium=organic	Senior Business Intelligence Developer (Cognos)	Scalable Systems	Bhubaneswar, Odisha	2025-04-23		False		Job Description: Position requires extensive experience in Business Intelligence with proven skills in working with peers, Subject Matter Experts and the business to help develop the appropriate solutions to empower the business. As a BI Team lead you have advanced Cognos Development skills with expertise/exposure to Tableau or similar tools. You will be responsible for the design, development, and implementation of Business Intelligence (BI) Solutions.Responsibilities:Qualifications:Collaborate with cross functional teams to gather and document BI requirementsAnalyze BI requirements and design/develop Cognos Reporting solutions to support standard reporting, Dashboard and self-service environment.Will be the primary contact for questions about existing reports and DashboardsPerformance tuning to ensure reports function within acceptable parametersCollaborate with stakeholders to define the business layer and presentation layer of the BI Model that is business friendly and supports a self-service environment.Analyze requirements and architect appropriate solutions, with detailed design documentsReview the current architecture and recommend changes as appropriateEnsure documentation is up to dateEducation: Bachelor's Degree in Computer Science or equivalent experience requiredExperience:Bachelor's degree with at least eight years of IS experience. Most recent experience must be Business Intelligence focused with at least five years of hands on experience in dashboard and report development using Cognos.Strong communication skills, with prior experience in requirements gathering and working with SMEs and Stakeholders at various leadership levels.Proficiency with Cognos BI (Preferably 10.2.2) Product Suite (Report Studio, Analysis Studio, Query Studio, Framework Manager, Transformer, workspace advanced)Hands on Framework Manager Dimensional Modeling, Transformer cube, Design and DevelopmentHands on Dashboard, and report development experienceProven experience in scripting (Java Scripting/JQuery) to extend Cognos CapabilitiesExcellent performance tuning and trouble shooting skillsEffective verbal, written and interpersonal communicationStrong grasp of relational Database principles, OLTP, OLAP, 3NF, Star-SchemaDemonstrable experience in Dashboards, KPI, Scorecards, mobile, Operational and Business Intelligence Prior experience in leading a BI TeamPreferred:Advanced query writing skills would be a strong plusPrior experience working with data sourced from JD EdwardsUnderstanding of SOX and Project management principles and conceptsRapid prototyping and agile methodologyCognos Administration experience/familiarityExpertise in Tableau or similar visualization tools	jobspy						
go-u89OaTlgGEH1hPDYAAAAAA==	google	https://www.iitjobs.com/job/tableau-developerbi-bhubaneswar-odisha-india-bodhtree-consulting-ltd-84699?utm_campaign=google_jobs_apply&utm_source=google_jobs_apply&utm_medium=organic	Tableau Developer(BI)	Bodhtree Consulting Ltd	Bhubaneswar, Odisha	2025-04-22		False		1. Analyze, design, develop, document, test, and deploy BI solutions2. Translate data into meaningful operational insights3. Enhance and support existing solutions4. Translate business needs to technical specifications5. Create engaging visualizations and reports for requested projects6. Maintain and support the analytics platform7. Develop and execute database queries and conduct analyses8. Develop and maintain technical documentation9. Implement best practices for optimum use, performance, and maintainability.	jobspy						
go-KTr0zofbUUBXtAbVAAAAAA==	google	https://www.iitjobs.com/job/database-lead-bhubaneswar-odisha-india-cozentus-technologies-pvt-ltd-27507?utm_campaign=google_jobs_apply&utm_source=google_jobs_apply&utm_medium=organic	Database Lead	Cozentus Technologies Pvt Ltd	Bhubaneswar, Odisha	2025-04-22		False		Proficient in MYSQL database with the ability to independently tackle intricate design and development tasks. Capable of comprehending requirements and delivering on database design, queries, stored procedures, triggers, and functions. Skilled in crafting complex SQL queries and business logic, performing database design, and optimizing query and database performance. Strong English communication skills.Location: BhubaneswarExperience: 6-10 years	jobspy						
go-veKJko0nJmlcU0_-AAAAAA==	google	https://www.iitjobs.com/job/software-automation-testing-bhubaneswar-odisha-india-bodhtree-consulting-ltd-84691?utm_campaign=google_jobs_apply&utm_source=google_jobs_apply&utm_medium=organic	Software Automation Testing	Bodhtree Consulting Ltd	Bhubaneswar, Odisha	2025-04-22		False		Mandatory Skills:Mobile Automation : Java, Selenium, Appium* IOS and Android App automation* Framework : Cucumber, TestNG, Maven Framework* Android Studio and XCode, Emulators* DB : Mongo DB, or any other SQL DB knowledge* Manual Mobile testing * GitHub, JIRA* CI/CD : Jenkins or GitHub Actions* Agile Methodology* Device farms - Browser stack or Lambda test or Sauce labsJob Description:· Overall, 8 - 10 years of experience in software testing and test automation· 4+ years of experience in test automation techniques for complexinterdependent programs/projects.· 4+ years of testing experience with mobile apps and test automation cases· Must-Have - Automation with Java, test framework, QA process & tools like Selenium, Jenkins, Maven.· Hands-on experience writing test automation scripts in Java or JS.· Familiarity with test engineering tools such as JUnit, Selenium, Note JS, UnixShell scripting, JMeter, JIRA, Charles Proxy, Android Studio, Xcode, GIT, and SQL.· Experience with Cucumber/Behave, BDD, TestNG testing frameworks.· Demonstrated knowledge of CI/CD tools to integrate the Automation scripts.· Working knowledge of GitHub actions is a plus. · Possess experience in Test Planning, execution, and tracking tool. · Experience with Agile/Scrum methodologies.· Experience with Continuous Integration/Continuous Deploymentmethodologies· In-depth knowledge of test automation using Selenium.Good to Have Skills:* API Automation : Rest Assured* Charles Proxy* JavaScript* Jasmine.	jobspy						
go-07taTgKVP00FtMP4AAAAAA==	google	https://www.iitjobs.com/job/lead-qc-manual-bhubaneswar-odisha-india-cozentus-technologies-pvt-ltd-27502?utm_campaign=google_jobs_apply&utm_source=google_jobs_apply&utm_medium=organic	Lead QC - Manual	Cozentus Technologies Pvt Ltd	Bhubaneswar, Odisha	2025-04-22		False		The ideal candidate must possess both manual and automation testing skills, adept at analyzing requirements, planning testing strategies, writing test cases, and liaising with teams and clients. They should have experience setting up automation frameworks, conducting various tests (security, performance), utilizing test management tools, understanding Java development, and working with DevOps tools. Additionally, they should be capable of defining processes, training teams, and working in Agile methodologies. Location: BhubaneswarExperience: 8- 12 years	jobspy						
go-TN3DmUxv0XliZ62HAAAAAA==	google	https://www.iitjobs.com/job/plsql-developer-bhubaneswar-odisha-india-bodhtree-consulting-ltd-84698?utm_campaign=google_jobs_apply&utm_source=google_jobs_apply&utm_medium=organic	PL/SQL Developer	Bodhtree Consulting Ltd	Bhubaneswar, Odisha	2025-04-22		False		1. Develop, debug, and optimize PL/SQL scripts for data transformation and integration2. Rewriting queries and PL/SQL code to improve efficiency, scalability, and response time3.Write and maintain scripts for data extraction, transformation, and loading (ETL) between various databases and systems.Perform data migration, ensuring data integrity during the process.4. Perform root cause analysis and troubleshoot database issues, including application performance, errors, and system downtime.5.Resolve database-related issues by performing recovery, patching, and upgrading.6. Work closely with other developers, DBAs (Database Administrators), business analysts, and project managers to deliver high-quality solutions.7. Participate in code reviews, peer programming, and provide mentoring to junior developers8.Deep understanding of Oracle Database (version 11g, 12c, or higher), its architecture, and features like tablespaces, indexes, constraints, etc.9.Experience working with Oracle database tools like SQL*Plus, SQL Developer, TOAD, and Oracle Enterprise Manager.	jobspy						
go-AiXhf-h4j9DxsPv_AAAAAA==	google	https://in.linkedin.com/jobs/view/business-manager-sales-at-livspace-4217778086?utm_campaign=google_jobs_apply&utm_source=google_jobs_apply&utm_medium=organic	Business Manager - Sales	Livspace	Bhubaneswar, Odisha	2025-04-20	contract	False		"About Us

Livspace is Asia’s largest and fastest-growing omnichannel home interiors and renovation platform. Using its proprietary technology, Livspace provides a one-stop renovation solution for homeowners—from design to managed last mile fulfillment for all rooms in a home. The platform has organized a fragmented industry, bringing together designers, brands, manufacturers, and contractors to enable an eCommerce-like trusted, and predictable experience.

The company launched operations in Bengaluru, India in 2015. Since its inception, Livspace has organized a fragmented industry, bringing together a curated community of designers, brands, manufacturers and contractors. This has resulted in an e-commerce-like trusted and predictable experience for the homeowners. Livspace boasts of a community of 50000+ satisfied customers and over 2000 interior designers.

The company is already the largest employer of interior designers in the country. Livspace currently serves Singapore, Malaysia, Saudi Arabia as well as 30 metro and non-metro areas in India including - Bengaluru, Chennai, Delhi, Noida, Gurgaon, Mumbai, Thane, Pune, Hyderabad, Kolkata, Ahmedabad, Kochi, Jaipur, Lucknow, Indore, Surat, Coimbatore, Mysore, Mangalore, Vizag, Vijayawada.

Livspace has showcased phenomenal growth since its launch, having delivered over 125,000 rooms and selling over 7.5 million SKUs through its platform. The company also delivered 50,000 homes across all our serviceable locations.

The founders - Anuj Srivastava and Ramakant Sharma are former Google and Myntra executives respectively, who are seasoned entrepreneurs and successful angel investors. Livspace’s leadership team combines world-class talent and entrepreneurial experience gathered at some of the best companies in the world.

Livspace has raised around USD 450 million in capital from some of the top global investors including KKR, Ingka Group Investments (part of largest IKEA retailer Ingka Group), TPG Growth, Goldman Sachs, Kharis Capital, Venturi Partners, FFP (Peugeot Group’s Holding Company), EDBI, Bessemer Venture Partners, Jungle Ventures, Helion Ventures and UC-RNT. For more information, please visit: ""https://www.livspace.com/""

Job Description

In the role of a Business Manager - Sales, you will be required to own the sales funnel & drive sales closure. You will need to achieve sales target on projects month on month through a team of 6 to 10 designers.
• Enure sales funnel management to achieve a higher conversion rate output.
• Target and achieve of 12 to 15 projects a month, by ensuring new projects bookings.
• Responsible for Customer Experience & Relationship Management.
• Training designers to esnure sales & enabling them to achieve their targets.

Job Requirement
• Bachelor's Qualification: B-Arch (preferred) | If any other, then with relevant industry exposure.
• 5+ years of relevant work-experience in B2C Business Development and Growth.
• Managerial experience of minimum 12 months leading a team."	jobspy						
go-kR9P4gVt4pMRd_axAAAAAA==	google	https://www.iitjobs.com/job/java-senior-software-developer-bhubaneswar-odisha-india-cozentus-technologies-pvt-ltd-27498?utm_campaign=google_jobs_apply&utm_source=google_jobs_apply&utm_medium=organic	Java Senior Software Developer	Cozentus Technologies Pvt Ltd	Bhubaneswar, Odisha	2025-04-20		False		The responsibilities entail designing software solutions to address security vulnerabilities, contributing to architectural aspects, maintaining technical documentation, advising on secure coding practices, and staying updated with new tools and practices. Proficiency in Java (J2EE), Oracle database, Spring Framework, HTML, CSS, JavaScript, Angular, and Bootstrap is essential.Location: BhubaneswarExperience: 4-7 years	jobspy						
go-jPKlNlfBhzSfDHtTAAAAAA==	google	https://www.iitjobs.com/job/senior-qc-engineer-automation-bhubaneswar-odisha-india-cozentus-technologies-pvt-ltd-27505?utm_campaign=google_jobs_apply&utm_source=google_jobs_apply&utm_medium=organic	Senior QC Engineer (Automation)	Cozentus Technologies Pvt Ltd	Bhubaneswar, Odisha	2025-04-17		False		Must have manual and automation testing experience, able to analyse requirements, plan for testing needs of project, write system test cases, interact with teams and clients, plan and execute testing of project. Test management tool usage and integration with automation toolsUnderstanding of development process for Java and related technologies is needed . Location: BhubaneswarExperience: 4-7 years	jobspy						
li-4220532751	linkedin	https://www.linkedin.com/jobs/view/4220532751	DM Fashion	Reliance Retail	Baleshwar, Odisha, India		fulltime	False		"**Skills:**
 Digital Marketing Strategy, Social Media Advertising, Content Creation, SEO Optimization, Email Marketing, Influencer Partnerships, Data Analytics, E\-commerce Platforms,
   

  

**Company Overview**
 Reliance Retail is India's largest and fastest\-growing retailer, known for its diverse omni\-channel presence through integrated store concepts and digital commerce platforms. Since its inception in 2006, the company has committed to revolutionizing Indian retail, offering superior quality products and unmatched shopping experiences. With a loyal customer base of over 193 million and a vast network of more than 15,000 stores, Reliance Retail continues to enhance customer value and strengthen its market presence.
   

  

**Job Overview**
 Reliance Retail is seeking a mid\-level professional for the position of DM Fashion. This full\-time role is based in Balasore, Bhadrak, Bhubaneswar, Koraput, and Jeypore. The ideal candidate will possess a strong understanding of digital marketing strategies and be capable of driving our fashion segment through innovative marketing techniques. Join our team to leverage your skills in a collaborative environment, aiming to create impactful strategies that resonate with our customers.
   

  

**Qualifications And Skills**
- Proven expertise in crafting and implementing digital marketing strategies that enhance brand visibility and drive sales.

- Proficiency in social media advertising to engage and expand our customer base across various platforms effectively.

- Strong skills in content creation, ensuring engaging and relevant content that aligns with brand communication.

- Comprehensive knowledge of SEO optimization techniques to improve search engine rankings and website traffic.

- Experience in executing successful email marketing campaigns that nurture leads and maintain customer engagement.

- Ability to establish influencer partnerships to enhance brand credibility and reach wider audiences.

- Competency in data analytics to interpret

- Company Overview

 Reliance Retail is the largest and fastest\-growing retailer in India,, providing offering a diverse omni\-channel presence. Founded in 2006 insights for, the company revolutionizes Indian informed decision retail, serving over 193 million loyal customers with superior quality\-making. growing, Reliance Retail is 7,000 cities, supportedFamiliarity with e\-commerce by a strong team platforms, enhancing user experience and and a robust digital driving online and supply chain infrastructure sales effectively.
   

  

 headquartered in Mumbai and
   

  

 \< maintains astrong\>Roles and Responsibilities\< strong portfoliobr/\>
   

  

 of both own and
   

  

* partner brands.
* Job Overview
* The promote our fashion products and increase DM Fashion market penetration.
* Manage and optimize a full\-time, social media mid\-level position focused on executing accounts to boost engagement digital marketing strategies for and foster a loyal our Fashion division in Balasore, Bhadr customer communityak, Bhub.
* aneswar Create compelling. The successful candidate will leverage digital marketing content that tools to enhance brand presence and resonates with drive sales growth, our target audience and utilizing their supports marketing expertise and creativity to initiatives.
* Implement SEO engage and attract a strategies to wider audience. Applicants should possess strong digital marketing prof enhance ouriciencies, with a online presence background in and make managing integrated campaigns across our fashion products more discoverable.
* various platforms
* Coordinate.
* Qualifications to enhance and Skills brand awareness
* \>Pro
* ficiency in designing andIdentify and collaborate with influencers to implementing digital marketing strategies amplify brand awareness and drive sales to penetrate.
* Analyze marketing data effectively.
* for performanceExperience in managing social metrics, media advertising campaigns, including content providing insights for campaign optimization.
* Ensure all budget management digital marketing efforts align for optimal with overall business objectives and brand standards.
* reach.
* Expertise in content creation, ensuring engaging, relevant, and high\-quality content across all digital platforms.
* Solid understanding and application of SEO optimization techniques to improve search engine rankings and visibility.
* Proficient in executing email marketing campaigns, using data\-driven strategies to enhance engagement and conversion rates.
* Experience in developing and managing influencer partnerships to amplify brand messages and reach new audiences.
* Strong analytical skills with a capability to interpret data analytics to guide marketing strategies and decision\-making.
* Familiarity with e\-commerce platforms and tools to effectively drive online sales and customer acquisition strategies.


**Roles And Responsibilities**
* Develop and implement comprehensive digital marketing strategies for the Fashion division, enhancing online brand visibility.
* Manage social media presence and advertising campaigns across multiple platforms to increase follower engagement and brand reach.
* Create engaging and relevant content to be shared across digital channels, ensuring alignment with overall brand voice and goals.
* Conduct regular SEO audits and implement optimization strategies for enhancing website search engine performance.
* Plan and conduct email marketing campaigns to nurture leads, foster customer loyalty, and drive sales.
* Establish and maintain partnerships with relevant influencers to enhance brand advocacy and message amplification.
* Analyze digital marketing metrics and analytics to assess campaign effectiveness and ROI, adjusting strategies as needed.
* Collaborate with cross\-functional teams to align digital marketing efforts with company objectives and growth targets."	jobspy	https://www.expertia.ai/ril-reliance-retail/job/hiring-dm-fashion-67ee4cf8d1b2125bbf72766b?utm_source=linkedin-feed&easy_apply=true&date-refresh=05/01/2025&urlHash=-0BD	associate	Design, Art/Creative, and Information Technology	Retail	https://in.linkedin.com/company/reliance-retail	https://media.licdn.com/dms/image/v2/C4E0BAQHM_iN30Rgv3w/company-logo_100_100/company-logo_100_100/0/1631307312115?e=2147483647&v=beta&t=0aVIacsATufIRcJR18WUij7uuBU9_zV-BYTJclL5lak
li-4220537091	linkedin	https://www.linkedin.com/jobs/view/4220537091	DM Fashion	Reliance Retail	Jeypore, Odisha, India		fulltime	False		"**Skills:**
 Digital Marketing Strategy, Social Media Advertising, Content Creation, SEO Optimization, Email Marketing, Influencer Partnerships, Data Analytics, E\-commerce Platforms,
   

  

**Company Overview**
 Reliance Retail is India's largest and fastest\-growing retailer, known for its diverse omni\-channel presence through integrated store concepts and digital commerce platforms. Since its inception in 2006, the company has committed to revolutionizing Indian retail, offering superior quality products and unmatched shopping experiences. With a loyal customer base of over 193 million and a vast network of more than 15,000 stores, Reliance Retail continues to enhance customer value and strengthen its market presence.
   

  

**Job Overview**
 Reliance Retail is seeking a mid\-level professional for the position of DM Fashion. This full\-time role is based in Balasore, Bhadrak, Bhubaneswar, Koraput, and Jeypore. The ideal candidate will possess a strong understanding of digital marketing strategies and be capable of driving our fashion segment through innovative marketing techniques. Join our team to leverage your skills in a collaborative environment, aiming to create impactful strategies that resonate with our customers.
   

  

**Qualifications And Skills**
- Proven expertise in crafting and implementing digital marketing strategies that enhance brand visibility and drive sales.

- Proficiency in social media advertising to engage and expand our customer base across various platforms effectively.

- Strong skills in content creation, ensuring engaging and relevant content that aligns with brand communication.

- Comprehensive knowledge of SEO optimization techniques to improve search engine rankings and website traffic.

- Experience in executing successful email marketing campaigns that nurture leads and maintain customer engagement.

- Ability to establish influencer partnerships to enhance brand credibility and reach wider audiences.

- Competency in data analytics to interpret

- Company Overview

 Reliance Retail is the largest and fastest\-growing retailer in India,, providing offering a diverse omni\-channel presence. Founded in 2006 insights for, the company revolutionizes Indian informed decision retail, serving over 193 million loyal customers with superior quality\-making. growing, Reliance Retail is 7,000 cities, supportedFamiliarity with e\-commerce by a strong team platforms, enhancing user experience and and a robust digital driving online and supply chain infrastructure sales effectively.
   

  

 headquartered in Mumbai and
   

  

 \< maintains astrong\>Roles and Responsibilities\< strong portfoliobr/\>
   

  

 of both own and
   

  

* partner brands.
* Job Overview
* The promote our fashion products and increase DM Fashion market penetration.
* Manage and optimize a full\-time, social media mid\-level position focused on executing accounts to boost engagement digital marketing strategies for and foster a loyal our Fashion division in Balasore, Bhadr customer communityak, Bhub.
* aneswar Create compelling. The successful candidate will leverage digital marketing content that tools to enhance brand presence and resonates with drive sales growth, our target audience and utilizing their supports marketing expertise and creativity to initiatives.
* Implement SEO engage and attract a strategies to wider audience. Applicants should possess strong digital marketing prof enhance ouriciencies, with a online presence background in and make managing integrated campaigns across our fashion products more discoverable.
* various platforms
* Coordinate.
* Qualifications to enhance and Skills brand awareness
* \>Pro
* ficiency in designing andIdentify and collaborate with influencers to implementing digital marketing strategies amplify brand awareness and drive sales to penetrate.
* Analyze marketing data effectively.
* for performanceExperience in managing social metrics, media advertising campaigns, including content providing insights for campaign optimization.
* Ensure all budget management digital marketing efforts align for optimal with overall business objectives and brand standards.
* reach.
* Expertise in content creation, ensuring engaging, relevant, and high\-quality content across all digital platforms.
* Solid understanding and application of SEO optimization techniques to improve search engine rankings and visibility.
* Proficient in executing email marketing campaigns, using data\-driven strategies to enhance engagement and conversion rates.
* Experience in developing and managing influencer partnerships to amplify brand messages and reach new audiences.
* Strong analytical skills with a capability to interpret data analytics to guide marketing strategies and decision\-making.
* Familiarity with e\-commerce platforms and tools to effectively drive online sales and customer acquisition strategies.


**Roles And Responsibilities**
* Develop and implement comprehensive digital marketing strategies for the Fashion division, enhancing online brand visibility.
* Manage social media presence and advertising campaigns across multiple platforms to increase follower engagement and brand reach.
* Create engaging and relevant content to be shared across digital channels, ensuring alignment with overall brand voice and goals.
* Conduct regular SEO audits and implement optimization strategies for enhancing website search engine performance.
* Plan and conduct email marketing campaigns to nurture leads, foster customer loyalty, and drive sales.
* Establish and maintain partnerships with relevant influencers to enhance brand advocacy and message amplification.
* Analyze digital marketing metrics and analytics to assess campaign effectiveness and ROI, adjusting strategies as needed.
* Collaborate with cross\-functional teams to align digital marketing efforts with company objectives and growth targets."	jobspy	https://www.expertia.ai/ril-reliance-retail/job/hiring-dm-fashion-67ee4cf8d1b2125bbf72766b?utm_source=linkedin-feed&easy_apply=true&date-refresh=05/01/2025&urlHash=-0BD	associate	Design, Art/Creative, and Information Technology	Retail	https://in.linkedin.com/company/reliance-retail	https://media.licdn.com/dms/image/v2/C4E0BAQHM_iN30Rgv3w/company-logo_100_100/company-logo_100_100/0/1631307312115?e=2147483647&v=beta&t=0aVIacsATufIRcJR18WUij7uuBU9_zV-BYTJclL5lak
li-4220533736	linkedin	https://www.linkedin.com/jobs/view/4220533736	DM Fashion	Reliance Retail	Bhubaneswar, Odisha, India		fulltime	False		"**Skills:**
 Digital Marketing Strategy, Social Media Advertising, Content Creation, SEO Optimization, Email Marketing, Influencer Partnerships, Data Analytics, E\-commerce Platforms,
   

  

**Company Overview**
 Reliance Retail is India's largest and fastest\-growing retailer, known for its diverse omni\-channel presence through integrated store concepts and digital commerce platforms. Since its inception in 2006, the company has committed to revolutionizing Indian retail, offering superior quality products and unmatched shopping experiences. With a loyal customer base of over 193 million and a vast network of more than 15,000 stores, Reliance Retail continues to enhance customer value and strengthen its market presence.
   

  

**Job Overview**
 Reliance Retail is seeking a mid\-level professional for the position of DM Fashion. This full\-time role is based in Balasore, Bhadrak, Bhubaneswar, Koraput, and Jeypore. The ideal candidate will possess a strong understanding of digital marketing strategies and be capable of driving our fashion segment through innovative marketing techniques. Join our team to leverage your skills in a collaborative environment, aiming to create impactful strategies that resonate with our customers.
   

  

**Qualifications And Skills**
- Proven expertise in crafting and implementing digital marketing strategies that enhance brand visibility and drive sales.

- Proficiency in social media advertising to engage and expand our customer base across various platforms effectively.

- Strong skills in content creation, ensuring engaging and relevant content that aligns with brand communication.

- Comprehensive knowledge of SEO optimization techniques to improve search engine rankings and website traffic.

- Experience in executing successful email marketing campaigns that nurture leads and maintain customer engagement.

- Ability to establish influencer partnerships to enhance brand credibility and reach wider audiences.

- Competency in data analytics to interpret

- Company Overview

 Reliance Retail is the largest and fastest\-growing retailer in India,, providing offering a diverse omni\-channel presence. Founded in 2006 insights for, the company revolutionizes Indian informed decision retail, serving over 193 million loyal customers with superior quality\-making. growing, Reliance Retail is 7,000 cities, supportedFamiliarity with e\-commerce by a strong team platforms, enhancing user experience and and a robust digital driving online and supply chain infrastructure sales effectively.
   

  

 headquartered in Mumbai and
   

  

 \< maintains astrong\>Roles and Responsibilities\< strong portfoliobr/\>
   

  

 of both own and
   

  

* partner brands.
* Job Overview
* The promote our fashion products and increase DM Fashion market penetration.
* Manage and optimize a full\-time, social media mid\-level position focused on executing accounts to boost engagement digital marketing strategies for and foster a loyal our Fashion division in Balasore, Bhadr customer communityak, Bhub.
* aneswar Create compelling. The successful candidate will leverage digital marketing content that tools to enhance brand presence and resonates with drive sales growth, our target audience and utilizing their supports marketing expertise and creativity to initiatives.
* Implement SEO engage and attract a strategies to wider audience. Applicants should possess strong digital marketing prof enhance ouriciencies, with a online presence background in and make managing integrated campaigns across our fashion products more discoverable.
* various platforms
* Coordinate.
* Qualifications to enhance and Skills brand awareness
* \>Pro
* ficiency in designing andIdentify and collaborate with influencers to implementing digital marketing strategies amplify brand awareness and drive sales to penetrate.
* Analyze marketing data effectively.
* for performanceExperience in managing social metrics, media advertising campaigns, including content providing insights for campaign optimization.
* Ensure all budget management digital marketing efforts align for optimal with overall business objectives and brand standards.
* reach.
* Expertise in content creation, ensuring engaging, relevant, and high\-quality content across all digital platforms.
* Solid understanding and application of SEO optimization techniques to improve search engine rankings and visibility.
* Proficient in executing email marketing campaigns, using data\-driven strategies to enhance engagement and conversion rates.
* Experience in developing and managing influencer partnerships to amplify brand messages and reach new audiences.
* Strong analytical skills with a capability to interpret data analytics to guide marketing strategies and decision\-making.
* Familiarity with e\-commerce platforms and tools to effectively drive online sales and customer acquisition strategies.


**Roles And Responsibilities**
* Develop and implement comprehensive digital marketing strategies for the Fashion division, enhancing online brand visibility.
* Manage social media presence and advertising campaigns across multiple platforms to increase follower engagement and brand reach.
* Create engaging and relevant content to be shared across digital channels, ensuring alignment with overall brand voice and goals.
* Conduct regular SEO audits and implement optimization strategies for enhancing website search engine performance.
* Plan and conduct email marketing campaigns to nurture leads, foster customer loyalty, and drive sales.
* Establish and maintain partnerships with relevant influencers to enhance brand advocacy and message amplification.
* Analyze digital marketing metrics and analytics to assess campaign effectiveness and ROI, adjusting strategies as needed.
* Collaborate with cross\-functional teams to align digital marketing efforts with company objectives and growth targets."	jobspy	https://www.expertia.ai/ril-reliance-retail/job/hiring-dm-fashion-67ee4cf8d1b2125bbf72766b?utm_source=linkedin-feed&easy_apply=true&date-refresh=05/01/2025&urlHash=-0BD	associate	Design, Art/Creative, and Information Technology	Retail	https://in.linkedin.com/company/reliance-retail	https://media.licdn.com/dms/image/v2/C4E0BAQHM_iN30Rgv3w/company-logo_100_100/company-logo_100_100/0/1631307312115?e=2147483647&v=beta&t=0aVIacsATufIRcJR18WUij7uuBU9_zV-BYTJclL5lak
li-4220535417	linkedin	https://www.linkedin.com/jobs/view/4220535417	DM Fashion	Reliance Retail	Bhadrak, Odisha, India		fulltime	False		"**Skills:**
 Digital Marketing Strategy, Social Media Advertising, Content Creation, SEO Optimization, Email Marketing, Influencer Partnerships, Data Analytics, E\-commerce Platforms,
   

  

**Company Overview**
 Reliance Retail is India's largest and fastest\-growing retailer, known for its diverse omni\-channel presence through integrated store concepts and digital commerce platforms. Since its inception in 2006, the company has committed to revolutionizing Indian retail, offering superior quality products and unmatched shopping experiences. With a loyal customer base of over 193 million and a vast network of more than 15,000 stores, Reliance Retail continues to enhance customer value and strengthen its market presence.
   

  

**Job Overview**
 Reliance Retail is seeking a mid\-level professional for the position of DM Fashion. This full\-time role is based in Balasore, Bhadrak, Bhubaneswar, Koraput, and Jeypore. The ideal candidate will possess a strong understanding of digital marketing strategies and be capable of driving our fashion segment through innovative marketing techniques. Join our team to leverage your skills in a collaborative environment, aiming to create impactful strategies that resonate with our customers.
   

  

**Qualifications And Skills**
- Proven expertise in crafting and implementing digital marketing strategies that enhance brand visibility and drive sales.

- Proficiency in social media advertising to engage and expand our customer base across various platforms effectively.

- Strong skills in content creation, ensuring engaging and relevant content that aligns with brand communication.

- Comprehensive knowledge of SEO optimization techniques to improve search engine rankings and website traffic.

- Experience in executing successful email marketing campaigns that nurture leads and maintain customer engagement.

- Ability to establish influencer partnerships to enhance brand credibility and reach wider audiences.

- Competency in data analytics to interpret

- Company Overview

 Reliance Retail is the largest and fastest\-growing retailer in India,, providing offering a diverse omni\-channel presence. Founded in 2006 insights for, the company revolutionizes Indian informed decision retail, serving over 193 million loyal customers with superior quality\-making. growing, Reliance Retail is 7,000 cities, supportedFamiliarity with e\-commerce by a strong team platforms, enhancing user experience and and a robust digital driving online and supply chain infrastructure sales effectively.
   

  

 headquartered in Mumbai and
   

  

 \< maintains astrong\>Roles and Responsibilities\< strong portfoliobr/\>
   

  

 of both own and
   

  

* partner brands.
* Job Overview
* The promote our fashion products and increase DM Fashion market penetration.
* Manage and optimize a full\-time, social media mid\-level position focused on executing accounts to boost engagement digital marketing strategies for and foster a loyal our Fashion division in Balasore, Bhadr customer communityak, Bhub.
* aneswar Create compelling. The successful candidate will leverage digital marketing content that tools to enhance brand presence and resonates with drive sales growth, our target audience and utilizing their supports marketing expertise and creativity to initiatives.
* Implement SEO engage and attract a strategies to wider audience. Applicants should possess strong digital marketing prof enhance ouriciencies, with a online presence background in and make managing integrated campaigns across our fashion products more discoverable.
* various platforms
* Coordinate.
* Qualifications to enhance and Skills brand awareness
* \>Pro
* ficiency in designing andIdentify and collaborate with influencers to implementing digital marketing strategies amplify brand awareness and drive sales to penetrate.
* Analyze marketing data effectively.
* for performanceExperience in managing social metrics, media advertising campaigns, including content providing insights for campaign optimization.
* Ensure all budget management digital marketing efforts align for optimal with overall business objectives and brand standards.
* reach.
* Expertise in content creation, ensuring engaging, relevant, and high\-quality content across all digital platforms.
* Solid understanding and application of SEO optimization techniques to improve search engine rankings and visibility.
* Proficient in executing email marketing campaigns, using data\-driven strategies to enhance engagement and conversion rates.
* Experience in developing and managing influencer partnerships to amplify brand messages and reach new audiences.
* Strong analytical skills with a capability to interpret data analytics to guide marketing strategies and decision\-making.
* Familiarity with e\-commerce platforms and tools to effectively drive online sales and customer acquisition strategies.


**Roles And Responsibilities**
* Develop and implement comprehensive digital marketing strategies for the Fashion division, enhancing online brand visibility.
* Manage social media presence and advertising campaigns across multiple platforms to increase follower engagement and brand reach.
* Create engaging and relevant content to be shared across digital channels, ensuring alignment with overall brand voice and goals.
* Conduct regular SEO audits and implement optimization strategies for enhancing website search engine performance.
* Plan and conduct email marketing campaigns to nurture leads, foster customer loyalty, and drive sales.
* Establish and maintain partnerships with relevant influencers to enhance brand advocacy and message amplification.
* Analyze digital marketing metrics and analytics to assess campaign effectiveness and ROI, adjusting strategies as needed.
* Collaborate with cross\-functional teams to align digital marketing efforts with company objectives and growth targets."	jobspy	https://www.expertia.ai/ril-reliance-retail/job/hiring-dm-fashion-67ee4cf8d1b2125bbf72766b?utm_source=linkedin-feed&easy_apply=true&date-refresh=05/01/2025&urlHash=-0BD	associate	Design, Art/Creative, and Information Technology	Retail	https://in.linkedin.com/company/reliance-retail	https://media.licdn.com/dms/image/v2/C4E0BAQHM_iN30Rgv3w/company-logo_100_100/company-logo_100_100/0/1631307312115?e=2147483647&v=beta&t=0aVIacsATufIRcJR18WUij7uuBU9_zV-BYTJclL5lak
li-4220534603	linkedin	https://www.linkedin.com/jobs/view/4220534603	DM Fashion	Reliance Retail	Koraput, Odisha, India		fulltime	False		"**Skills:**
 Digital Marketing Strategy, Social Media Advertising, Content Creation, SEO Optimization, Email Marketing, Influencer Partnerships, Data Analytics, E\-commerce Platforms,
   

  

**Company Overview**
 Reliance Retail is India's largest and fastest\-growing retailer, known for its diverse omni\-channel presence through integrated store concepts and digital commerce platforms. Since its inception in 2006, the company has committed to revolutionizing Indian retail, offering superior quality products and unmatched shopping experiences. With a loyal customer base of over 193 million and a vast network of more than 15,000 stores, Reliance Retail continues to enhance customer value and strengthen its market presence.
   

  

**Job Overview**
 Reliance Retail is seeking a mid\-level professional for the position of DM Fashion. This full\-time role is based in Balasore, Bhadrak, Bhubaneswar, Koraput, and Jeypore. The ideal candidate will possess a strong understanding of digital marketing strategies and be capable of driving our fashion segment through innovative marketing techniques. Join our team to leverage your skills in a collaborative environment, aiming to create impactful strategies that resonate with our customers.
   

  

**Qualifications And Skills**
- Proven expertise in crafting and implementing digital marketing strategies that enhance brand visibility and drive sales.

- Proficiency in social media advertising to engage and expand our customer base across various platforms effectively.

- Strong skills in content creation, ensuring engaging and relevant content that aligns with brand communication.

- Comprehensive knowledge of SEO optimization techniques to improve search engine rankings and website traffic.

- Experience in executing successful email marketing campaigns that nurture leads and maintain customer engagement.

- Ability to establish influencer partnerships to enhance brand credibility and reach wider audiences.

- Competency in data analytics to interpret

- Company Overview

 Reliance Retail is the largest and fastest\-growing retailer in India,, providing offering a diverse omni\-channel presence. Founded in 2006 insights for, the company revolutionizes Indian informed decision retail, serving over 193 million loyal customers with superior quality\-making. growing, Reliance Retail is 7,000 cities, supportedFamiliarity with e\-commerce by a strong team platforms, enhancing user experience and and a robust digital driving online and supply chain infrastructure sales effectively.
   

  

 headquartered in Mumbai and
   

  

 \< maintains astrong\>Roles and Responsibilities\< strong portfoliobr/\>
   

  

 of both own and
   

  

* partner brands.
* Job Overview
* The promote our fashion products and increase DM Fashion market penetration.
* Manage and optimize a full\-time, social media mid\-level position focused on executing accounts to boost engagement digital marketing strategies for and foster a loyal our Fashion division in Balasore, Bhadr customer communityak, Bhub.
* aneswar Create compelling. The successful candidate will leverage digital marketing content that tools to enhance brand presence and resonates with drive sales growth, our target audience and utilizing their supports marketing expertise and creativity to initiatives.
* Implement SEO engage and attract a strategies to wider audience. Applicants should possess strong digital marketing prof enhance ouriciencies, with a online presence background in and make managing integrated campaigns across our fashion products more discoverable.
* various platforms
* Coordinate.
* Qualifications to enhance and Skills brand awareness
* \>Pro
* ficiency in designing andIdentify and collaborate with influencers to implementing digital marketing strategies amplify brand awareness and drive sales to penetrate.
* Analyze marketing data effectively.
* for performanceExperience in managing social metrics, media advertising campaigns, including content providing insights for campaign optimization.
* Ensure all budget management digital marketing efforts align for optimal with overall business objectives and brand standards.
* reach.
* Expertise in content creation, ensuring engaging, relevant, and high\-quality content across all digital platforms.
* Solid understanding and application of SEO optimization techniques to improve search engine rankings and visibility.
* Proficient in executing email marketing campaigns, using data\-driven strategies to enhance engagement and conversion rates.
* Experience in developing and managing influencer partnerships to amplify brand messages and reach new audiences.
* Strong analytical skills with a capability to interpret data analytics to guide marketing strategies and decision\-making.
* Familiarity with e\-commerce platforms and tools to effectively drive online sales and customer acquisition strategies.


**Roles And Responsibilities**
* Develop and implement comprehensive digital marketing strategies for the Fashion division, enhancing online brand visibility.
* Manage social media presence and advertising campaigns across multiple platforms to increase follower engagement and brand reach.
* Create engaging and relevant content to be shared across digital channels, ensuring alignment with overall brand voice and goals.
* Conduct regular SEO audits and implement optimization strategies for enhancing website search engine performance.
* Plan and conduct email marketing campaigns to nurture leads, foster customer loyalty, and drive sales.
* Establish and maintain partnerships with relevant influencers to enhance brand advocacy and message amplification.
* Analyze digital marketing metrics and analytics to assess campaign effectiveness and ROI, adjusting strategies as needed.
* Collaborate with cross\-functional teams to align digital marketing efforts with company objectives and growth targets."	jobspy	https://www.expertia.ai/ril-reliance-retail/job/hiring-dm-fashion-67ee4cf8d1b2125bbf72766b?utm_source=linkedin-feed&easy_apply=true&date-refresh=05/01/2025&urlHash=-0BD	associate	Design, Art/Creative, and Information Technology	Retail	https://in.linkedin.com/company/reliance-retail	https://media.licdn.com/dms/image/v2/C4E0BAQHM_iN30Rgv3w/company-logo_100_100/company-logo_100_100/0/1631307312115?e=2147483647&v=beta&t=0aVIacsATufIRcJR18WUij7uuBU9_zV-BYTJclL5lak
li-4217778088	linkedin	https://www.linkedin.com/jobs/view/4217778088	Business Manager - Design	Livspace	Bhubaneswar, Odisha, India		fulltime	False		"**About Us**
 Livspace is Asia’s largest and fastest\-growing omnichannel home interiors and renovation platform. Using its proprietary technology, Livspace provides a one\-stop renovation solution for homeowners—from design to managed last mile fulfillment for all rooms in a home. The platform has organized a fragmented industry, bringing together designers, brands, manufacturers, and contractors to enable an eCommerce\-like trusted, and predictable experience.
   

  

 The company launched operations in Bengaluru, India in 2015\. Since its inception, Livspace has organized a fragmented industry, bringing together a curated community of designers, brands, manufacturers and contractors. This has resulted in an e\-commerce\-like trusted and predictable experience for the homeowners. Livspace boasts of a community of 50000\+ satisfied customers and over 2000 interior designers.
   

  

 The company is already the largest employer of interior designers in the country. Livspace currently serves Singapore, Malaysia, Saudi Arabia as well as 30 metro and non\-metro areas in India including \- Bengaluru, Chennai, Delhi, Noida, Gurgaon, Mumbai, Thane, Pune, Hyderabad, Kolkata, Ahmedabad, Kochi, Jaipur, Lucknow, Indore, Surat, Coimbatore, Mysore, Mangalore, Vizag, Vijayawada.
   

  

 Livspace has showcased phenomenal growth since its launch, having delivered over 125,000 rooms and selling over 7\.5 million SKUs through its platform. The company also delivered 50,000 homes across all our serviceable locations.
   

  

 The founders \- Anuj Srivastava and Ramakant Sharma are former Google and Myntra executives respectively, who are seasoned entrepreneurs and successful angel investors. Livspace’s leadership team combines world\-class talent and entrepreneurial experience gathered at some of the best companies in the world.
   

  

 Livspace has raised around USD 450 million in capital from some of the top global investors including KKR, Ingka Group Investments (part of largest IKEA retailer Ingka Group), TPG Growth, Goldman Sachs, Kharis Capital, Venturi Partners, FFP (Peugeot Group’s Holding Company), EDBI, Bessemer Venture Partners, Jungle Ventures, Helion Ventures and UC\-RNT. For more information, please visit: ""https://www.livspace.com/""
   

  

**Job Description**
 As a Business Manager \- Design, you are responsible for managing the designing for projects month\-on\-month, through a team of designers. You will ensure their productivity \& work output by imparting required trainings and leading discussions on designs.
   

  

* Manage designing of 12 to 15 projects month\-on\-month.
* Ensuring work output of a Team of 6 to 10 Designers.
* Drive Customer experience \& Relationship Management.
* Ensure output on design Net Promoter Survey (Customer rating).
* Training designers on technical details and managing/ leading design discussions.


 Job Requirement
   

  

* B.Arch, B.Interior Design \| Masters/Specialization: Construction Planning Management, MBA, Design Management.
* 3\+ years of relevant experience as an Interior Designer/ Project Manager.
* Led and delivered minimum 10 Residential/Interior projects (end to end Project Management)"	jobspy	https://livspace.sensehq.com/careers/jobs/59461&urlHash=LVIR	mid-senior level	Design, Art/Creative, and Information Technology	Interior Design	https://in.linkedin.com/company/livspace	https://media.licdn.com/dms/image/v2/C4D0BAQH3FQB6L_BhjA/company-logo_100_100/company-logo_100_100/0/1679385176826/livspace_logo?e=2147483647&v=beta&t=H8mX-6cDVPCrJ06A0iKQjj33zBGSF2WhrqgY8VH7Oco
li-4217780050	linkedin	https://www.linkedin.com/jobs/view/4217780050	Business Manager - Design	Livspace	Bhubaneswar, Odisha, India		fulltime	False		"**About Us**
 Livspace is Asia’s largest and fastest\-growing omnichannel home interiors and renovation platform. Using its proprietary technology, Livspace provides a one\-stop renovation solution for homeowners—from design to managed last mile fulfillment for all rooms in a home. The platform has organized a fragmented industry, bringing together designers, brands, manufacturers, and contractors to enable an eCommerce\-like trusted, and predictable experience.
   

  

 The company launched operations in Bengaluru, India in 2015\. Since its inception, Livspace has organized a fragmented industry, bringing together a curated community of designers, brands, manufacturers and contractors. This has resulted in an e\-commerce\-like trusted and predictable experience for the homeowners. Livspace boasts of a community of 50000\+ satisfied customers and over 2000 interior designers.
   

  

 The company is already the largest employer of interior designers in the country. Livspace currently serves Singapore, Malaysia, Saudi Arabia as well as 30 metro and non\-metro areas in India including \- Bengaluru, Chennai, Delhi, Noida, Gurgaon, Mumbai, Thane, Pune, Hyderabad, Kolkata, Ahmedabad, Kochi, Jaipur, Lucknow, Indore, Surat, Coimbatore, Mysore, Mangalore, Vizag, Vijayawada.
   

  

 Livspace has showcased phenomenal growth since its launch, having delivered over 125,000 rooms and selling over 7\.5 million SKUs through its platform. The company also delivered 50,000 homes across all our serviceable locations.
   

  

 The founders \- Anuj Srivastava and Ramakant Sharma are former Google and Myntra executives respectively, who are seasoned entrepreneurs and successful angel investors. Livspace’s leadership team combines world\-class talent and entrepreneurial experience gathered at some of the best companies in the world.
   

  

 Livspace has raised around USD 450 million in capital from some of the top global investors including KKR, Ingka Group Investments (part of largest IKEA retailer Ingka Group), TPG Growth, Goldman Sachs, Kharis Capital, Venturi Partners, FFP (Peugeot Group’s Holding Company), EDBI, Bessemer Venture Partners, Jungle Ventures, Helion Ventures and UC\-RNT. For more information, please visit: ""https://www.livspace.com/""
   

  

**Job Description**
 A Business Manager \- Design will be responsible for managing the designing for 12 to 15 projects month\-on\-month through a team of 6 to 10 designers. The output of which would be achieved through managing their design productivity, imparting required trainings and design discussions.
   

  

* Managing Designing Projects.
* Managing and ensuring the productivity and work output of a Team of Designers.
* Customer Experience \& Relationship Management.
* Ensuring output on design Net Promoter Survey (Customner rating).
* Training designers on technical details (wherever required).
* Managing/ leading design discussions.


 Job Requirement
   

  

* Bachelors Qualification preferably B.Arch, B.Interior Design.
* Masters/ Specialization: Construction Planning Management,MBA, Design Management.
* 3\+ years' experience as an Interior Designer/ Project Manager.
* Led and delivered a minimum of 10 Residential/Interior projects (end to end project management)."	jobspy	https://livspace.sensehq.com/careers/jobs/60618&urlHash=yfd2	mid-senior level	Design, Art/Creative, and Information Technology	Interior Design	https://in.linkedin.com/company/livspace	https://media.licdn.com/dms/image/v2/C4D0BAQH3FQB6L_BhjA/company-logo_100_100/company-logo_100_100/0/1679385176826/livspace_logo?e=2147483647&v=beta&t=H8mX-6cDVPCrJ06A0iKQjj33zBGSF2WhrqgY8VH7Oco
li-4217778086	linkedin	https://www.linkedin.com/jobs/view/4217778086	Business Manager - Sales	Livspace	Bhubaneswar, Odisha, India		fulltime	False		"**About Us**
 Livspace is Asia’s largest and fastest\-growing omnichannel home interiors and renovation platform. Using its proprietary technology, Livspace provides a one\-stop renovation solution for homeowners—from design to managed last mile fulfillment for all rooms in a home. The platform has organized a fragmented industry, bringing together designers, brands, manufacturers, and contractors to enable an eCommerce\-like trusted, and predictable experience.
   

  

 The company launched operations in Bengaluru, India in 2015\. Since its inception, Livspace has organized a fragmented industry, bringing together a curated community of designers, brands, manufacturers and contractors. This has resulted in an e\-commerce\-like trusted and predictable experience for the homeowners. Livspace boasts of a community of 50000\+ satisfied customers and over 2000 interior designers.
   

  

 The company is already the largest employer of interior designers in the country. Livspace currently serves Singapore, Malaysia, Saudi Arabia as well as 30 metro and non\-metro areas in India including \- Bengaluru, Chennai, Delhi, Noida, Gurgaon, Mumbai, Thane, Pune, Hyderabad, Kolkata, Ahmedabad, Kochi, Jaipur, Lucknow, Indore, Surat, Coimbatore, Mysore, Mangalore, Vizag, Vijayawada.
   

  

 Livspace has showcased phenomenal growth since its launch, having delivered over 125,000 rooms and selling over 7\.5 million SKUs through its platform. The company also delivered 50,000 homes across all our serviceable locations.
   

  

 The founders \- Anuj Srivastava and Ramakant Sharma are former Google and Myntra executives respectively, who are seasoned entrepreneurs and successful angel investors. Livspace’s leadership team combines world\-class talent and entrepreneurial experience gathered at some of the best companies in the world.
   

  

 Livspace has raised around USD 450 million in capital from some of the top global investors including KKR, Ingka Group Investments (part of largest IKEA retailer Ingka Group), TPG Growth, Goldman Sachs, Kharis Capital, Venturi Partners, FFP (Peugeot Group’s Holding Company), EDBI, Bessemer Venture Partners, Jungle Ventures, Helion Ventures and UC\-RNT. For more information, please visit: ""https://www.livspace.com/""
   

  

**Job Description**
 In the role of a Business Manager \- Sales, you will be required to own the sales funnel \& drive sales closure. You will need to achieve sales target on projects month on month through a team of 6 to 10 designers.
   

  

* Enure sales funnel management to achieve a higher conversion rate output.
* Target and achieve of 12 to 15 projects a month, by ensuring new projects bookings.
* Responsible for Customer Experience \& Relationship Management.
* Training designers to esnure sales \& enabling them to achieve their targets.


 Job Requirement
   

  

* Bachelor's Qualification: B\-Arch (preferred) \| If any other, then with relevant industry exposure.
* 5\+ years of relevant work\-experience in B2C Business Development and Growth.
* Managerial experience of minimum 12 months leading a team."	jobspy	https://livspace.sensehq.com/careers/jobs/60724&urlHash=Smzs	mid-senior level	Sales and Business Development	Interior Design	https://in.linkedin.com/company/livspace	https://media.licdn.com/dms/image/v2/C4D0BAQH3FQB6L_BhjA/company-logo_100_100/company-logo_100_100/0/1679385176826/livspace_logo?e=2147483647&v=beta&t=H8mX-6cDVPCrJ06A0iKQjj33zBGSF2WhrqgY8VH7Oco
li-4217776461	linkedin	https://www.linkedin.com/jobs/view/4217776461	Validation Lead	Livspace	Bhubaneswar, Odisha, India		fulltime	False		"**About Us**
 Livspace is Asia’s largest and fastest\-growing omnichannel home interiors and renovation platform. Using its proprietary technology, Livspace provides a one\-stop renovation solution for homeowners—from design to managed last mile fulfillment for all rooms in a home. The platform has organized a fragmented industry, bringing together designers, brands, manufacturers, and contractors to enable an eCommerce\-like trusted, and predictable experience.
   

  

 The company launched operations in Bengaluru, India in 2015\. Since its inception, Livspace has organized a fragmented industry, bringing together a curated community of designers, brands, manufacturers and contractors. This has resulted in an e\-commerce\-like trusted and predictable experience for the homeowners. Livspace boasts of a community of 50000\+ satisfied customers and over 2000 interior designers.
   

  

 The company is already the largest employer of interior designers in the country. Livspace currently serves Singapore, Malaysia, Saudi Arabia as well as 30 metro and non\-metro areas in India including \- Bengaluru, Chennai, Delhi, Noida, Gurgaon, Mumbai, Thane, Pune, Hyderabad, Kolkata, Ahmedabad, Kochi, Jaipur, Lucknow, Indore, Surat, Coimbatore, Mysore, Mangalore, Vizag, Vijayawada.
   

  

 Livspace has showcased phenomenal growth since its launch, having delivered over 125,000 rooms and selling over 7\.5 million SKUs through its platform. The company also delivered 50,000 homes across all our serviceable locations.
   

  

 The founders \- Anuj Srivastava and Ramakant Sharma are former Google and Myntra executives respectively, who are seasoned entrepreneurs and successful angel investors. Livspace’s leadership team combines world\-class talent and entrepreneurial experience gathered at some of the best companies in the world.
   

  

 Livspace has raised around USD 450 million in capital from some of the top global investors including KKR, Ingka Group Investments (part of largest IKEA retailer Ingka Group), TPG Growth, Goldman Sachs, Kharis Capital, Venturi Partners, FFP (Peugeot Group’s Holding Company), EDBI, Bessemer Venture Partners, Jungle Ventures, Helion Ventures and UC\-RNT. For more information, please visit: ""https://www.livspace.com/""
   

  

**Job Description**
 A Validation Lead offers solutions on both modular and services scope of work. While modulars are handled by our dedicated vendors across the country, services are delivered through a curated marketplace of Livspace\-certified contractor partners and an in\-house contracting team. To ensure we are providing the right inputs to our vendor partners and the right inputs are captured from the customers , we have a team who handles the following responsibilities :
   

  

* Validate drawings, BOQ \& site.
* Understand drawings of all disciplines (Modular \& Non\-modular KWS, furniture, civil, electrical, plumbing,etc) and verify quantities of each line item in the BOQ.
* Identify design discrepancies and foresee execution risk.
* Highlight the missing line items in the BOQ.
* Finalize BOQ after clarifying design discrepancies and a thorough validation at site.
* Provide error free validation reports within the provided SLA.


 Job Requirement
   

  

* Diploma/ B. Tech. in Civil Engineering or Architecture.
* 3\+ years of contracting experience (1 yr execution \+ 2 yr QS) in residential/commercial projects.
* Ability to assess design feasibility, visualize on\-site conditions and foresee execution risks.
* Proactive and capable of prioritizing work.
* Extremely high level of ownership.
* High learning aptitude.
* Good communication skills – Verbal \& Written."	jobspy	https://livspace.sensehq.com/careers/jobs/54927&urlHash=j42m	mid-senior level	Quality Assurance	Interior Design	https://in.linkedin.com/company/livspace	https://media.licdn.com/dms/image/v2/C4D0BAQH3FQB6L_BhjA/company-logo_100_100/company-logo_100_100/0/1679385176826/livspace_logo?e=2147483647&v=beta&t=H8mX-6cDVPCrJ06A0iKQjj33zBGSF2WhrqgY8VH7Oco
go-DKfy6xGCDuo70ag-AAAAAA==	google	https://in.trabajo.org/job-3150-35a57322c85395d2a46bc0d26a0250f1?utm_campaign=google_jobs_apply&utm_source=google_jobs_apply&utm_medium=organic	Unlock Your Potential as a Data Analyst	beBee Careers	Balasore, Odisha	2025-04-25		False		"We are seeking a highly skilled Data Analyst to join our team. As an experienced professional, you will be responsible for resolving issues and challenges related to data under the direction of senior analysts or data scientists.

In this role, you will assist in developing and evaluating prediction models, conduct basic data analysis using statistical software, Excel, or SQL, and create descriptive statistics and visualisations to comprehend the data.

A key aspect of this job is having an open mind and being willing to ask knowledgeable experts for advice. If you have a passion for data analysis and are looking for a challenging role, we encourage you to apply.
• Support the organisation in resolving issues and challenges pertaining to data.
• Assist in developing and evaluating prediction models.
• Conduct basic data analysis using statistical software, Excel, or SQL.
• Create descriptive statistics and visualisations to comprehend the data.

This is an exciting opportunity for a motivated individual to grow their career in data analysis. We offer a competitive salary and benefits package, along with opportunities for professional growth and development."	jobspy						
go-G6zbSbthrb18b3OGAAAAAA==	google	https://callcenterjob.co.in/required-branch-operations-executive-in-andharua-andharua_738256?utm_campaign=google_jobs_apply&utm_source=google_jobs_apply&utm_medium=organic	Required Branch Operations Executive in Andharua	Confidential	Andharua, Odisha	2025-04-25	fulltime	False		We are hiring Branch Operations Executive in Andharua, OD, If you are passionate about Banking Job in Andharua area and having some out of the box specialities to do bank job hit the opportunity now. At all, the Operations Executive gets exposure to play various role in business operations, branch, customer relationship job in Andharua, word management, and other which is listed below. Role : Branch Operation Executive Industry Type : NBFC / Non-banking Financial Company Functional Area BFSI Job, Branch Operations Location: Andharua Odisha Employment Type: Full Time, Permanent Role Category: JR, Mid, Sr Executive Education/Qualification: Must have graduation and above Skills Required: Operations, Disbursement, Customer dealing, Cash handling Salary Offered: 2.32 to 3.28 L/A The Branch Operations Executive are responsible for the part of the workplace team that directly manages the operations and maintenance of facilities of the Andharua branch. Roles and Responsibilities at HDB Andharua: • Processing and Disbursement of files • Handling all Andharua branch administration activities • Regular follow-ups with Andharua customers • Co-ordination with central ops team • Preparing Daily / Monthly MIS reports • Customer KYC and secondary documents verification • Ensuring on-time payments of the Andharua customers • Ensure adherence of policies at all levels • Thorough checking of all the files and ensure the data is complete and relevant. • Responsible to Branch Customer Service at Andharua branch • Responsible to handle MIS Job • Co-ordinate with business team to resolve recon exception on daily basis Desired Candidate Profile for Branch Operations Job in Andharua: • Candidate should be Graduate or above • Basic knowledge of Operations work in the Bank • 0-3 yrs of relevant experience in Andharua • Good communication skills must needed to manager client in flow. • High level of Self Drive/Enthusiasm as a good learner. To apply HDB Operations jobs in Andharua, visit official career page www.hdbfs.com or any clarifications or clear about job, feel free to apply with updated resume and required details. Tags: branch operations job in Andharua, HDB Finance jobs in Andharua, Operation jobs in Andharua, Back office job in Andharua, NBFC jobs nearby Andharua Odisha, HDB Financial Services careers in Andharua, branch sales jobs in Andharua, Back Office work in Andharua, HDFC Career Andharua Operation jobs in BFSI is the platform where you can search, find & get apply for leading companies like HDB Financial ltd Operation jobs at one place around the Odisha, If you are looking for a BFSI Jobs in Andharua, the BFSIJob.com is the easiest and fastest way to find and apply to the latest BFSI job openings in Andharua Odisha	jobspy						
go-PscIN0NOiIdhEjMTAAAAAA==	google	https://in.trabajo.org/job-1406-f458af2def3ae5d5c688719ec4a0a90f?utm_campaign=google_jobs_apply&utm_source=google_jobs_apply&utm_medium=organic	Advance Your Career AS An Experienced Data Analyst	VJ Consultant	Balasore, Odisha	2025-04-22	parttime	False		"Advance Your Career as an Experienced Data Analyst Job Description We are hiring for Data Analyst with 1 to 3 yrs Experience - Immediate Joiners Mostly Preferred Education: Any Degree or Courses related to IT Salary: Based on company norms Location: Chennai Interview type: Walk-In Responsibilities Support the organisation in resolving issues and challenges pertaining to data. Under the direction of data scientists or senior analysts, assist in developing and evaluating prediction models. Use statistical software, Excel, or SQL to conduct basic data analysis. To comprehend the data, create descriptive statistics and visualisations. Have an open mind and ask knowledgeable experts for advice. Interested Candidates can send their CVs through mail For Further informations contact the hr Hr - Preetha

Experience

1 - 2 Years

No. of Openings

100

Education

Secondary School, B.A, B.Com

Role

Data Analyst

Industry Type

Call Centre / BPO / KPO / ITES / LPO

Gender

[ Male / Female ]

Job Country

India

Type of Job

Part Time

Work Location Type

Work from Home"	jobspy						
go-HLDM_slgEWC9EXHdAAAAAA==	google	https://in.trabajo.org/job-3396-23ffbec4425aa6cc8249e5d9e0751c5d?utm_campaign=google_jobs_apply&utm_source=google_jobs_apply&utm_medium=organic	Coordinator - Corporate Relations	Talentfleet Solutions	Bhubaneswar, Odisha	2025-04-22	fulltime	False		"JOB CODE

TFT-OTH-0131

POSITION TYPE

Full Time

DEPARTMENT

Others

Bhubaneshwar, Odisha, India
• *CLIENT PROFILE**:
Our Client was founded in April 2007, is a nationwide volunteering movement that inspires youth to volunteer, and provides them with meaningful opportunities to serve the community. The goal is to support schools, destitute shelters, government hospitals, and other organizations in the social sector through volunteers who can help them mitigate some of their shortcomings and challenges. Volunteering is made easy and customized to the individual’s interests, time availability, and skillsets. Their aim is to create positive change agents in society, through the culture of volunteering.
• *Role and Responsibilities**:
- Proactively talking to corporates, understand their CSR and volunteering needs; propose suitable options.
Interact with volunteer coordinators to understand, identify and document the various volunteering options available
Coordinating with all verticals within YFS (Health, Education, Environment) to understand, identify and document the various volunteering options available
Updating and Communicating the various volunteering options to the CSR team on regular basis
Executing the volunteering activity with the corporate volunteers
Conducting YFS orientation sessions to corporate employees during the volunteering activities
Mobilizing additional volunteers if required for the volunteering activity
Writing a report on the volunteering activities conducted
- **Qualifications**:
- Any Graduation at least 2 years work experience
9am - 6pm, Able to work flexible hours, including evenings and weekends
- **Skills**:
- Basics of MS Word, Excel, PowerPoint

- Ability to talk to new people
Organize events
Oral & written Communication In English
Good presentation skills
- **Additional Notes**:
The person should be ready to travel as the work requires 70% field work.
Passionate about Social Sector
• *CTC Range**:
3-3.6L"	jobspy						
go-veYLkqo9XEBn8cKeAAAAAA==	google	https://in.trabajo.org/job-3150-68abc2d74eccac9cd43637f3c96c6a37?utm_campaign=google_jobs_apply&utm_source=google_jobs_apply&utm_medium=organic	High Performing Sales Representative	beBee Careers	Cuttack, Odisha	2025-04-18		False		"About the Role:

We are looking for a high-performing Sales Representative to join our team. As a key member of our sales team, you will be responsible for identifying and pursuing new business opportunities.

Key Accountabilities:
• Identify and develop new business opportunities through cold calling and networking
• B build and maintain strong relationships with existing clients
• Meet or exceed monthly sales targets

Essential Skills and Qualifications:
• Excellent communication and interpersonal skills
• Able to work independently with minimal supervision
• Proficient in the use of Android mobile devices

Benefits and Perks:
• Competitive salary: 15,000.00 - 20,000.00 per month
• Cell phone reimbursement
• Performance bonus and yearly bonus opportunities

Work Arrangements:

This is a full-time position that requires working day shifts."	jobspy						
go-pXM44m6roDGXSlQkAAAAAA==	google	https://jobs-apply.softbaba.com/jobs/delivery-associates-e-commerce-executive-jobs/near-me-in/odisha/sundergarh/rajgangpur.html?utm_campaign=google_jobs_apply&utm_source=google_jobs_apply&utm_medium=organic	Delivery Associates – E-Commerce Executive Jobs	Ecom Express	Rajgangpur, Odisha	2025-04-17	fulltime	False		"Job Description

India’s leading E-commerce company e.i. Ecom Express currently hiring for Delivery Associates – E-Commerce Executive Jobs in rajgangpur, sundergarh, odisha with below requirement, meantime ideal candidate should have good knowledge of e-commerce services to get serve in rajgangpur, sundergarh, odisha area.

Job Title: Delivery Associates – E-Commerce Executive Jobs for freshers

Work Location: rajgangpur, sundergarh, odisha,

Salary: 14820 to 31200 L/A

Number of position: 5 (Required urgent – first apply first hire basis – Immediate joiners )

Eligibility at ECOM Express Job in rajgangpur, sundergarh, odisha:
• Firstly, Anyone with mobile phone and two wheeler can able to apply for Delivery Associates – E-Commerce Executive Jobs in rajgangpur, sundergarh, odisha .
• Secondly, If someone have working experience as Delivery Associate for ecommerce company they ll get a first chance to get hire.
• You should have basic knowledge of nearby areas.
• Last, Ready work in field as this is parcel delivery jobs in rajgangpur, sundergarh, odisha city.
• Required Documents to get join Ecom Express
• Aadhar Card
• PAN Card
• Bank Passbook
• Driving License
• Resume (Not required for Delivery associates jobs)

To get apply Job in rajgangpur, sundergarh, odisha as a Delivery Executive:
• Apply directly online using submit resume button, fill the form correctly and will get back to you after review your profile.
• Wait for HR call or notification to proceed further.

Job Role for Delivery Associates – E-Commerce Executive Jobs in rajgangpur, sundergarh, odisha:
• Firstly, Delivering items nearby rajgangpur, sundergarh, odisha
• similarly inspecting vehicle for operation
• most importantly driving vehicles through different routes
• resolving clients complaints.

Ecom Express employee Benefits at :
• Great earning i.e. 15-20 K per month
• flexible work hours, pick up and available slots from the list.
• Be on your own boss, build your own schedule.
• Bonus, Per KM extra incentive as a fuel allowance

Tags for job seekers: e-commerce jobs near me in rajgangpur, sundergarh, odisha, fresher jobs nearby rajgangpur, sundergarh, odisha, graduate fresher jobs rajgangpur, sundergarh, odisha, 12th pass jobs near me in rajgangpur, sundergarh, odisha , 10th pass jobs near me in rajgangpur, sundergarh, odisha, Ecom Express jobs in rajgangpur, sundergarh, odisha, Ecom Express delivery boy job in rajgangpur, sundergarh, odisha, courier jobs in rajgangpur, sundergarh, odisha, ecommerce executive jobs in , 8th pass recruitment 2022 in ,full time job for 12th pass in rajgangpur, sundergarh, odisha, 10th fail job rajgangpur, sundergarh, odisha"	jobspy						
go-l7zi52yUycvaY1KoAAAAAA==	google	https://jobs-apply.softbaba.com/jobs/delivery-partner-zomato-part-time-jobs/near-me-in/odisha/kalahandi/bhawanipatana.html?utm_campaign=google_jobs_apply&utm_source=google_jobs_apply&utm_medium=organic	Delivery Partner – Zomato Part Time Jobs	Zomato	Bhawanipatna, Odisha	2025-04-17	parttime	False		"Job Description

India’s leading restaurant aggregator recently hiring for Delivery Partner – Zomato Part Time Jobs in bhawanipatana, kalahandi, odisha odisha, ideal candidate should have their own vehicle for delivery food product and smart phone for communicating with centralized team.

Number of position: Not available (Required urgent – first apply first hire basis – Immediate joiners )

Work Location: nearby bhawanipatana, kalahandi, odisha, odisha jobs

Job Title: Zomato Delivery

Salary: 15000 to 32000 L/A (Paid Delivery basis 30 to 60 rupees per package)

Eligibility for Zomato Delivery Partner jobs in bhawanipatana, kalahandi, odisha:
• Firstly, Anyone with smart phone and two wheeler can able to apply for Delivery Partner – Zomato Part Time Jobs in bhawanipatana, kalahandi, odisha odisha.
• Secondly, If someone have working experience with delivery boy is big plus, that might be considered as team leader.
• You must be at least 18 years old to get enrolled.
• Android phone of version 6.0 or higher with at least 2GB of RAM
• A two-wheeler that meets all applicable law and safety requirements
• Driving License, Registration Certificate (RC) and Insurance Certificate

Benefits with Delivery Partner – Zomato Part Time Jobs in bhawanipatana, kalahandi, odisha:
• Get paid Weekly without waiting for anyone.
• Flexible work timings- morning/ afternoon/ evening/ late night.
• Referral Bonus.
• Joining Bonus if applicable.
• Insurance Coverage (10 Lac – Accidental & 1 Lac – Health Insurance)
• Attractive incentives on the go!
• Be on your own boss, build your own schedule.
• You will be working on an earn per delivery model, you will earn for each delivery you make. For more information about this, please visit our nearest onboarding center (or call on helpline number).

Apply for Zomato Job in bhawanipatana, kalahandi, odisha:
• Apply directly online using submit resume button and will get back to you after review your profile on zomato.runnr.in.

Job Role for Zomato Delivery Partner Jobs in bhawanipatana, kalahandi, odisha:
• Firstly, must have android or iOs smart phone in hand.
• Similarly required some knowledge using smart phone with basic funacnalityos.
• most importantly have bike

Tags for job seekers: Fresher jobs near me in bhawanipatana, kalahandi, odisha, 12th pass job in bhawanipatana, kalahandi, odisha odisha, 10th pass jobs near me in bhawanipatana, kalahandi, odisha, Zomato jobs in bhawanipatana, kalahandi, odisha, Zomato delivery boy job in bhawanipatana, kalahandi, odisha, Zomato careers in odisha, Zomato recruitment 2022 in odisha, Part time jobs near me in bhawanipatana, kalahandi, odisha, food delivery boy jobs in bhawanipatana, kalahandi, odisha, food delivery night job in bhawanipatana, kalahandi, odisha, 10th fail job in bhawanipatana, kalahandi, odisha, career update 2022 in odisha"	jobspy						
go-o_TGUI7u0OEhpmYVAAAAAA==	google	https://jobs-apply.softbaba.com/jobs/amazon-flex-jobs-for-freshers/near-me-in/odisha/boudh/harabhnaga.html?utm_campaign=google_jobs_apply&utm_source=google_jobs_apply&utm_medium=organic	Amazon Flex Jobs for Freshers	Amazon	Harabhanga, Odisha	2025-04-17	parttime	False		"Job Description

At Amazon India currently hiring as a 2 wheeler rider in area, ideal candidate should have excellent knowledge of delivery and e-commerce services i.e. logistics, partner delivery, customer satisfaction. meantime refer below description to get apply for Amazon Job in odisha

Post: Courier Delivery / Pickup Boy

Number of position: (Required urgently – first apply first hire basis – Immediate joiners )

Work Location: harabhnaga, boudh, odisha odisha

Job Title: 2 wheeler rider Job near me in

Salary: 15000 to 40000 L/A (Paid Hourly basis 120 to 140 rupees per hour)

Eligibility Criteria of Part time amazon jobs in :
• Firstly, Anyone with mobile phone and two wheeler can able to apply for Amazon Flex Jobs for Freshers in odisha
• Secondly, If someone have working experience with accounting, that might be considered as Sr. Accountant.

Job Role of Part-time Amazon Flex Jobs for Freshers in :
• Firstly, must have android or IOs smart phone
• similarly required some knowledge using smart phone.
• most importantly have bike

Amazon Benefits:
• Great earning i.e. 120 to 140 RS per hour according to current city.
• flexible work hours, pick up and available slots from
• Be on your own boss, build your own schedule.

How to apply for Amazon Flex Jobs for Freshers in :
• Apply directly online using submit resume button and will get back to you after review your profile on the official website of amazon i.e amazon.in/career/

Tags for job seekers: Jobs for fresher nearby , graduate fresher jobs , 12th fail job near me in odisha, 10th pass jobs near me in , Amazon jobs in , Amazon delivery boy job in , amazon courier jobs in , flex careers in odisha, amazon recruitment 2022 in odisha, Part-time amazon jobs in , 8th pass job in"	jobspy						
go-R9_QY8d18V7ZCJDQAAAAAA==	google	https://jobs-apply.softbaba.com/jobs/delivery-associates-executive-jobs/near-me-in/odisha/dhenkanal/kamakshyanagar.html?utm_campaign=google_jobs_apply&utm_source=google_jobs_apply&utm_medium=organic	Delivery Associates –Executive Jobs	Ecom Express	Kamakhyanagar, Odisha	2025-04-17		False		"India’s leading E-commerce company e.i. Ecom Express currently hiring for Delivery Associates – E-Commerce Executive Jobs with below requirement, meantime ideal candidate should have good knowledge of e-commerce services to get serve area.

Job Title: Delivery Associates – E-Commerce Executive Jobs for freshers

Salary: 14820 to 31200 L/A

Number of position: 5 (Required urgent – first apply first hire basis – Immediate joiners )

Eligibility at ECOM Express Job :

• Firstly, Anyone with mobile phone and two wheeler can able to apply for Delivery Associates – E-Commerce Executive Jobs .

• Secondly, If someone have working experience as Delivery Associate for ecommerce company they ll get a first chance to get hire.

• You should have basic knowledge of nearby areas.

• Last, Ready work in field as this is parcel delivery jobs city.

• Required Documents to get join Ecom Express

• Aadhar Card

• PAN Card

• Bank Passbook

• Driving License

• Resume (Not required for Delivery associates jobs)

Job Role for Delivery Associates – E-Commerce Executive Jobs :

• Firstly, Delivering items nearby

• similarly inspecting vehicle for operation

• most importantly driving vehicles through different routes

• resolving clients complaints.

Ecom Express employee Benefits at :

• Great earning i.e. 15-20 K per month

• flexible work hours, pick up and available slots from the list.

• Be on your own boss, build your own schedule.

• Bonus, Per KM extra incentive as a fuel allowance"	jobspy						
go-8gc5XeVrSqfkGoOKAAAAAA==	google	https://jobs-apply.softbaba.com/jobs/amazon-flex-jobs-for-freshers/near-me-in/odisha/sundergarh/balisankara.html?utm_campaign=google_jobs_apply&utm_source=google_jobs_apply&utm_medium=organic	Amazon Flex Jobs for Freshers	Amazon	Balisankara, Odisha	2025-04-17	parttime	False		"Job Description

At Amazon India currently hiring as a 2 wheeler rider in area, ideal candidate should have excellent knowledge of delivery and e-commerce services i.e. logistics, partner delivery, customer satisfaction. meantime refer below description to get apply for Amazon Job in odisha

Post: Courier Delivery / Pickup Boy

Number of position: (Required urgently – first apply first hire basis – Immediate joiners )

Work Location: balisankara, sundergarh, odisha odisha

Job Title: 2 wheeler rider Job near me in

Salary: 15000 to 40000 L/A (Paid Hourly basis 120 to 140 rupees per hour)

Eligibility Criteria of Part time amazon jobs in :
• Firstly, Anyone with mobile phone and two wheeler can able to apply for Amazon Flex Jobs for Freshers in odisha
• Secondly, If someone have working experience with accounting, that might be considered as Sr. Accountant.

Job Role of Part-time Amazon Flex Jobs for Freshers in :
• Firstly, must have android or IOs smart phone
• similarly required some knowledge using smart phone.
• most importantly have bike

Amazon Benefits:
• Great earning i.e. 120 to 140 RS per hour according to current city.
• flexible work hours, pick up and available slots from
• Be on your own boss, build your own schedule.

How to apply for Amazon Flex Jobs for Freshers in :
• Apply directly online using submit resume button and will get back to you after review your profile on the official website of amazon i.e amazon.in/career/

Tags for job seekers: Jobs for fresher nearby , graduate fresher jobs , 12th fail job near me in odisha, 10th pass jobs near me in , Amazon jobs in , Amazon delivery boy job in , amazon courier jobs in , flex careers in odisha, amazon recruitment 2022 in odisha, Part-time amazon jobs in , 8th pass job in"	jobspy						
go-5fyI4duCe37jJBObAAAAAA==	google	https://jobs-apply.softbaba.com/jobs/delivery-partner-zomato-part-time-jobs/near-me-in/odisha/boudh/kantamal.html?utm_campaign=google_jobs_apply&utm_source=google_jobs_apply&utm_medium=organic	Delivery Partner – Zomato Part Time Jobs	Zomato	Kantamal, Odisha	2025-04-17	parttime	False		"Job Description

India’s leading restaurant aggregator recently hiring for Delivery Partner – Zomato Part Time Jobs in kantamal, boudh, odisha odisha, ideal candidate should have their own vehicle for delivery food product and smart phone for communicating with centralized team.

Number of position: Not available (Required urgent – first apply first hire basis – Immediate joiners )

Work Location: nearby kantamal, boudh, odisha, odisha jobs

Job Title: Zomato Delivery

Salary: 15000 to 32000 L/A (Paid Delivery basis 30 to 60 rupees per package)

Eligibility for Zomato Delivery Partner jobs in kantamal, boudh, odisha:
• Firstly, Anyone with smart phone and two wheeler can able to apply for Delivery Partner – Zomato Part Time Jobs in kantamal, boudh, odisha odisha.
• Secondly, If someone have working experience with delivery boy is big plus, that might be considered as team leader.
• You must be at least 18 years old to get enrolled.
• Android phone of version 6.0 or higher with at least 2GB of RAM
• A two-wheeler that meets all applicable law and safety requirements
• Driving License, Registration Certificate (RC) and Insurance Certificate

Benefits with Delivery Partner – Zomato Part Time Jobs in kantamal, boudh, odisha:
• Get paid Weekly without waiting for anyone.
• Flexible work timings- morning/ afternoon/ evening/ late night.
• Referral Bonus.
• Joining Bonus if applicable.
• Insurance Coverage (10 Lac – Accidental & 1 Lac – Health Insurance)
• Attractive incentives on the go!
• Be on your own boss, build your own schedule.
• You will be working on an earn per delivery model, you will earn for each delivery you make. For more information about this, please visit our nearest onboarding center (or call on helpline number).

Apply for Zomato Job in kantamal, boudh, odisha:
• Apply directly online using submit resume button and will get back to you after review your profile on zomato.runnr.in.

Job Role for Zomato Delivery Partner Jobs in kantamal, boudh, odisha:
• Firstly, must have android or iOs smart phone in hand.
• Similarly required some knowledge using smart phone with basic funacnalityos.
• most importantly have bike

Tags for job seekers: Fresher jobs near me in kantamal, boudh, odisha, 12th pass job in kantamal, boudh, odisha odisha, 10th pass jobs near me in kantamal, boudh, odisha, Zomato jobs in kantamal, boudh, odisha, Zomato delivery boy job in kantamal, boudh, odisha, Zomato careers in odisha, Zomato recruitment 2022 in odisha, Part time jobs near me in kantamal, boudh, odisha, food delivery boy jobs in kantamal, boudh, odisha, food delivery night job in kantamal, boudh, odisha, 10th fail job in kantamal, boudh, odisha, career update 2022 in odisha"	jobspy						
go-VBNAHjSQVAJecl-pAAAAAA==	google	https://in.trabajo.org/job-3150-cf34da7ba6778bf469cd21a63c6ec7e9?utm_campaign=google_jobs_apply&utm_source=google_jobs_apply&utm_medium=organic	Aviation Sales Representative	beBee Careers	Cuttack, Odisha	2025-04-09		False		"About the Role
As an Aviation Sales Representative, you will be responsible for promoting our airline's services to customers and generating revenue through ticket sales. You will be working closely with customers to understand their needs and preferences and provide personalized solutions to meet those needs.

Main Responsibilities:
• Selling airline tickets to customers
• Building and maintaining relationships with customers
• Staying up-to-date with industry trends and developments

Essential Skills:
• Good communication and interpersonal skills
• Experience in sales or customer service
• Ability to work in a fast-paced environment"	jobspy						
go-4q9MBb3F2C6H2I9WAAAAAA==	google	https://www.iitjobs.com/job/angular-bhubaneswar-odisha-india-triangle-92750?utm_campaign=google_jobs_apply&utm_source=google_jobs_apply&utm_medium=organic	Angular	Triangle	Bhubaneswar, Odisha	2025-04-28		False		Job Description:Strong in HTML, CSS, JavaScript, Angular 2+, Javascript, Typescript, NgRx, RxJS. (minimum 5 years into Angular experience required) Job Location:Bangalore, Pune, Bhubaneswar Experience:2.8 to 6years Skill:HTML, CSS, JavaScript, Angular 2+, Javascript, Typescript, NgRx, RxJS.	jobspy						
go--Lsr79npfZ29VDIhAAAAAA==	google	https://www.iitjobs.com/job/healthcare-data-analyst-bhubaneswar-odisha-india-scalable-systems-4245?utm_campaign=google_jobs_apply&utm_source=google_jobs_apply&utm_medium=organic	Healthcare Data Analyst	Scalable Systems	Bhubaneswar, Odisha	2025-04-28		False		Job Description: Data analysts are experts with strong understanding of data structures and analysis. They are responsible for ensuring requirements around the accuracy, quality, completeness, and timeliness of data are captured and understood. They work hand in hand with Data Modelers, Data Developers, Data Stewards and Business SMEs to ensure the customer's data needs are accurately captured, understood and delivered. The Data Analyst III leads other data analysts on projects to ensure the development of a plan for and adequate completion of data analysis and design and ensure the quality of data specifications. In addition, the Data Analyst III reviews the work and ensures the quality of the team's deliverables. This role requires analytical skills related to Data Science or Actuarial.Responsibilities:Directly interacts with more senior level internal and external stakeholders (i.e. Managers, Directors, etc.).Act as a subject matter expert in one or more designated data domains.Play a lead role in Data Governance Domain Workgroups as domain SME.Partners with BSG and business to define & document data related requirements, and settle deliverables and deadlines, utilizing negotiation and creativity independently.Lead and provide direction to data analysts.Translate highly complex concepts and conclusions in a clear and concise manner in ways that can be understood by a variety of audiences.Lead and own the analysis of highly complex data sources, identifying trends and patterns in data and make recommendations based on analysis results.Perform root cause analysis on complex data anomalies and working closely data stewards to define best practice.Facilitate review sessions with management, business users and other team members.Direct and review the work of other Data Analysts.Coach and mentor junior analysts.Provide estimates for work efforts on projects.Oversees the creation of data assessments and project deliverables.Development of best practices, guidelines and standards for Data Governance, Data Quality and Data Integration.Qualifications:Education: Requires Bachelor's degree from an accredited college or university, preferably in a Quantitative Field (e.g. Actuarial, Analytics, Data Science, Mathematics, Engineering, Public Health, Data Science Information Systems, Statistics, etc.).MS/MA preferred.Experience:10+ Years of relevant work experience.8+ Years in Data Analysis or data related roles.6+ Years of Healthcare experience.Additional Licensing, Certifications, Registrations.Experience with Healthcare data formats such as X12, HL7, NCPDP, etc.Experience with Industry Data Models such as ADRM, IBM IIW/HPDM or Teradata Healthcare Data Model.Experience with Metadata management processes and tools (Glossary, Lineage, Mapping, etc.).Knowledge of, and experience, with database management system (DBMS) physical implementation, including tables, joins and views, specifically Teradata, Oracle, Greenplum, Vertica, etc.Knowledge of Big Data concepts and platforms such as Hadoop.Knowledge of NoSQL data stores such as MongoDB, Neo4J, Cassandra, Redis, etc.Experience with Data Warehouse and Data Marts.Excellent communication, interpersonal, presentation and facilitation skills.Excellent analytical and critical thinking skills with attention to detail.Proficiency using Query Tools such as AQT, TOAD, etc.Extremely strong SQL skills are required.Proficiency in analysis of very large data sets.Require ability to make decisions regarding data quality problems and make recommendations for higher level audience.Experience with Data Quality & Data Profiling metrics and tools.Knowledge and experience with Data Governance processes, policies and standards.Writing functional/mapping specifications for extracts and reports.Familiarity with the use cases, business purposes and quality of the data.Require the ability to lead multiple tasks.Require excellent organizational and time management skills.Demonstrates the ability to apply structure to a loosely defined problem.Strongly Desired Technical Skills:Informatica Data Analyst or other similar data analysis and profiling tools.Informatica Data Explorer or other similar tools.Master Data Management processes and platforms such as Initiate, Informatica MDM, IBM MDM, etc.Data Federation tools such as Teradata QueryGrid, Composite or Informatica DV.Other DBMS platforms such as Sybase, SQL Server, MS Access.Familiarity with reporting and analytics tools such as SAS, Tableau, Cognos, QlikView,Microstrategy, etc.	jobspy						
go-07taTgKVP00FtMP4AAAAAA==	google	https://www.iitjobs.com/job/lead-qc-manual-bhubaneswar-odisha-india-cozentus-technologies-pvt-ltd-27502?utm_campaign=google_jobs_apply&utm_source=google_jobs_apply&utm_medium=organic	Lead QC - Manual	Cozentus Technologies Pvt Ltd	Bhubaneswar, Odisha	2025-04-28		False		The ideal candidate must possess both manual and automation testing skills, adept at analyzing requirements, planning testing strategies, writing test cases, and liaising with teams and clients. They should have experience setting up automation frameworks, conducting various tests (security, performance), utilizing test management tools, understanding Java development, and working with DevOps tools. Additionally, they should be capable of defining processes, training teams, and working in Agile methodologies. Location: BhubaneswarExperience: 8- 12 years	jobspy						
go-0AUZ5ONV9xEtb6IBAAAAAA==	google	https://www.iitjobs.com/job/network-administrator-routing-protocols-bhubaneswar-odisha-india-fluentgrid-limited-11988?utm_campaign=google_jobs_apply&utm_source=google_jobs_apply&utm_medium=organic	Network Administrator - Routing Protocols	Fluentgrid Limited	Bhubaneswar, Odisha	2025-04-28		False		About the jobThis job is sourced from a job board. Learn MoreWe are looking IT Infra Positions for Data CenterRole : Network AdministratorLocation : BhubaneswarJob DescriptionRequired Skills : Should be able to Design, Install, Modify, Monitor and Maintain the Network and Computer Systems.Exceptional Analytical Skills Are Required to Trouble Shoot Issues and Deliver Secure, Creative, Value-Driven SolutionsEstablishes VPN, LAN, WAN and DMZ Specifications by Conferring With UsersAnalysing Workflow, Access, Information, and Security RequirementsDesigning Router Administration, Including Interface Configuration and Routing Protocols.Continually Improves the Networks by Monitoring and Evaluating Network Performance Issues Including Availability, Utilization, Throughput and Latency; Planning and Executing the SelectionInstallation, Configuration, and Testing of EquipmentDefining Network Policies and Procedures; Establishing Connections and Firewalls.Maintains Inventory of Equipment and Parts as Well as Documentation of Configurations, Standards and Vendor Activities.Protects Organizational Value by Keeping Information Confidential.Accomplishes Organization Goals by Accepting Ownership of Tasks and Requests;Exploring Opportunities to Add Value to Job Accomplishments.In-Depth Understanding of Communication Protocols (Mainly TCP/IP) and Routing Protocols (e.g. BGP, OSPF)Resolve Issues Tiers of Support Have Escalated by Troubleshooting Cloud and Local InfrastructureExperience With Network Diagnostic, Monitoring and Analysis Tools (e.g. SolarWinds Network Tools)Professional Certification (e.g. CCNP, CCNA)	jobspy						
go-OSIiReCugwk3w9qfAAAAAA==	google	https://in.linkedin.com/jobs/view/senior-graphic-designer-at-ame-corporation-4218990706?utm_campaign=google_jobs_apply&utm_source=google_jobs_apply&utm_medium=organic	Senior Graphic Designer	Ame Corporation	Bhubaneswar, Odisha	2025-04-24		False		"Role Description

This is a full-time on-site role for a Senior Graphic Designer located in Bhubaneswar. The Senior Graphic Designer will be responsible for graphics, graphic design, logo design, branding, typography, and other design-related tasks for various projects at AME Corporation and Prime Pay

Qualifications
• Graphics, Graphic Design, and Logo Design skills
• Branding and Typography expertise
• Experience in creating visually appealing designs
• Proficiency in design software such as Adobe Creative Suite
• Strong portfolio demonstrating design skills
• Bachelor's degree in Graphic Design or related field
• Ability to work collaboratively in a fast-paced environment
• Attention to detail and creativity"	jobspy						
go-jPKlNlfBhzSfDHtTAAAAAA==	google	https://www.iitjobs.com/job/senior-qc-engineer-automation-bhubaneswar-odisha-india-cozentus-technologies-pvt-ltd-27505?utm_campaign=google_jobs_apply&utm_source=google_jobs_apply&utm_medium=organic	Senior QC Engineer (Automation)	Cozentus Technologies Pvt Ltd	Bhubaneswar, Odisha	2025-04-23		False		Must have manual and automation testing experience, able to analyse requirements, plan for testing needs of project, write system test cases, interact with teams and clients, plan and execute testing of project. Test management tool usage and integration with automation toolsUnderstanding of development process for Java and related technologies is needed . Location: BhubaneswarExperience: 4-7 years	jobspy						
go-yHC5segLXsWfMPYxAAAAAA==	google	https://www.iitjobs.com/job/sap-sd-functional-consultant-implementation-amp-support-bhubaneswar-odisha-india-rigel-networks-42511?utm_campaign=google_jobs_apply&utm_source=google_jobs_apply&utm_medium=organic	SAP SD Functional Consultant - Implementation & Support	Rigel Networks	Bhubaneswar, Odisha	2025-04-23		False		ResponsibilitiesMinimum Requirements	jobspy						
go-u89OaTlgGEH1hPDYAAAAAA==	google	https://www.iitjobs.com/job/tableau-developerbi-bhubaneswar-odisha-india-bodhtree-consulting-ltd-84699?utm_campaign=google_jobs_apply&utm_source=google_jobs_apply&utm_medium=organic	Tableau Developer(BI)	Bodhtree Consulting Ltd	Bhubaneswar, Odisha	2025-04-22		False		1. Analyze, design, develop, document, test, and deploy BI solutions2. Translate data into meaningful operational insights3. Enhance and support existing solutions4. Translate business needs to technical specifications5. Create engaging visualizations and reports for requested projects6. Maintain and support the analytics platform7. Develop and execute database queries and conduct analyses8. Develop and maintain technical documentation9. Implement best practices for optimum use, performance, and maintainability.	jobspy						
go-le7p3_g65DaZ7652AAAAAA==	google	https://www.iitjobs.com/job/full-stack-software-engineer-bhubaneswar-odisha-india-intersources-inc-81846?utm_campaign=google_jobs_apply&utm_source=google_jobs_apply&utm_medium=organic	Full Stack Software Engineer	InterSources Inc	Bhubaneswar, Odisha	2025-04-22		False		Responsibilities:• Design scalable, resilient, and cost-effective UI and Back-end solutions• Execute Unit Development, Unit Testing, and Integration activities for UI and Back-end functions supporting DSG's Data Privacy and Synthetic Fraud products.• Develop comprehensive design blueprints and documentation, including system diagrams, technical specifications, and implementation plans.• Partner with Sales, Marketing and Product teams on understanding customer requirements and supporting them throughout the sales lifecycle.• Work closely with the Customer Implementation and Support Manager on implementing Data Safeguard products within the customer environment.Qualifications:• Bachelor's degree/Masters/MS in Computer Science, Information Technology, or a related field.• 8+ years of experience developing and testing software applications.• 5+ years of experience using UI based technologies such as JavaScript, React and/or Next JS• 5+ years of experience with scripting languages such as Python, GO, Ruby, PERL• 5+ years of experience with Continuous Integration/Continuous Deployment (CI/CD)• 5+ years of experience using Agile methodology.• 3+ years of experience implementing products at customer sites.• Excellent written and oral communication.• Hands-on experience developing custom file viewers.• Experience with web development frameworks, databases, and version control systems.• Hands-on experience with integrating the front end with the back end using REST API's	jobspy						
go-TN3DmUxv0XliZ62HAAAAAA==	google	https://www.iitjobs.com/job/plsql-developer-bhubaneswar-odisha-india-bodhtree-consulting-ltd-84698?utm_campaign=google_jobs_apply&utm_source=google_jobs_apply&utm_medium=organic	PL/SQL Developer	Bodhtree Consulting Ltd	Bhubaneswar, Odisha	2025-04-22		False		1. Develop, debug, and optimize PL/SQL scripts for data transformation and integration2. Rewriting queries and PL/SQL code to improve efficiency, scalability, and response time3.Write and maintain scripts for data extraction, transformation, and loading (ETL) between various databases and systems.Perform data migration, ensuring data integrity during the process.4. Perform root cause analysis and troubleshoot database issues, including application performance, errors, and system downtime.5.Resolve database-related issues by performing recovery, patching, and upgrading.6. Work closely with other developers, DBAs (Database Administrators), business analysts, and project managers to deliver high-quality solutions.7. Participate in code reviews, peer programming, and provide mentoring to junior developers8.Deep understanding of Oracle Database (version 11g, 12c, or higher), its architecture, and features like tablespaces, indexes, constraints, etc.9.Experience working with Oracle database tools like SQL*Plus, SQL Developer, TOAD, and Oracle Enterprise Manager.	jobspy						
go-Soqfjq3g3NtmcpGLAAAAAA==	google	https://in.linkedin.com/jobs/view/associate-at-nalco-4218931700?utm_campaign=google_jobs_apply&utm_source=google_jobs_apply&utm_medium=organic	Associate	Nalco	Odisha	2025-04-20		False		"Company Description
TATA AIGGENERALINSURANCE.

Role Description

This is a full-time on-site role for an Associate located in Odisha, India. The Associate will be responsible for a variety of tasks, including supporting various projects, conducting research, coordinating with team members, and communicating with clients. The role also involves data entry, report generation, and maintaining accurate records. The Associate will work closely with supervisors to ensure that all tasks are completed efficiently and effectively.

Qualifications
• Strong organizational and time management skills
• Effective communication and interpersonal skills
• Proficiency in data entry and report generation
• Ability to work collaboratively with team members
• Problem-solving skills and attention to detail
• Experience with project coordination and client communication
• Proficiency in Microsoft Office Suite and relevant software tools
• B-Tech in a relevant field or equivalent experience"	jobspy						
go-AiXhf-h4j9DxsPv_AAAAAA==	google	https://in.linkedin.com/jobs/view/business-manager-sales-at-livspace-4217778086?utm_campaign=google_jobs_apply&utm_source=google_jobs_apply&utm_medium=organic	Business Manager - Sales	Livspace	Bhubaneswar, Odisha	2025-04-20	contract	False		"About Us

Livspace is Asia’s largest and fastest-growing omnichannel home interiors and renovation platform. Using its proprietary technology, Livspace provides a one-stop renovation solution for homeowners—from design to managed last mile fulfillment for all rooms in a home. The platform has organized a fragmented industry, bringing together designers, brands, manufacturers, and contractors to enable an eCommerce-like trusted, and predictable experience.

The company launched operations in Bengaluru, India in 2015. Since its inception, Livspace has organized a fragmented industry, bringing together a curated community of designers, brands, manufacturers and contractors. This has resulted in an e-commerce-like trusted and predictable experience for the homeowners. Livspace boasts of a community of 50000+ satisfied customers and over 2000 interior designers.

The company is already the largest employer of interior designers in the country. Livspace currently serves Singapore, Malaysia, Saudi Arabia as well as 30 metro and non-metro areas in India including - Bengaluru, Chennai, Delhi, Noida, Gurgaon, Mumbai, Thane, Pune, Hyderabad, Kolkata, Ahmedabad, Kochi, Jaipur, Lucknow, Indore, Surat, Coimbatore, Mysore, Mangalore, Vizag, Vijayawada.

Livspace has showcased phenomenal growth since its launch, having delivered over 125,000 rooms and selling over 7.5 million SKUs through its platform. The company also delivered 50,000 homes across all our serviceable locations.

The founders - Anuj Srivastava and Ramakant Sharma are former Google and Myntra executives respectively, who are seasoned entrepreneurs and successful angel investors. Livspace’s leadership team combines world-class talent and entrepreneurial experience gathered at some of the best companies in the world.

Livspace has raised around USD 450 million in capital from some of the top global investors including KKR, Ingka Group Investments (part of largest IKEA retailer Ingka Group), TPG Growth, Goldman Sachs, Kharis Capital, Venturi Partners, FFP (Peugeot Group’s Holding Company), EDBI, Bessemer Venture Partners, Jungle Ventures, Helion Ventures and UC-RNT. For more information, please visit: ""https://www.livspace.com/""

Job Description

In the role of a Business Manager - Sales, you will be required to own the sales funnel & drive sales closure. You will need to achieve sales target on projects month on month through a team of 6 to 10 designers.
• Enure sales funnel management to achieve a higher conversion rate output.
• Target and achieve of 12 to 15 projects a month, by ensuring new projects bookings.
• Responsible for Customer Experience & Relationship Management.
• Training designers to esnure sales & enabling them to achieve their targets.

Job Requirement
• Bachelor's Qualification: B-Arch (preferred) | If any other, then with relevant industry exposure.
• 5+ years of relevant work-experience in B2C Business Development and Growth.
• Managerial experience of minimum 12 months leading a team."	jobspy						
go-kR9P4gVt4pMRd_axAAAAAA==	google	https://www.iitjobs.com/job/java-senior-software-developer-bhubaneswar-odisha-india-cozentus-technologies-pvt-ltd-27498?utm_campaign=google_jobs_apply&utm_source=google_jobs_apply&utm_medium=organic	Java Senior Software Developer	Cozentus Technologies Pvt Ltd	Bhubaneswar, Odisha	2025-04-20		False		The responsibilities entail designing software solutions to address security vulnerabilities, contributing to architectural aspects, maintaining technical documentation, advising on secure coding practices, and staying updated with new tools and practices. Proficiency in Java (J2EE), Oracle database, Spring Framework, HTML, CSS, JavaScript, Angular, and Bootstrap is essential.Location: BhubaneswarExperience: 4-7 years	jobspy						
go-6ho4s7ARoqVBOJrLAAAAAA==	google	https://in.linkedin.com/jobs/view/academic-counsellor-in-andhra-pradesh-tamil-nadu-karnataka-odisha-begumpet-rajasthan-maharashtra-telangana-kolkata-hyderabad-raipur-nagpur-at-wemakescholars-4219933594?utm_campaign=google_jobs_apply&utm_source=google_jobs_apply&utm_medium=organic	Academic Counsellor in Andhra Pradesh, Tamil Nadu, Karnataka, Odisha, Begumpet, Rajasthan, Maharashtra, Telangana, Kolkata, Hyderabad, Raipur, Nagpur	WeMakeScholars	Odisha	2025-04-17		False		"Key Responsibilities
• Get trained on the process of scholarship and admission in various countries
• Help students secure admits and scholarships for their higher studies abroad
• Understand student profiles and requirements upon their application
• Shortlist appropriate scholarships and universities for each student
• Write scholarship essays and Statements of Purpose (SOP) for students
• Track and manage deadlines for your portfolio of students
• Interact with students via phone or email, dedicating 3-4 hours a day for calls

About Company: WeMakeScholars is a Hyderabad-based fintech startup specializing in education loans and scholarships. Established seven years ago, we collaborate closely with major banks and NBFCs in India, including SBI, Axis Bank, and ICICI Bank, to simplify the education loan application process for students and parents. While we do not directly provide loans, we ensure a seamless and hassle-free experience. As market leaders in the education finance segment, we currently partner with over 14 financial institutions, a number that continues to grow. Last year, we facilitated the disbursement of approximately 10,000 crore in student loans, and we anticipate even higher volumes this year."	jobspy						
go-Oc1Xmoc-mD1UFCUEAAAAAA==	google	https://www.iitjobs.com/job/business-intelligence-developer-sas-bhubaneswar-odisha-india-scalable-systems-4248?utm_campaign=google_jobs_apply&utm_source=google_jobs_apply&utm_medium=organic	Business Intelligence Developer (SAS)	Scalable Systems	Bhubaneswar, Odisha	2025-04-17		False		Job Description: A SAS Business Intelligence Developer is responsible for performing all phases of reporting; including report design, measure development, data collection, summarization, documentation and validation to support the information needs of analysts, management, staff and providers. The Business Intelligence Developer exercises independent judgment, strong commitment to team work, exceptional customer service while working collaboratively with business users throughout the organization. A Business Intelligence Developer utilizes strong analytical and problem solving skills to accurately interpret and execute business requirements producing meaningful, actionable products. Proficiency with reporting tools, such as Crystal Reports, and database structures and content is needed.Responsibilities:Qualifications:Collaborate with cross functional teams to gather and document BI requirementsAnalyze BI requirements and design/develop Cognos Reporting solutions to support standard reporting, Dashboard and self-service environment.Will be the primary contact for questions about existing reports and DashboardsPerformance tuning to ensure reports function within acceptable parametersCollaborate with stakeholders to define the business layer and presentation layer of the BI Model that is business friendly and supports a self-service environment.Analyze requirements and architect appropriate solutions, with detailed design documentsReview the current architecture and recommend changes as appropriateEnsure documentation is up to dateEducation: Associate's Degree in a Related Field or Bachelor's Degree in a Related Field.Experience:5+ years of experience. Most recent experience must be Business Intelligence focused with at least five years of hands on experience in dashboard and report development using SAS VA and EG.Strong communication skills, with prior experience in requirements gathering and working with SMEs and Stakeholders at various leadership levels.Hands on Framework Manager Dimensional Modeling, Transformer cube, Design and DevelopmentHands on Dashboard, and report development experienceProven experience in scripting (Java Scripting/JQuery) to extend SAS CapabilitiesExcellent performance tuning and trouble shooting skillsEffective verbal, written and interpersonal communicationStrong grasp of relational Database principles, OLTP, OLAP, 3NF, Star-SchemaDemonstrable experience in Dashboards, KPI, Scorecards, mobile, Operational and Business Intelligence Prior experience in leading a BI TeamPreferred:Experience in business areas such as finance, marketing, Healthcare or operations.Computer skills including Windows-based applications (e.g., Word, Excel, PowerPoint, Visio, Outlook, etc) or other online collaborative tools.Knowledge and understanding of database theory and practice, database structures, query languages, and concepts.Experience with one or more reporting tools (e.g. Crystal, Access, SQL, Tableau, SAS, QlikView) used to fill data/information requests. Working knowledge for database applications or reporting tools.Ability to create, manipulate and report from various data sources. Basic analytical, critical thinking, and problem solving abilities.Ability to interpret data, identify trends, and anomalies.Strong communication skills (written and oral). Demonstrated commitment to team work and exceptional customer service.Ability to work in ambiguous situations under pressure.Ability to maintain a professional demeanor and appearance at all times.Ability to manage multiple tasks and track issues on a daily basis.	jobspy						
go-HA9RohELhCVuSUurAAAAAA==	google	https://www.iitjobs.com/job/aiml-software-engineer-bhubaneswar-odisha-india-intersources-inc-81845?utm_campaign=google_jobs_apply&utm_source=google_jobs_apply&utm_medium=organic	AI/ML Software Engineer	InterSources Inc	Bhubaneswar, Odisha	2025-04-17		False		We are currently seeking an experienced AI/ML Engineer to join our dynamic Engineering organization. As a key contributor, you will play a vital role in advancing our suite of products, leveraging your expertise in machine learning to develop and implement cutting-edge solutions.Candidates should also have extensive experience working with customers to implement product solutions within the customers environment (e.g., On Prem or Cloud)Responsibilities:• Develop and implement machine learning models and algorithms in collaboration with the AI/ML team.• Drive data pre-processing, feature engineering, and model evaluation to ensure the accuracy and efficiency of solutions.• Conduct rigorous experiments, analyze results, and provide actionable insights to enhance model performance and effectiveness.• Optimize model performance with large-scale datasets, employing advanced techniques and methodologies.• Spearhead the integration of AI/ML models into our product ecosystem, seamlessly merging them into product features.• Stay abreast of the latest advancements in AI/ML technologies, actively contributing to the team's knowledge base and fostering innovation.• Partner with Sales, Marketing and Product teams on understanding customer requirements and supporting them throughout the sales lifecycle.• Work closely with the Customer Implementation and Support Manager on implementing Data Safeguard products within the customers environment.Qualifications:• Bachelor's or Master's degree in Computer Science, Data Science, or a related field.• 5+ years of hands-on experience in developing, deploying and testing machine learning solutions.• 5+ years of experience with scripting languages such as Python and with machine learning libraries such as TensorFlow, PyTorch, and scikit-learn.• 5+ years of experience with Continuous Integration/Continuous Deployment (CI/CD)• 5+ years of experience using Agile methodology.• 3+ years of experience implementing products at customer sites.• Demonstrated expertise in data pre-processing, feature engineering, and model evaluation techniques	jobspy						
go-aCwS5k9tmMzYfoU1AAAAAA==	google	https://in.linkedin.com/jobs/view/team-leader-at-netambit-4218583253?utm_campaign=google_jobs_apply&utm_source=google_jobs_apply&utm_medium=organic	Team Leader	NetAmbit	Jatni, Odisha	2025-04-16		False	bablu.pathak@netambit.net	"This job is provided by apna.co Process: Gpay

Designation: Team Leader

Company: Netambit ValueFirst Services Pvt Ltd
• Experience: 2-5 years in Team Leader Direct sales/ B2B Sales/ Merchant Acquisition / Retail Sales (Not Stores experience) Telecom Sales/ Digital Payment.

Field sales & Team handling experience is must.

Digital Payments & Telecom Sales Experience Will Be Preferred.
• Only QR+Sound box installation experience candidate share cv

Interested candidate share your Cv bablu.pathak@netambit.net $ 6202572748

Job Responsibilities
• Develop strategy for acquisition of merchants, retailers from various segments.
• Responsible for sourcing, generating; closing new acquisition & activations signing leads.
• Will be managing the team of direct sales people.
• Coach & mentor th…"	jobspy						
go-KTr0zofbUUBXtAbVAAAAAA==	google	https://www.iitjobs.com/job/database-lead-bhubaneswar-odisha-india-cozentus-technologies-pvt-ltd-27507?utm_campaign=google_jobs_apply&utm_source=google_jobs_apply&utm_medium=organic	Database Lead	Cozentus Technologies Pvt Ltd	Bhubaneswar, Odisha	2025-04-16		False		Proficient in MYSQL database with the ability to independently tackle intricate design and development tasks. Capable of comprehending requirements and delivering on database design, queries, stored procedures, triggers, and functions. Skilled in crafting complex SQL queries and business logic, performing database design, and optimizing query and database performance. Strong English communication skills.Location: BhubaneswarExperience: 6-10 years	jobspy						
go-1YDW2GDl7xYN55FPAAAAAA==	google	https://in.linkedin.com/jobs/view/medical-practitioner-at-pvt-hospital-4218356930?utm_campaign=google_jobs_apply&utm_source=google_jobs_apply&utm_medium=organic	Medical Practitioner	Pvt hospital	Puri, Odisha	2025-04-14		False		"Company Description

A reputed super speciality hospital in Puri Odisha

Role Description

This is a full-time on-site role for a Medical Practitioner(MBBS) at Pvt hospital located in Puri. The Medical Practitioner will be responsible for diagnosing and treating patients, prescribing medications, performing medical procedures, and collaborating with other healthcare professionals to provide comprehensive patient care.

Qualifications
• Medical Degree and valid license to practice as a Medical Practitioner
• Strong diagnostic and decision-making skills
• Excellent communication and interpersonal abilities
• Experience in patient care and treatment planning
• Knowledge of electronic medical records systems
• Ability to work in a fast-paced environment
• Icu and casualty experience is a plus
• Good remuneration with hike as per performance.
• 0-2years min experience.

Contact No : 9777547940"	jobspy						
go-I2kgJEOj5hR12ZKFAAAAAA==	google	https://in.linkedin.com/jobs/view/sales-officer-sales-representative-at-balaji-wafers-pvt-ltd-4219879684?utm_campaign=google_jobs_apply&utm_source=google_jobs_apply&utm_medium=organic	Sales Officer / Sales Representative	Balaji Wafers Pvt.Ltd.	Jharsuguda, Odisha	2025-04-13		False	sarveshkumarjha@balajiwafers.com	"Company Description

Balaji Wafers Pvt. Ltd. specializes in manufacturing potato wafers and Indian ethnic snacks like aloosev, moong dal, chana dal, tikha mitha mix under the brand name of ""BALAJI."" The company currently operates two manufacturing units in Gujarat and is expanding into the north and south regions.

Role Description

This is a full-time on-site role for a Sales Officer/Sales Representative located in Jharsuguda. The Sales Officer will be responsible for customer service, lead generation, communication, sales operations, and channel sales on a day-to-day basis.

Qualifications
• Customer Service and Communication skills
• Lead Generation and Sales Operations skills
• Experience in Channel Sales
• Strong interpersonal and negotiation skills
• Ability to work independently and as part of a team
• Previous sales experience is preferred
• Bachelor's degree in Business Administration or related field

Email: sarveshkumarjha@balajiwafers.com"	jobspy						
go-34JpjlrKV4wRibCsAAAAAA==	google	https://in.linkedin.com/jobs/view/security-and-loss-prevention-specialist-inslp-at-amazon-4219803760?utm_campaign=google_jobs_apply&utm_source=google_jobs_apply&utm_medium=organic	Security and Loss Prevention Specialist, INSLP	Amazon	Bhubaneswar, Odisha	2025-04-09		False		"Description

INSLP (Security & Loss Prevention) is hiring an SLP Specialist to support growth of the “SLP MDR Concessions Abuse Program” and help preventing losses via identification of abusive entity. The program is aimed at identifying and eliminating Concessions Abuse while preserving customer trust.

The primary objective of the SLP Specialist is to provide security services, investigation and asset protection in designated area of responsibility, assist in mitigating product loss, and maintain customer satisfaction in accordance with INSLP guidelines and policies. The role is cross-functional and requires deep collaboration and influencing ability with stakeholders from business and corporate functions. SLP Specialist's day-to-day activities involve planning, organizing, coordinating, implementing and executing process and procedures laid down by the organization and the SLP function.

As a part of the SLP MDR Concessions Abuse program, the SLP Specialist is required to deep dive into the Concessions request raised by customer, and conduct end-to-end investigation across customer, DA/network and seller to identify the abusive entity. SLP has outlined frameworks for investigation, and the SLP Specialist is bound to adhere to the investigation guidelines. Along with primarily supporting on Concessions investigations, the SLP Specialist will be required to provide on-ground intel useful in uncovering abuse MOs. In order to ensure network integrity, the SLP Specialist will be required to conduct risk assessment and process audit for the respective sites and work in accordance with the security policies and guidelines.

Key job responsibilities

Security Operation
• Implementation and follow-up of Loss Prevention Plan in MDR Concessions

Audits and Compliance
• Conducting SLP audits and implementing SOPs
• Surprise check and reports at LM (Last Mile) stations
• Keeping the plans and SOPs updated
• Periodical check of documentation
• Adhering to SLAs defined for the SLP MDR Concessions Abuse Program

Process Improvement and Loss Prevention
• Process review, gap analysis and implementation of necessary improvements
• Weekly, monthly and quarterly assessments
• Loss prevention reporting
• Working on feedbacks received from internal and external stakeholders
• Follow up and completion of CAPA
• Recommending loss prevention initiatives based on on-ground intel

Loss Prevention Analysis and Investigation
• Work closely with the SLP and CS teams to analyze the loss trends in MDR Concessions
• Weekly loss trend analysis, identifying defects / abusive entities and working towards loss reduction
• Conduct investigations by working closely with CS and support functions in SLP and Ops
• Meeting the weekly investigation targets and submitting investigation reports
• Sharing RCAs and PTG initiatives on shrink and unmet goals

Basic Qualifications

University degree or equivalent through experience and professional certification
• A minimum of 7-10 years in Security and Loss prevention role, law enforcement or security-related profession
• Extensive and up to date knowledge of Shrink Management and Data Analysis
• Experience in managing or coordinating security investigations of complex nature
• Knowledge of information security processes and systems
• Experience in security auditing

Preferred Qualifications

Loss Prevention experience
• Investigation/Security related certification
• Emergency Response / Crisis Management certification
• Training & Development experience
• Auditing and security investigations experience
• Exposure to MNC culture and dynamics

Our inclusive culture empowers Amazonians to deliver the best results for our customers. If you have a disability and need a workplace accommodation or adjustment during the application and hiring process, including support for the interview or onboarding process, please visit https://amazon.jobs/content/en/how-we-hire/accommodations for more information. If the country/region you’re applying in isn’t listed, please contact your Recruiting Partner.

Company - ATSPL - Odisha - G69

Job ID: A2969734"	jobspy						
go-BSTWMiTW056nziEzAAAAAA==	google	https://in.linkedin.com/jobs/view/sales-officer-senior-sales-officer-at-planet-solutions-4219640148?utm_campaign=google_jobs_apply&utm_source=google_jobs_apply&utm_medium=organic	Sales Officer / Senior Sales Officer	Planet Solutions	Malkangiri, Odisha	2025-04-08	contract	False		"Position : Sales Officer / Senior Sales Officer

Department : Retail Marketing

Experience : Minimum 3 years of experience in Cement / Steel / Building Materials.

Qualification: : Any Graduate

Location : Malkangiri, Odisha

Responsibilities :
• Responsible for selling TMT bars (Primary & Secondary)
• Meeting dealers , masons, contractors & engineers
• Appointing new dealers and enrollment of Engineers, masons & Contractors
• Preparing weekly, monthly, and Yearly to the DSR’s
• Site visits, CRM Reporting and updation
• Payment Follow-up with Dealers
• Conducting influencers meets"	jobspy						
go-m9Dg3rUmkHaTWc-YAAAAAA==	google	https://in.linkedin.com/jobs/view/senior-research-fellow-srf-at-nit-rourkela-at-nit-rourklea-4218086547?utm_campaign=google_jobs_apply&utm_source=google_jobs_apply&utm_medium=organic	Senior Research Fellow (SRF) at NIT Rourkela	NIT -Rourklea	Sundargarh, Odisha	2025-04-07		False	hiremaths@nitrkl.ac.in, hiremaths@nitrkl.ac.in	"Dear All,

Greetings from the Department of Electronics and Communication Engineering, NIT Rourkela.

We are pleased to invite applications for the post of Senior Research Fellow (SRF) under a prestigious research project funded by the Department of Telecommunications (DOT), Government of India, titled:

🎯 “Design and Development of Deep Learning-based Secure Joint Channel Estimation and Feedback Algorithms for 6G”
📌 Key Details:
• Number of Positions: 02
• Duration: Up to December 2027 (subject to project continuation)
• Monthly Fellowship: ₹42,000/-
• Mode of Interview: Offline
• Interview Date: May 20, 2025, 4:00 PM
• Last Date to Apply: May 19, 2025
• Department: Electronics and Communication Engineering, NIT Rourkela
🎓 Eligibility Criteria:
• M.Tech/M.E/MS or equivalent in ECE, EE, CSE, Telecommunication, AI/ML, VLSI, etc.
• Or M.Sc./MCA with valid GATE/NET score
• Or B.Tech/B.E with valid GATE score
• Minimum 60% marks or 6.5/10 CGPA throughout
🧠 Desired Skills:
• Strong background in Signal Processing, Wireless/MIMO Communication, Deep Learning
• Programming proficiency in Python, MATLAB, VHDL/Verilog, etc.
• Exposure to hardware (SDR, FPGA, RF-Soc) and EDA tools preferred

This opportunity also opens avenues for Ph.D. admission, subject to eligibility and institute norms.

Interested candidates may reach out to the PI:

Prof. Shrishailayya M Hiremath

📧 Email: hiremaths@nitrkl.ac.in

We request that you circulate this announcement widely among your networks and encourage eligible candidates to apply.

The application can be found here: https://nitrkl.ac.in/SRICCE/Career

Warm regards,

Prof. Shrishailayya M Hiremath

Department of Electronics and Communication Engineering

National Institute of Technology

Rourkela, PIN - 769008

ORISSA, INDIA

hiremaths@nitrkl.ac.in

Mob:9438503621

Office:0661-2462459"	jobspy						
go-PJaG-DKXbt4znhShAAAAAA==	google	https://in.bebee.com/job/a5f381bff61a124bd0d08839464733b6?utm_campaign=google_jobs_apply&utm_source=google_jobs_apply&utm_medium=organic	Road Construction Project Manager	beBee Careers	Cuttack, Odisha	2025-04-28		False		"• *Job Description:**
• Salary: Competitive salary package.
• Job Title: Site Supervisor (Construction)
• Industry: Road Construction

Responsibilities:
• Oversee the day-to-day operations on construction sites.
• Manage and supervise a team of construction workers.
• Liaise with clients to ensure project timelines are met.

Requirements:
• Diploma in Civil Engineering or equivalent qualification.
• 1-2 years of experience in road construction.
• Excellent communication and leadership skills.

Benefits:
• Fully furnished accommodation at site.
• Adequate compensation package.

Work Environment:
• Odisha (Anywhere)."	jobspy						
go-ecORV8yfRTE5UlgaAAAAAA==	google	https://www.olx.in/item/cook-c2202-full-time-in-chandrasekharpur-bhubaneshwar-iid-1805423012?utm_campaign=google_jobs_apply&utm_source=google_jobs_apply&utm_medium=organic	Looking for Indian Cook	Confidential	Bhubaneswar, Odisha	2025-04-27		False		We are Looking for Chinese & Indian cook FOR OUR RESTAURANT LOCATION NALCO chhak BHUBANESWAR.Should Know Preparation of Fruit Juice Chinese foods-Indian foods.Managing the counter.TIMING 10 AM TO 9 PM. FOOD FREE .ACCOMMODATION FREE..SALARY 10000-12000 PM Only Interested candidates message	jobspy						
go-XfGMpoJY8QTOwsezAAAAAA==	google	https://in.trabajo.org/job-3396-71c1a8ca92ffd6004358c513cffb3722?utm_campaign=google_jobs_apply&utm_source=google_jobs_apply&utm_medium=organic	Master Trainer	CCCCC ( P) LTD	Bhubaneswar, Odisha	2025-04-22		False		"**MASTER TRAINER-ENGLISH(For Govt. of Odisha Dept.)**
• *Qualf
- MA in English with BED.**
• *Experience
- Min 5yrs on Training & Teaching**
• *Location
- FOR ALL Mining Area of Odisha**
• *Gender-Male/Female**
• *Salary**: ₹50,000.00 - ₹80,000.00 per month
• *Benefits**:

- Cell phone reimbursement
- Provident Fund

Schedule:

- Day shift
• *Speak with the employer**
+91 7978175646"	jobspy						
go-zT1N7WQ8mgHSbRXSAAAAAA==	google	https://in.trabajo.org/job-3396-58f75462fc5027765a8933cd384e57c4?utm_campaign=google_jobs_apply&utm_source=google_jobs_apply&utm_medium=organic	Lady Fund Raising Officer for a Ngo	Ayushman Foundation	Bhubaneswar, Odisha	2025-04-22	internship	False		"Must be post graduate social sciences having experinece in Fund raising for CSR activities at least for 3 years and below the age of 40..

Must have exnce in wrting proposal and excellent communicatio skill and presentatio skill.

Desiging fund raiisng events with partnership with corporate and industriers in line with their thematic area.
• *Job Types**: Full-time, Fresher, Internship, Regular / Permanent
• *Salary**: ₹30,000.00 per month
• *Benefits**:

- Cell phone reimbursement

Schedule:

- Day shift

Supplemental pay types:

- Commission pay
- Joining bonus

Ability to commute/relocate:

- Bhubaneswar, Khordha - 751002, Odisha: Reliably commute or planning to relocate before starting work (required)
• *Experience**:

- total work: 1 year (preferred)"	jobspy						
go-WYMGUV3YVpmYk9u8AAAAAA==	google	https://in.trabajo.org/job-3150-35edd574414f4c4ac000c9e8805be8ee?utm_campaign=google_jobs_apply&utm_source=google_jobs_apply&utm_medium=organic	Full Stack Developer Needed	beBee Careers	Bhubaneswar, Odisha	2025-04-14		False		"This is a fantastic opportunity for a full stack developer to join our team and contribute to the development of cutting-edge applications.
Job Description

The ideal candidate will have a strong foundation in software development, with expertise in .Net Core, Entity Framework, SQL, and Web API.
Required Skills and Qualifications
• .Net Core
• Entity Framework
• SQL
• Web API
Benefits

Our company offers a dynamic and fast-paced work environment, opportunities for professional growth, and a comprehensive compensation package."	jobspy						
go-i-5u5YLmQns_rNHpAAAAAA==	google	https://in.trabajo.org/job-3150-7f40a49ede16659c1e752ca5feef2777?utm_campaign=google_jobs_apply&utm_source=google_jobs_apply&utm_medium=organic	Operations Supervisor	beBee Careers	Jajpur, Odisha	2025-04-09		False		"Operations Leader
"">

We are seeking a highly motivated Supervisor to lead our operations team. The ideal candidate will have 3-5 years of experience in operations management, with a focus on safety and compliance.

About the Position
• The successful candidate will be responsible for overseeing operations, ensuring adherence to safety protocols and implementing procedures to minimize risks.
• They will also be expected to maintain accurate records and report any incidents or near-miss events.
• A key aspect of this role is identifying and mitigating potential operational hazards.

Requirements
• Minimum 3-5 years of work experience in a relevant field
• Strong understanding of operational processes and safety protocols
• Excellent communication and organizational skills

Benefits
• Provident Fund

Work Details
• Day shift
• Total work experience: 3 years"	jobspy						
go-uZN9gUE8zAzOgKPlAAAAAA==	google	https://in.trabajo.org/job-3150-74f0d5ac7739eb11b348641d2bee00a8?utm_campaign=google_jobs_apply&utm_source=google_jobs_apply&utm_medium=organic	Basic English Instructor	beBee Careers	Sambalpur, Odisha	2025-04-09		False		"About the Job

The role of Basic English Instructor is a challenging yet rewarding one that requires a high level of dedication and passion for teaching. If you are a motivated and enthusiastic individual who is committed to helping students achieve their full potential, we would love to hear from you.

Key Responsibilities:
• Design and deliver engaging lessons that cater to the needs of diverse learners.
• Use a range of teaching techniques to promote student engagement and motivation.
• Assess student progress and provide constructive feedback.
• Maintain accurate records of student progress and attainment."	jobspy						
go-0AUZ5ONV9xEtb6IBAAAAAA==	google	https://www.iitjobs.com/job/network-administrator-routing-protocols-bhubaneswar-odisha-india-fluentgrid-limited-11988?utm_campaign=google_jobs_apply&utm_source=google_jobs_apply&utm_medium=organic	Network Administrator - Routing Protocols	Fluentgrid Limited	Bhubaneswar, Odisha	2025-04-28		False		About the jobThis job is sourced from a job board. Learn MoreWe are looking IT Infra Positions for Data CenterRole : Network AdministratorLocation : BhubaneswarJob DescriptionRequired Skills : Should be able to Design, Install, Modify, Monitor and Maintain the Network and Computer Systems.Exceptional Analytical Skills Are Required to Trouble Shoot Issues and Deliver Secure, Creative, Value-Driven SolutionsEstablishes VPN, LAN, WAN and DMZ Specifications by Conferring With UsersAnalysing Workflow, Access, Information, and Security RequirementsDesigning Router Administration, Including Interface Configuration and Routing Protocols.Continually Improves the Networks by Monitoring and Evaluating Network Performance Issues Including Availability, Utilization, Throughput and Latency; Planning and Executing the SelectionInstallation, Configuration, and Testing of EquipmentDefining Network Policies and Procedures; Establishing Connections and Firewalls.Maintains Inventory of Equipment and Parts as Well as Documentation of Configurations, Standards and Vendor Activities.Protects Organizational Value by Keeping Information Confidential.Accomplishes Organization Goals by Accepting Ownership of Tasks and Requests;Exploring Opportunities to Add Value to Job Accomplishments.In-Depth Understanding of Communication Protocols (Mainly TCP/IP) and Routing Protocols (e.g. BGP, OSPF)Resolve Issues Tiers of Support Have Escalated by Troubleshooting Cloud and Local InfrastructureExperience With Network Diagnostic, Monitoring and Analysis Tools (e.g. SolarWinds Network Tools)Professional Certification (e.g. CCNP, CCNA)	jobspy						
go-GqBf_yHne9OinfLvAAAAAA==	google	https://www.iitjobs.com/job/cloud-solutions-developer-bhubaneswar-odisha-india-intersources-inc-81842?utm_campaign=google_jobs_apply&utm_source=google_jobs_apply&utm_medium=organic	Cloud Solutions Developer	InterSources Inc	Bhubaneswar, Odisha	2025-04-24		False		We are currently seeking a Cloud Engineer to join our engineering team. You will work with the architecture and development teams to implement and manage cloud-based solutions across multiple platforms including Azure, AWS, and Google Cloud.Responsibilities:• Implement and manage scalable, resilient, and cost-effective cloud environments across various cloud platforms.• Develop and maintain cloud infrastructure components, including virtual networks, storage accounts, virtual machines, and containers.• Assist in the evaluation and recommendation of appropriate cloud services, technologies, and tools to meet product development standards.• Support the implementation of cloud-based solutions, ensuring adherence to product architectural guidelines, security standards, and best practices.• Configure and deploy cloud infrastructure components across multiple platforms.• Implement identity and access management (IAM) solutions and set up authentication mechanisms and security controls.• Monitor and optimize cloud resources to maximize performance, scalability, and cost efficiency.• Implement backup and disaster recovery solutions for cloud-based environments.Minimum Qualifications:• Bachelor’s degree in computer science, Information Technology, or a related field.• 3+ years of experience as a Cloud Engineer with experience across multiple cloud platforms (e.g., Azure, AWS, Google Cloud).• Strong understanding of cloud architecture and security principles. • Knowledge and experience with various operating systems including Linux • Experience with BASH scripting and programming languages such as Python.• Strong experience with cloud deployment methodologies, DevOps practices, continuous integration/continuous deployment (CI/CD) pipelines and Infrastructure-As-Code (IaC) tools such as Terraform.• Familiarity with cloud services such as virtual machines, storage accounts, networking, and security.• Experience with containerization technologies like Docker and Kubernetes.• Basic understanding of API design and security practices including Microservices.• Strong problem-solving skills and ability to work independently as well as part of a team.• Excellent communication and client management skills.Preferred Qualifications:• Knowledge of Configuration Management tools such as Ansible• Knowledge of managing multiples databases including Oracle, Mongo, Postgre and SQL Server• Basic knowledge of VPN technologies such as Sophos• General understanding of Hybrid Environments such as On Premise (in the Data Center) to Cloud (e.g., GCP)• Demonstrated expertise in Linux storage systems	jobspy						
go-HA9RohELhCVuSUurAAAAAA==	google	https://www.iitjobs.com/job/aiml-software-engineer-bhubaneswar-odisha-india-intersources-inc-81845?utm_campaign=google_jobs_apply&utm_source=google_jobs_apply&utm_medium=organic	AI/ML Software Engineer	InterSources Inc	Bhubaneswar, Odisha	2025-04-23		False		We are currently seeking an experienced AI/ML Engineer to join our dynamic Engineering organization. As a key contributor, you will play a vital role in advancing our suite of products, leveraging your expertise in machine learning to develop and implement cutting-edge solutions.Candidates should also have extensive experience working with customers to implement product solutions within the customers environment (e.g., On Prem or Cloud)Responsibilities:• Develop and implement machine learning models and algorithms in collaboration with the AI/ML team.• Drive data pre-processing, feature engineering, and model evaluation to ensure the accuracy and efficiency of solutions.• Conduct rigorous experiments, analyze results, and provide actionable insights to enhance model performance and effectiveness.• Optimize model performance with large-scale datasets, employing advanced techniques and methodologies.• Spearhead the integration of AI/ML models into our product ecosystem, seamlessly merging them into product features.• Stay abreast of the latest advancements in AI/ML technologies, actively contributing to the team's knowledge base and fostering innovation.• Partner with Sales, Marketing and Product teams on understanding customer requirements and supporting them throughout the sales lifecycle.• Work closely with the Customer Implementation and Support Manager on implementing Data Safeguard products within the customers environment.Qualifications:• Bachelor's or Master's degree in Computer Science, Data Science, or a related field.• 5+ years of hands-on experience in developing, deploying and testing machine learning solutions.• 5+ years of experience with scripting languages such as Python and with machine learning libraries such as TensorFlow, PyTorch, and scikit-learn.• 5+ years of experience with Continuous Integration/Continuous Deployment (CI/CD)• 5+ years of experience using Agile methodology.• 3+ years of experience implementing products at customer sites.• Demonstrated expertise in data pre-processing, feature engineering, and model evaluation techniques	jobspy						
go-M-0x9U4mIXRLUUMEAAAAAA==	google	https://www.iitjobs.com/job/senior-business-intelligence-developer-cognos-bhubaneswar-odisha-india-scalable-systems-4246?utm_campaign=google_jobs_apply&utm_source=google_jobs_apply&utm_medium=organic	Senior Business Intelligence Developer (Cognos)	Scalable Systems	Bhubaneswar, Odisha	2025-04-23		False		Job Description: Position requires extensive experience in Business Intelligence with proven skills in working with peers, Subject Matter Experts and the business to help develop the appropriate solutions to empower the business. As a BI Team lead you have advanced Cognos Development skills with expertise/exposure to Tableau or similar tools. You will be responsible for the design, development, and implementation of Business Intelligence (BI) Solutions.Responsibilities:Qualifications:Collaborate with cross functional teams to gather and document BI requirementsAnalyze BI requirements and design/develop Cognos Reporting solutions to support standard reporting, Dashboard and self-service environment.Will be the primary contact for questions about existing reports and DashboardsPerformance tuning to ensure reports function within acceptable parametersCollaborate with stakeholders to define the business layer and presentation layer of the BI Model that is business friendly and supports a self-service environment.Analyze requirements and architect appropriate solutions, with detailed design documentsReview the current architecture and recommend changes as appropriateEnsure documentation is up to dateEducation: Bachelor's Degree in Computer Science or equivalent experience requiredExperience:Bachelor's degree with at least eight years of IS experience. Most recent experience must be Business Intelligence focused with at least five years of hands on experience in dashboard and report development using Cognos.Strong communication skills, with prior experience in requirements gathering and working with SMEs and Stakeholders at various leadership levels.Proficiency with Cognos BI (Preferably 10.2.2) Product Suite (Report Studio, Analysis Studio, Query Studio, Framework Manager, Transformer, workspace advanced)Hands on Framework Manager Dimensional Modeling, Transformer cube, Design and DevelopmentHands on Dashboard, and report development experienceProven experience in scripting (Java Scripting/JQuery) to extend Cognos CapabilitiesExcellent performance tuning and trouble shooting skillsEffective verbal, written and interpersonal communicationStrong grasp of relational Database principles, OLTP, OLAP, 3NF, Star-SchemaDemonstrable experience in Dashboards, KPI, Scorecards, mobile, Operational and Business Intelligence Prior experience in leading a BI TeamPreferred:Advanced query writing skills would be a strong plusPrior experience working with data sourced from JD EdwardsUnderstanding of SOX and Project management principles and conceptsRapid prototyping and agile methodologyCognos Administration experience/familiarityExpertise in Tableau or similar visualization tools	jobspy						
go-u89OaTlgGEH1hPDYAAAAAA==	google	https://www.iitjobs.com/job/tableau-developerbi-bhubaneswar-odisha-india-bodhtree-consulting-ltd-84699?utm_campaign=google_jobs_apply&utm_source=google_jobs_apply&utm_medium=organic	Tableau Developer(BI)	Bodhtree Consulting Ltd	Bhubaneswar, Odisha	2025-04-22		False		1. Analyze, design, develop, document, test, and deploy BI solutions2. Translate data into meaningful operational insights3. Enhance and support existing solutions4. Translate business needs to technical specifications5. Create engaging visualizations and reports for requested projects6. Maintain and support the analytics platform7. Develop and execute database queries and conduct analyses8. Develop and maintain technical documentation9. Implement best practices for optimum use, performance, and maintainability.	jobspy						
go-KTr0zofbUUBXtAbVAAAAAA==	google	https://www.iitjobs.com/job/database-lead-bhubaneswar-odisha-india-cozentus-technologies-pvt-ltd-27507?utm_campaign=google_jobs_apply&utm_source=google_jobs_apply&utm_medium=organic	Database Lead	Cozentus Technologies Pvt Ltd	Bhubaneswar, Odisha	2025-04-22		False		Proficient in MYSQL database with the ability to independently tackle intricate design and development tasks. Capable of comprehending requirements and delivering on database design, queries, stored procedures, triggers, and functions. Skilled in crafting complex SQL queries and business logic, performing database design, and optimizing query and database performance. Strong English communication skills.Location: BhubaneswarExperience: 6-10 years	jobspy						
go-veKJko0nJmlcU0_-AAAAAA==	google	https://www.iitjobs.com/job/software-automation-testing-bhubaneswar-odisha-india-bodhtree-consulting-ltd-84691?utm_campaign=google_jobs_apply&utm_source=google_jobs_apply&utm_medium=organic	Software Automation Testing	Bodhtree Consulting Ltd	Bhubaneswar, Odisha	2025-04-22		False		Mandatory Skills:Mobile Automation : Java, Selenium, Appium* IOS and Android App automation* Framework : Cucumber, TestNG, Maven Framework* Android Studio and XCode, Emulators* DB : Mongo DB, or any other SQL DB knowledge* Manual Mobile testing * GitHub, JIRA* CI/CD : Jenkins or GitHub Actions* Agile Methodology* Device farms - Browser stack or Lambda test or Sauce labsJob Description:· Overall, 8 - 10 years of experience in software testing and test automation· 4+ years of experience in test automation techniques for complexinterdependent programs/projects.· 4+ years of testing experience with mobile apps and test automation cases· Must-Have - Automation with Java, test framework, QA process & tools like Selenium, Jenkins, Maven.· Hands-on experience writing test automation scripts in Java or JS.· Familiarity with test engineering tools such as JUnit, Selenium, Note JS, UnixShell scripting, JMeter, JIRA, Charles Proxy, Android Studio, Xcode, GIT, and SQL.· Experience with Cucumber/Behave, BDD, TestNG testing frameworks.· Demonstrated knowledge of CI/CD tools to integrate the Automation scripts.· Working knowledge of GitHub actions is a plus. · Possess experience in Test Planning, execution, and tracking tool. · Experience with Agile/Scrum methodologies.· Experience with Continuous Integration/Continuous Deploymentmethodologies· In-depth knowledge of test automation using Selenium.Good to Have Skills:* API Automation : Rest Assured* Charles Proxy* JavaScript* Jasmine.	jobspy						
go-07taTgKVP00FtMP4AAAAAA==	google	https://www.iitjobs.com/job/lead-qc-manual-bhubaneswar-odisha-india-cozentus-technologies-pvt-ltd-27502?utm_campaign=google_jobs_apply&utm_source=google_jobs_apply&utm_medium=organic	Lead QC - Manual	Cozentus Technologies Pvt Ltd	Bhubaneswar, Odisha	2025-04-22		False		The ideal candidate must possess both manual and automation testing skills, adept at analyzing requirements, planning testing strategies, writing test cases, and liaising with teams and clients. They should have experience setting up automation frameworks, conducting various tests (security, performance), utilizing test management tools, understanding Java development, and working with DevOps tools. Additionally, they should be capable of defining processes, training teams, and working in Agile methodologies. Location: BhubaneswarExperience: 8- 12 years	jobspy						
go-TN3DmUxv0XliZ62HAAAAAA==	google	https://www.iitjobs.com/job/plsql-developer-bhubaneswar-odisha-india-bodhtree-consulting-ltd-84698?utm_campaign=google_jobs_apply&utm_source=google_jobs_apply&utm_medium=organic	PL/SQL Developer	Bodhtree Consulting Ltd	Bhubaneswar, Odisha	2025-04-22		False		1. Develop, debug, and optimize PL/SQL scripts for data transformation and integration2. Rewriting queries and PL/SQL code to improve efficiency, scalability, and response time3.Write and maintain scripts for data extraction, transformation, and loading (ETL) between various databases and systems.Perform data migration, ensuring data integrity during the process.4. Perform root cause analysis and troubleshoot database issues, including application performance, errors, and system downtime.5.Resolve database-related issues by performing recovery, patching, and upgrading.6. Work closely with other developers, DBAs (Database Administrators), business analysts, and project managers to deliver high-quality solutions.7. Participate in code reviews, peer programming, and provide mentoring to junior developers8.Deep understanding of Oracle Database (version 11g, 12c, or higher), its architecture, and features like tablespaces, indexes, constraints, etc.9.Experience working with Oracle database tools like SQL*Plus, SQL Developer, TOAD, and Oracle Enterprise Manager.	jobspy						
go-AiXhf-h4j9DxsPv_AAAAAA==	google	https://in.linkedin.com/jobs/view/business-manager-sales-at-livspace-4217778086?utm_campaign=google_jobs_apply&utm_source=google_jobs_apply&utm_medium=organic	Business Manager - Sales	Livspace	Bhubaneswar, Odisha	2025-04-20	contract	False		"About Us

Livspace is Asia’s largest and fastest-growing omnichannel home interiors and renovation platform. Using its proprietary technology, Livspace provides a one-stop renovation solution for homeowners—from design to managed last mile fulfillment for all rooms in a home. The platform has organized a fragmented industry, bringing together designers, brands, manufacturers, and contractors to enable an eCommerce-like trusted, and predictable experience.

The company launched operations in Bengaluru, India in 2015. Since its inception, Livspace has organized a fragmented industry, bringing together a curated community of designers, brands, manufacturers and contractors. This has resulted in an e-commerce-like trusted and predictable experience for the homeowners. Livspace boasts of a community of 50000+ satisfied customers and over 2000 interior designers.

The company is already the largest employer of interior designers in the country. Livspace currently serves Singapore, Malaysia, Saudi Arabia as well as 30 metro and non-metro areas in India including - Bengaluru, Chennai, Delhi, Noida, Gurgaon, Mumbai, Thane, Pune, Hyderabad, Kolkata, Ahmedabad, Kochi, Jaipur, Lucknow, Indore, Surat, Coimbatore, Mysore, Mangalore, Vizag, Vijayawada.

Livspace has showcased phenomenal growth since its launch, having delivered over 125,000 rooms and selling over 7.5 million SKUs through its platform. The company also delivered 50,000 homes across all our serviceable locations.

The founders - Anuj Srivastava and Ramakant Sharma are former Google and Myntra executives respectively, who are seasoned entrepreneurs and successful angel investors. Livspace’s leadership team combines world-class talent and entrepreneurial experience gathered at some of the best companies in the world.

Livspace has raised around USD 450 million in capital from some of the top global investors including KKR, Ingka Group Investments (part of largest IKEA retailer Ingka Group), TPG Growth, Goldman Sachs, Kharis Capital, Venturi Partners, FFP (Peugeot Group’s Holding Company), EDBI, Bessemer Venture Partners, Jungle Ventures, Helion Ventures and UC-RNT. For more information, please visit: ""https://www.livspace.com/""

Job Description

In the role of a Business Manager - Sales, you will be required to own the sales funnel & drive sales closure. You will need to achieve sales target on projects month on month through a team of 6 to 10 designers.
• Enure sales funnel management to achieve a higher conversion rate output.
• Target and achieve of 12 to 15 projects a month, by ensuring new projects bookings.
• Responsible for Customer Experience & Relationship Management.
• Training designers to esnure sales & enabling them to achieve their targets.

Job Requirement
• Bachelor's Qualification: B-Arch (preferred) | If any other, then with relevant industry exposure.
• 5+ years of relevant work-experience in B2C Business Development and Growth.
• Managerial experience of minimum 12 months leading a team."	jobspy						
go-kR9P4gVt4pMRd_axAAAAAA==	google	https://www.iitjobs.com/job/java-senior-software-developer-bhubaneswar-odisha-india-cozentus-technologies-pvt-ltd-27498?utm_campaign=google_jobs_apply&utm_source=google_jobs_apply&utm_medium=organic	Java Senior Software Developer	Cozentus Technologies Pvt Ltd	Bhubaneswar, Odisha	2025-04-20		False		The responsibilities entail designing software solutions to address security vulnerabilities, contributing to architectural aspects, maintaining technical documentation, advising on secure coding practices, and staying updated with new tools and practices. Proficiency in Java (J2EE), Oracle database, Spring Framework, HTML, CSS, JavaScript, Angular, and Bootstrap is essential.Location: BhubaneswarExperience: 4-7 years	jobspy						
go-jPKlNlfBhzSfDHtTAAAAAA==	google	https://www.iitjobs.com/job/senior-qc-engineer-automation-bhubaneswar-odisha-india-cozentus-technologies-pvt-ltd-27505?utm_campaign=google_jobs_apply&utm_source=google_jobs_apply&utm_medium=organic	Senior QC Engineer (Automation)	Cozentus Technologies Pvt Ltd	Bhubaneswar, Odisha	2025-04-17		False		Must have manual and automation testing experience, able to analyse requirements, plan for testing needs of project, write system test cases, interact with teams and clients, plan and execute testing of project. Test management tool usage and integration with automation toolsUnderstanding of development process for Java and related technologies is needed . Location: BhubaneswarExperience: 4-7 years	jobspy						
li-4220532751	linkedin	https://www.linkedin.com/jobs/view/4220532751	DM Fashion	Reliance Retail	Baleshwar, Odisha, India		fulltime	False		"**Skills:**
 Digital Marketing Strategy, Social Media Advertising, Content Creation, SEO Optimization, Email Marketing, Influencer Partnerships, Data Analytics, E\-commerce Platforms,
   

  

**Company Overview**
 Reliance Retail is India's largest and fastest\-growing retailer, known for its diverse omni\-channel presence through integrated store concepts and digital commerce platforms. Since its inception in 2006, the company has committed to revolutionizing Indian retail, offering superior quality products and unmatched shopping experiences. With a loyal customer base of over 193 million and a vast network of more than 15,000 stores, Reliance Retail continues to enhance customer value and strengthen its market presence.
   

  

**Job Overview**
 Reliance Retail is seeking a mid\-level professional for the position of DM Fashion. This full\-time role is based in Balasore, Bhadrak, Bhubaneswar, Koraput, and Jeypore. The ideal candidate will possess a strong understanding of digital marketing strategies and be capable of driving our fashion segment through innovative marketing techniques. Join our team to leverage your skills in a collaborative environment, aiming to create impactful strategies that resonate with our customers.
   

  

**Qualifications And Skills**
- Proven expertise in crafting and implementing digital marketing strategies that enhance brand visibility and drive sales.

- Proficiency in social media advertising to engage and expand our customer base across various platforms effectively.

- Strong skills in content creation, ensuring engaging and relevant content that aligns with brand communication.

- Comprehensive knowledge of SEO optimization techniques to improve search engine rankings and website traffic.

- Experience in executing successful email marketing campaigns that nurture leads and maintain customer engagement.

- Ability to establish influencer partnerships to enhance brand credibility and reach wider audiences.

- Competency in data analytics to interpret

- Company Overview

 Reliance Retail is the largest and fastest\-growing retailer in India,, providing offering a diverse omni\-channel presence. Founded in 2006 insights for, the company revolutionizes Indian informed decision retail, serving over 193 million loyal customers with superior quality\-making. growing, Reliance Retail is 7,000 cities, supportedFamiliarity with e\-commerce by a strong team platforms, enhancing user experience and and a robust digital driving online and supply chain infrastructure sales effectively.
   

  

 headquartered in Mumbai and
   

  

 \< maintains astrong\>Roles and Responsibilities\< strong portfoliobr/\>
   

  

 of both own and
   

  

* partner brands.
* Job Overview
* The promote our fashion products and increase DM Fashion market penetration.
* Manage and optimize a full\-time, social media mid\-level position focused on executing accounts to boost engagement digital marketing strategies for and foster a loyal our Fashion division in Balasore, Bhadr customer communityak, Bhub.
* aneswar Create compelling. The successful candidate will leverage digital marketing content that tools to enhance brand presence and resonates with drive sales growth, our target audience and utilizing their supports marketing expertise and creativity to initiatives.
* Implement SEO engage and attract a strategies to wider audience. Applicants should possess strong digital marketing prof enhance ouriciencies, with a online presence background in and make managing integrated campaigns across our fashion products more discoverable.
* various platforms
* Coordinate.
* Qualifications to enhance and Skills brand awareness
* \>Pro
* ficiency in designing andIdentify and collaborate with influencers to implementing digital marketing strategies amplify brand awareness and drive sales to penetrate.
* Analyze marketing data effectively.
* for performanceExperience in managing social metrics, media advertising campaigns, including content providing insights for campaign optimization.
* Ensure all budget management digital marketing efforts align for optimal with overall business objectives and brand standards.
* reach.
* Expertise in content creation, ensuring engaging, relevant, and high\-quality content across all digital platforms.
* Solid understanding and application of SEO optimization techniques to improve search engine rankings and visibility.
* Proficient in executing email marketing campaigns, using data\-driven strategies to enhance engagement and conversion rates.
* Experience in developing and managing influencer partnerships to amplify brand messages and reach new audiences.
* Strong analytical skills with a capability to interpret data analytics to guide marketing strategies and decision\-making.
* Familiarity with e\-commerce platforms and tools to effectively drive online sales and customer acquisition strategies.


**Roles And Responsibilities**
* Develop and implement comprehensive digital marketing strategies for the Fashion division, enhancing online brand visibility.
* Manage social media presence and advertising campaigns across multiple platforms to increase follower engagement and brand reach.
* Create engaging and relevant content to be shared across digital channels, ensuring alignment with overall brand voice and goals.
* Conduct regular SEO audits and implement optimization strategies for enhancing website search engine performance.
* Plan and conduct email marketing campaigns to nurture leads, foster customer loyalty, and drive sales.
* Establish and maintain partnerships with relevant influencers to enhance brand advocacy and message amplification.
* Analyze digital marketing metrics and analytics to assess campaign effectiveness and ROI, adjusting strategies as needed.
* Collaborate with cross\-functional teams to align digital marketing efforts with company objectives and growth targets."	jobspy	https://www.expertia.ai/ril-reliance-retail/job/hiring-dm-fashion-67ee4cf8d1b2125bbf72766b?utm_source=linkedin-feed&easy_apply=true&date-refresh=05/01/2025&urlHash=-0BD	associate	Design, Art/Creative, and Information Technology	Retail	https://in.linkedin.com/company/reliance-retail	https://media.licdn.com/dms/image/v2/C4E0BAQHM_iN30Rgv3w/company-logo_100_100/company-logo_100_100/0/1631307312115?e=2147483647&v=beta&t=0aVIacsATufIRcJR18WUij7uuBU9_zV-BYTJclL5lak
li-4220533736	linkedin	https://www.linkedin.com/jobs/view/4220533736	DM Fashion	Reliance Retail	Bhubaneswar, Odisha, India		fulltime	False		"**Skills:**
 Digital Marketing Strategy, Social Media Advertising, Content Creation, SEO Optimization, Email Marketing, Influencer Partnerships, Data Analytics, E\-commerce Platforms,
   

  

**Company Overview**
 Reliance Retail is India's largest and fastest\-growing retailer, known for its diverse omni\-channel presence through integrated store concepts and digital commerce platforms. Since its inception in 2006, the company has committed to revolutionizing Indian retail, offering superior quality products and unmatched shopping experiences. With a loyal customer base of over 193 million and a vast network of more than 15,000 stores, Reliance Retail continues to enhance customer value and strengthen its market presence.
   

  

**Job Overview**
 Reliance Retail is seeking a mid\-level professional for the position of DM Fashion. This full\-time role is based in Balasore, Bhadrak, Bhubaneswar, Koraput, and Jeypore. The ideal candidate will possess a strong understanding of digital marketing strategies and be capable of driving our fashion segment through innovative marketing techniques. Join our team to leverage your skills in a collaborative environment, aiming to create impactful strategies that resonate with our customers.
   

  

**Qualifications And Skills**
- Proven expertise in crafting and implementing digital marketing strategies that enhance brand visibility and drive sales.

- Proficiency in social media advertising to engage and expand our customer base across various platforms effectively.

- Strong skills in content creation, ensuring engaging and relevant content that aligns with brand communication.

- Comprehensive knowledge of SEO optimization techniques to improve search engine rankings and website traffic.

- Experience in executing successful email marketing campaigns that nurture leads and maintain customer engagement.

- Ability to establish influencer partnerships to enhance brand credibility and reach wider audiences.

- Competency in data analytics to interpret

- Company Overview

 Reliance Retail is the largest and fastest\-growing retailer in India,, providing offering a diverse omni\-channel presence. Founded in 2006 insights for, the company revolutionizes Indian informed decision retail, serving over 193 million loyal customers with superior quality\-making. growing, Reliance Retail is 7,000 cities, supportedFamiliarity with e\-commerce by a strong team platforms, enhancing user experience and and a robust digital driving online and supply chain infrastructure sales effectively.
   

  

 headquartered in Mumbai and
   

  

 \< maintains astrong\>Roles and Responsibilities\< strong portfoliobr/\>
   

  

 of both own and
   

  

* partner brands.
* Job Overview
* The promote our fashion products and increase DM Fashion market penetration.
* Manage and optimize a full\-time, social media mid\-level position focused on executing accounts to boost engagement digital marketing strategies for and foster a loyal our Fashion division in Balasore, Bhadr customer communityak, Bhub.
* aneswar Create compelling. The successful candidate will leverage digital marketing content that tools to enhance brand presence and resonates with drive sales growth, our target audience and utilizing their supports marketing expertise and creativity to initiatives.
* Implement SEO engage and attract a strategies to wider audience. Applicants should possess strong digital marketing prof enhance ouriciencies, with a online presence background in and make managing integrated campaigns across our fashion products more discoverable.
* various platforms
* Coordinate.
* Qualifications to enhance and Skills brand awareness
* \>Pro
* ficiency in designing andIdentify and collaborate with influencers to implementing digital marketing strategies amplify brand awareness and drive sales to penetrate.
* Analyze marketing data effectively.
* for performanceExperience in managing social metrics, media advertising campaigns, including content providing insights for campaign optimization.
* Ensure all budget management digital marketing efforts align for optimal with overall business objectives and brand standards.
* reach.
* Expertise in content creation, ensuring engaging, relevant, and high\-quality content across all digital platforms.
* Solid understanding and application of SEO optimization techniques to improve search engine rankings and visibility.
* Proficient in executing email marketing campaigns, using data\-driven strategies to enhance engagement and conversion rates.
* Experience in developing and managing influencer partnerships to amplify brand messages and reach new audiences.
* Strong analytical skills with a capability to interpret data analytics to guide marketing strategies and decision\-making.
* Familiarity with e\-commerce platforms and tools to effectively drive online sales and customer acquisition strategies.


**Roles And Responsibilities**
* Develop and implement comprehensive digital marketing strategies for the Fashion division, enhancing online brand visibility.
* Manage social media presence and advertising campaigns across multiple platforms to increase follower engagement and brand reach.
* Create engaging and relevant content to be shared across digital channels, ensuring alignment with overall brand voice and goals.
* Conduct regular SEO audits and implement optimization strategies for enhancing website search engine performance.
* Plan and conduct email marketing campaigns to nurture leads, foster customer loyalty, and drive sales.
* Establish and maintain partnerships with relevant influencers to enhance brand advocacy and message amplification.
* Analyze digital marketing metrics and analytics to assess campaign effectiveness and ROI, adjusting strategies as needed.
* Collaborate with cross\-functional teams to align digital marketing efforts with company objectives and growth targets."	jobspy	https://www.expertia.ai/ril-reliance-retail/job/hiring-dm-fashion-67ee4cf8d1b2125bbf72766b?utm_source=linkedin-feed&easy_apply=true&date-refresh=05/01/2025&urlHash=-0BD	associate	Design, Art/Creative, and Information Technology	Retail	https://in.linkedin.com/company/reliance-retail	https://media.licdn.com/dms/image/v2/C4E0BAQHM_iN30Rgv3w/company-logo_100_100/company-logo_100_100/0/1631307312115?e=2147483647&v=beta&t=0aVIacsATufIRcJR18WUij7uuBU9_zV-BYTJclL5lak
li-4220535417	linkedin	https://www.linkedin.com/jobs/view/4220535417	DM Fashion	Reliance Retail	Bhadrak, Odisha, India		fulltime	False		"**Skills:**
 Digital Marketing Strategy, Social Media Advertising, Content Creation, SEO Optimization, Email Marketing, Influencer Partnerships, Data Analytics, E\-commerce Platforms,
   

  

**Company Overview**
 Reliance Retail is India's largest and fastest\-growing retailer, known for its diverse omni\-channel presence through integrated store concepts and digital commerce platforms. Since its inception in 2006, the company has committed to revolutionizing Indian retail, offering superior quality products and unmatched shopping experiences. With a loyal customer base of over 193 million and a vast network of more than 15,000 stores, Reliance Retail continues to enhance customer value and strengthen its market presence.
   

  

**Job Overview**
 Reliance Retail is seeking a mid\-level professional for the position of DM Fashion. This full\-time role is based in Balasore, Bhadrak, Bhubaneswar, Koraput, and Jeypore. The ideal candidate will possess a strong understanding of digital marketing strategies and be capable of driving our fashion segment through innovative marketing techniques. Join our team to leverage your skills in a collaborative environment, aiming to create impactful strategies that resonate with our customers.
   

  

**Qualifications And Skills**
- Proven expertise in crafting and implementing digital marketing strategies that enhance brand visibility and drive sales.

- Proficiency in social media advertising to engage and expand our customer base across various platforms effectively.

- Strong skills in content creation, ensuring engaging and relevant content that aligns with brand communication.

- Comprehensive knowledge of SEO optimization techniques to improve search engine rankings and website traffic.

- Experience in executing successful email marketing campaigns that nurture leads and maintain customer engagement.

- Ability to establish influencer partnerships to enhance brand credibility and reach wider audiences.

- Competency in data analytics to interpret

- Company Overview

 Reliance Retail is the largest and fastest\-growing retailer in India,, providing offering a diverse omni\-channel presence. Founded in 2006 insights for, the company revolutionizes Indian informed decision retail, serving over 193 million loyal customers with superior quality\-making. growing, Reliance Retail is 7,000 cities, supportedFamiliarity with e\-commerce by a strong team platforms, enhancing user experience and and a robust digital driving online and supply chain infrastructure sales effectively.
   

  

 headquartered in Mumbai and
   

  

 \< maintains astrong\>Roles and Responsibilities\< strong portfoliobr/\>
   

  

 of both own and
   

  

* partner brands.
* Job Overview
* The promote our fashion products and increase DM Fashion market penetration.
* Manage and optimize a full\-time, social media mid\-level position focused on executing accounts to boost engagement digital marketing strategies for and foster a loyal our Fashion division in Balasore, Bhadr customer communityak, Bhub.
* aneswar Create compelling. The successful candidate will leverage digital marketing content that tools to enhance brand presence and resonates with drive sales growth, our target audience and utilizing their supports marketing expertise and creativity to initiatives.
* Implement SEO engage and attract a strategies to wider audience. Applicants should possess strong digital marketing prof enhance ouriciencies, with a online presence background in and make managing integrated campaigns across our fashion products more discoverable.
* various platforms
* Coordinate.
* Qualifications to enhance and Skills brand awareness
* \>Pro
* ficiency in designing andIdentify and collaborate with influencers to implementing digital marketing strategies amplify brand awareness and drive sales to penetrate.
* Analyze marketing data effectively.
* for performanceExperience in managing social metrics, media advertising campaigns, including content providing insights for campaign optimization.
* Ensure all budget management digital marketing efforts align for optimal with overall business objectives and brand standards.
* reach.
* Expertise in content creation, ensuring engaging, relevant, and high\-quality content across all digital platforms.
* Solid understanding and application of SEO optimization techniques to improve search engine rankings and visibility.
* Proficient in executing email marketing campaigns, using data\-driven strategies to enhance engagement and conversion rates.
* Experience in developing and managing influencer partnerships to amplify brand messages and reach new audiences.
* Strong analytical skills with a capability to interpret data analytics to guide marketing strategies and decision\-making.
* Familiarity with e\-commerce platforms and tools to effectively drive online sales and customer acquisition strategies.


**Roles And Responsibilities**
* Develop and implement comprehensive digital marketing strategies for the Fashion division, enhancing online brand visibility.
* Manage social media presence and advertising campaigns across multiple platforms to increase follower engagement and brand reach.
* Create engaging and relevant content to be shared across digital channels, ensuring alignment with overall brand voice and goals.
* Conduct regular SEO audits and implement optimization strategies for enhancing website search engine performance.
* Plan and conduct email marketing campaigns to nurture leads, foster customer loyalty, and drive sales.
* Establish and maintain partnerships with relevant influencers to enhance brand advocacy and message amplification.
* Analyze digital marketing metrics and analytics to assess campaign effectiveness and ROI, adjusting strategies as needed.
* Collaborate with cross\-functional teams to align digital marketing efforts with company objectives and growth targets."	jobspy	https://www.expertia.ai/ril-reliance-retail/job/hiring-dm-fashion-67ee4cf8d1b2125bbf72766b?utm_source=linkedin-feed&easy_apply=true&date-refresh=05/01/2025&urlHash=-0BD	associate	Design, Art/Creative, and Information Technology	Retail	https://in.linkedin.com/company/reliance-retail	https://media.licdn.com/dms/image/v2/C4E0BAQHM_iN30Rgv3w/company-logo_100_100/company-logo_100_100/0/1631307312115?e=2147483647&v=beta&t=0aVIacsATufIRcJR18WUij7uuBU9_zV-BYTJclL5lak
li-4220537091	linkedin	https://www.linkedin.com/jobs/view/4220537091	DM Fashion	Reliance Retail	Jeypore, Odisha, India		fulltime	False		"**Skills:**
 Digital Marketing Strategy, Social Media Advertising, Content Creation, SEO Optimization, Email Marketing, Influencer Partnerships, Data Analytics, E\-commerce Platforms,
   

  

**Company Overview**
 Reliance Retail is India's largest and fastest\-growing retailer, known for its diverse omni\-channel presence through integrated store concepts and digital commerce platforms. Since its inception in 2006, the company has committed to revolutionizing Indian retail, offering superior quality products and unmatched shopping experiences. With a loyal customer base of over 193 million and a vast network of more than 15,000 stores, Reliance Retail continues to enhance customer value and strengthen its market presence.
   

  

**Job Overview**
 Reliance Retail is seeking a mid\-level professional for the position of DM Fashion. This full\-time role is based in Balasore, Bhadrak, Bhubaneswar, Koraput, and Jeypore. The ideal candidate will possess a strong understanding of digital marketing strategies and be capable of driving our fashion segment through innovative marketing techniques. Join our team to leverage your skills in a collaborative environment, aiming to create impactful strategies that resonate with our customers.
   

  

**Qualifications And Skills**
- Proven expertise in crafting and implementing digital marketing strategies that enhance brand visibility and drive sales.

- Proficiency in social media advertising to engage and expand our customer base across various platforms effectively.

- Strong skills in content creation, ensuring engaging and relevant content that aligns with brand communication.

- Comprehensive knowledge of SEO optimization techniques to improve search engine rankings and website traffic.

- Experience in executing successful email marketing campaigns that nurture leads and maintain customer engagement.

- Ability to establish influencer partnerships to enhance brand credibility and reach wider audiences.

- Competency in data analytics to interpret

- Company Overview

 Reliance Retail is the largest and fastest\-growing retailer in India,, providing offering a diverse omni\-channel presence. Founded in 2006 insights for, the company revolutionizes Indian informed decision retail, serving over 193 million loyal customers with superior quality\-making. growing, Reliance Retail is 7,000 cities, supportedFamiliarity with e\-commerce by a strong team platforms, enhancing user experience and and a robust digital driving online and supply chain infrastructure sales effectively.
   

  

 headquartered in Mumbai and
   

  

 \< maintains astrong\>Roles and Responsibilities\< strong portfoliobr/\>
   

  

 of both own and
   

  

* partner brands.
* Job Overview
* The promote our fashion products and increase DM Fashion market penetration.
* Manage and optimize a full\-time, social media mid\-level position focused on executing accounts to boost engagement digital marketing strategies for and foster a loyal our Fashion division in Balasore, Bhadr customer communityak, Bhub.
* aneswar Create compelling. The successful candidate will leverage digital marketing content that tools to enhance brand presence and resonates with drive sales growth, our target audience and utilizing their supports marketing expertise and creativity to initiatives.
* Implement SEO engage and attract a strategies to wider audience. Applicants should possess strong digital marketing prof enhance ouriciencies, with a online presence background in and make managing integrated campaigns across our fashion products more discoverable.
* various platforms
* Coordinate.
* Qualifications to enhance and Skills brand awareness
* \>Pro
* ficiency in designing andIdentify and collaborate with influencers to implementing digital marketing strategies amplify brand awareness and drive sales to penetrate.
* Analyze marketing data effectively.
* for performanceExperience in managing social metrics, media advertising campaigns, including content providing insights for campaign optimization.
* Ensure all budget management digital marketing efforts align for optimal with overall business objectives and brand standards.
* reach.
* Expertise in content creation, ensuring engaging, relevant, and high\-quality content across all digital platforms.
* Solid understanding and application of SEO optimization techniques to improve search engine rankings and visibility.
* Proficient in executing email marketing campaigns, using data\-driven strategies to enhance engagement and conversion rates.
* Experience in developing and managing influencer partnerships to amplify brand messages and reach new audiences.
* Strong analytical skills with a capability to interpret data analytics to guide marketing strategies and decision\-making.
* Familiarity with e\-commerce platforms and tools to effectively drive online sales and customer acquisition strategies.


**Roles And Responsibilities**
* Develop and implement comprehensive digital marketing strategies for the Fashion division, enhancing online brand visibility.
* Manage social media presence and advertising campaigns across multiple platforms to increase follower engagement and brand reach.
* Create engaging and relevant content to be shared across digital channels, ensuring alignment with overall brand voice and goals.
* Conduct regular SEO audits and implement optimization strategies for enhancing website search engine performance.
* Plan and conduct email marketing campaigns to nurture leads, foster customer loyalty, and drive sales.
* Establish and maintain partnerships with relevant influencers to enhance brand advocacy and message amplification.
* Analyze digital marketing metrics and analytics to assess campaign effectiveness and ROI, adjusting strategies as needed.
* Collaborate with cross\-functional teams to align digital marketing efforts with company objectives and growth targets."	jobspy	https://www.expertia.ai/ril-reliance-retail/job/hiring-dm-fashion-67ee4cf8d1b2125bbf72766b?utm_source=linkedin-feed&easy_apply=true&date-refresh=05/01/2025&urlHash=-0BD	associate	Design, Art/Creative, and Information Technology	Retail	https://in.linkedin.com/company/reliance-retail	https://media.licdn.com/dms/image/v2/C4E0BAQHM_iN30Rgv3w/company-logo_100_100/company-logo_100_100/0/1631307312115?e=2147483647&v=beta&t=0aVIacsATufIRcJR18WUij7uuBU9_zV-BYTJclL5lak
li-4220534603	linkedin	https://www.linkedin.com/jobs/view/4220534603	DM Fashion	Reliance Retail	Koraput, Odisha, India		fulltime	False		"**Skills:**
 Digital Marketing Strategy, Social Media Advertising, Content Creation, SEO Optimization, Email Marketing, Influencer Partnerships, Data Analytics, E\-commerce Platforms,
   

  

**Company Overview**
 Reliance Retail is India's largest and fastest\-growing retailer, known for its diverse omni\-channel presence through integrated store concepts and digital commerce platforms. Since its inception in 2006, the company has committed to revolutionizing Indian retail, offering superior quality products and unmatched shopping experiences. With a loyal customer base of over 193 million and a vast network of more than 15,000 stores, Reliance Retail continues to enhance customer value and strengthen its market presence.
   

  

**Job Overview**
 Reliance Retail is seeking a mid\-level professional for the position of DM Fashion. This full\-time role is based in Balasore, Bhadrak, Bhubaneswar, Koraput, and Jeypore. The ideal candidate will possess a strong understanding of digital marketing strategies and be capable of driving our fashion segment through innovative marketing techniques. Join our team to leverage your skills in a collaborative environment, aiming to create impactful strategies that resonate with our customers.
   

  

**Qualifications And Skills**
- Proven expertise in crafting and implementing digital marketing strategies that enhance brand visibility and drive sales.

- Proficiency in social media advertising to engage and expand our customer base across various platforms effectively.

- Strong skills in content creation, ensuring engaging and relevant content that aligns with brand communication.

- Comprehensive knowledge of SEO optimization techniques to improve search engine rankings and website traffic.

- Experience in executing successful email marketing campaigns that nurture leads and maintain customer engagement.

- Ability to establish influencer partnerships to enhance brand credibility and reach wider audiences.

- Competency in data analytics to interpret

- Company Overview

 Reliance Retail is the largest and fastest\-growing retailer in India,, providing offering a diverse omni\-channel presence. Founded in 2006 insights for, the company revolutionizes Indian informed decision retail, serving over 193 million loyal customers with superior quality\-making. growing, Reliance Retail is 7,000 cities, supportedFamiliarity with e\-commerce by a strong team platforms, enhancing user experience and and a robust digital driving online and supply chain infrastructure sales effectively.
   

  

 headquartered in Mumbai and
   

  

 \< maintains astrong\>Roles and Responsibilities\< strong portfoliobr/\>
   

  

 of both own and
   

  

* partner brands.
* Job Overview
* The promote our fashion products and increase DM Fashion market penetration.
* Manage and optimize a full\-time, social media mid\-level position focused on executing accounts to boost engagement digital marketing strategies for and foster a loyal our Fashion division in Balasore, Bhadr customer communityak, Bhub.
* aneswar Create compelling. The successful candidate will leverage digital marketing content that tools to enhance brand presence and resonates with drive sales growth, our target audience and utilizing their supports marketing expertise and creativity to initiatives.
* Implement SEO engage and attract a strategies to wider audience. Applicants should possess strong digital marketing prof enhance ouriciencies, with a online presence background in and make managing integrated campaigns across our fashion products more discoverable.
* various platforms
* Coordinate.
* Qualifications to enhance and Skills brand awareness
* \>Pro
* ficiency in designing andIdentify and collaborate with influencers to implementing digital marketing strategies amplify brand awareness and drive sales to penetrate.
* Analyze marketing data effectively.
* for performanceExperience in managing social metrics, media advertising campaigns, including content providing insights for campaign optimization.
* Ensure all budget management digital marketing efforts align for optimal with overall business objectives and brand standards.
* reach.
* Expertise in content creation, ensuring engaging, relevant, and high\-quality content across all digital platforms.
* Solid understanding and application of SEO optimization techniques to improve search engine rankings and visibility.
* Proficient in executing email marketing campaigns, using data\-driven strategies to enhance engagement and conversion rates.
* Experience in developing and managing influencer partnerships to amplify brand messages and reach new audiences.
* Strong analytical skills with a capability to interpret data analytics to guide marketing strategies and decision\-making.
* Familiarity with e\-commerce platforms and tools to effectively drive online sales and customer acquisition strategies.


**Roles And Responsibilities**
* Develop and implement comprehensive digital marketing strategies for the Fashion division, enhancing online brand visibility.
* Manage social media presence and advertising campaigns across multiple platforms to increase follower engagement and brand reach.
* Create engaging and relevant content to be shared across digital channels, ensuring alignment with overall brand voice and goals.
* Conduct regular SEO audits and implement optimization strategies for enhancing website search engine performance.
* Plan and conduct email marketing campaigns to nurture leads, foster customer loyalty, and drive sales.
* Establish and maintain partnerships with relevant influencers to enhance brand advocacy and message amplification.
* Analyze digital marketing metrics and analytics to assess campaign effectiveness and ROI, adjusting strategies as needed.
* Collaborate with cross\-functional teams to align digital marketing efforts with company objectives and growth targets."	jobspy	https://www.expertia.ai/ril-reliance-retail/job/hiring-dm-fashion-67ee4cf8d1b2125bbf72766b?utm_source=linkedin-feed&easy_apply=true&date-refresh=05/01/2025&urlHash=-0BD	associate	Design, Art/Creative, and Information Technology	Retail	https://in.linkedin.com/company/reliance-retail	https://media.licdn.com/dms/image/v2/C4E0BAQHM_iN30Rgv3w/company-logo_100_100/company-logo_100_100/0/1631307312115?e=2147483647&v=beta&t=0aVIacsATufIRcJR18WUij7uuBU9_zV-BYTJclL5lak
li-4217778088	linkedin	https://www.linkedin.com/jobs/view/4217778088	Business Manager - Design	Livspace	Bhubaneswar, Odisha, India		fulltime	False		"**About Us**
 Livspace is Asia’s largest and fastest\-growing omnichannel home interiors and renovation platform. Using its proprietary technology, Livspace provides a one\-stop renovation solution for homeowners—from design to managed last mile fulfillment for all rooms in a home. The platform has organized a fragmented industry, bringing together designers, brands, manufacturers, and contractors to enable an eCommerce\-like trusted, and predictable experience.
   

  

 The company launched operations in Bengaluru, India in 2015\. Since its inception, Livspace has organized a fragmented industry, bringing together a curated community of designers, brands, manufacturers and contractors. This has resulted in an e\-commerce\-like trusted and predictable experience for the homeowners. Livspace boasts of a community of 50000\+ satisfied customers and over 2000 interior designers.
   

  

 The company is already the largest employer of interior designers in the country. Livspace currently serves Singapore, Malaysia, Saudi Arabia as well as 30 metro and non\-metro areas in India including \- Bengaluru, Chennai, Delhi, Noida, Gurgaon, Mumbai, Thane, Pune, Hyderabad, Kolkata, Ahmedabad, Kochi, Jaipur, Lucknow, Indore, Surat, Coimbatore, Mysore, Mangalore, Vizag, Vijayawada.
   

  

 Livspace has showcased phenomenal growth since its launch, having delivered over 125,000 rooms and selling over 7\.5 million SKUs through its platform. The company also delivered 50,000 homes across all our serviceable locations.
   

  

 The founders \- Anuj Srivastava and Ramakant Sharma are former Google and Myntra executives respectively, who are seasoned entrepreneurs and successful angel investors. Livspace’s leadership team combines world\-class talent and entrepreneurial experience gathered at some of the best companies in the world.
   

  

 Livspace has raised around USD 450 million in capital from some of the top global investors including KKR, Ingka Group Investments (part of largest IKEA retailer Ingka Group), TPG Growth, Goldman Sachs, Kharis Capital, Venturi Partners, FFP (Peugeot Group’s Holding Company), EDBI, Bessemer Venture Partners, Jungle Ventures, Helion Ventures and UC\-RNT. For more information, please visit: ""https://www.livspace.com/""
   

  

**Job Description**
 As a Business Manager \- Design, you are responsible for managing the designing for projects month\-on\-month, through a team of designers. You will ensure their productivity \& work output by imparting required trainings and leading discussions on designs.
   

  

* Manage designing of 12 to 15 projects month\-on\-month.
* Ensuring work output of a Team of 6 to 10 Designers.
* Drive Customer experience \& Relationship Management.
* Ensure output on design Net Promoter Survey (Customer rating).
* Training designers on technical details and managing/ leading design discussions.


 Job Requirement
   

  

* B.Arch, B.Interior Design \| Masters/Specialization: Construction Planning Management, MBA, Design Management.
* 3\+ years of relevant experience as an Interior Designer/ Project Manager.
* Led and delivered minimum 10 Residential/Interior projects (end to end Project Management)"	jobspy	https://livspace.sensehq.com/careers/jobs/59461&urlHash=LVIR	mid-senior level	Design, Art/Creative, and Information Technology	Interior Design	https://in.linkedin.com/company/livspace	https://media.licdn.com/dms/image/v2/C4D0BAQH3FQB6L_BhjA/company-logo_100_100/company-logo_100_100/0/1679385176826/livspace_logo?e=2147483647&v=beta&t=H8mX-6cDVPCrJ06A0iKQjj33zBGSF2WhrqgY8VH7Oco
li-4217780050	linkedin	https://www.linkedin.com/jobs/view/4217780050	Business Manager - Design	Livspace	Bhubaneswar, Odisha, India		fulltime	False		"**About Us**
 Livspace is Asia’s largest and fastest\-growing omnichannel home interiors and renovation platform. Using its proprietary technology, Livspace provides a one\-stop renovation solution for homeowners—from design to managed last mile fulfillment for all rooms in a home. The platform has organized a fragmented industry, bringing together designers, brands, manufacturers, and contractors to enable an eCommerce\-like trusted, and predictable experience.
   

  

 The company launched operations in Bengaluru, India in 2015\. Since its inception, Livspace has organized a fragmented industry, bringing together a curated community of designers, brands, manufacturers and contractors. This has resulted in an e\-commerce\-like trusted and predictable experience for the homeowners. Livspace boasts of a community of 50000\+ satisfied customers and over 2000 interior designers.
   

  

 The company is already the largest employer of interior designers in the country. Livspace currently serves Singapore, Malaysia, Saudi Arabia as well as 30 metro and non\-metro areas in India including \- Bengaluru, Chennai, Delhi, Noida, Gurgaon, Mumbai, Thane, Pune, Hyderabad, Kolkata, Ahmedabad, Kochi, Jaipur, Lucknow, Indore, Surat, Coimbatore, Mysore, Mangalore, Vizag, Vijayawada.
   

  

 Livspace has showcased phenomenal growth since its launch, having delivered over 125,000 rooms and selling over 7\.5 million SKUs through its platform. The company also delivered 50,000 homes across all our serviceable locations.
   

  

 The founders \- Anuj Srivastava and Ramakant Sharma are former Google and Myntra executives respectively, who are seasoned entrepreneurs and successful angel investors. Livspace’s leadership team combines world\-class talent and entrepreneurial experience gathered at some of the best companies in the world.
   

  

 Livspace has raised around USD 450 million in capital from some of the top global investors including KKR, Ingka Group Investments (part of largest IKEA retailer Ingka Group), TPG Growth, Goldman Sachs, Kharis Capital, Venturi Partners, FFP (Peugeot Group’s Holding Company), EDBI, Bessemer Venture Partners, Jungle Ventures, Helion Ventures and UC\-RNT. For more information, please visit: ""https://www.livspace.com/""
   

  

**Job Description**
 A Business Manager \- Design will be responsible for managing the designing for 12 to 15 projects month\-on\-month through a team of 6 to 10 designers. The output of which would be achieved through managing their design productivity, imparting required trainings and design discussions.
   

  

* Managing Designing Projects.
* Managing and ensuring the productivity and work output of a Team of Designers.
* Customer Experience \& Relationship Management.
* Ensuring output on design Net Promoter Survey (Customner rating).
* Training designers on technical details (wherever required).
* Managing/ leading design discussions.


 Job Requirement
   

  

* Bachelors Qualification preferably B.Arch, B.Interior Design.
* Masters/ Specialization: Construction Planning Management,MBA, Design Management.
* 3\+ years' experience as an Interior Designer/ Project Manager.
* Led and delivered a minimum of 10 Residential/Interior projects (end to end project management)."	jobspy	https://livspace.sensehq.com/careers/jobs/60618&urlHash=yfd2	mid-senior level	Design, Art/Creative, and Information Technology	Interior Design	https://in.linkedin.com/company/livspace	https://media.licdn.com/dms/image/v2/C4D0BAQH3FQB6L_BhjA/company-logo_100_100/company-logo_100_100/0/1679385176826/livspace_logo?e=2147483647&v=beta&t=H8mX-6cDVPCrJ06A0iKQjj33zBGSF2WhrqgY8VH7Oco
li-4217778086	linkedin	https://www.linkedin.com/jobs/view/4217778086	Business Manager - Sales	Livspace	Bhubaneswar, Odisha, India		fulltime	False		"**About Us**
 Livspace is Asia’s largest and fastest\-growing omnichannel home interiors and renovation platform. Using its proprietary technology, Livspace provides a one\-stop renovation solution for homeowners—from design to managed last mile fulfillment for all rooms in a home. The platform has organized a fragmented industry, bringing together designers, brands, manufacturers, and contractors to enable an eCommerce\-like trusted, and predictable experience.
   

  

 The company launched operations in Bengaluru, India in 2015\. Since its inception, Livspace has organized a fragmented industry, bringing together a curated community of designers, brands, manufacturers and contractors. This has resulted in an e\-commerce\-like trusted and predictable experience for the homeowners. Livspace boasts of a community of 50000\+ satisfied customers and over 2000 interior designers.
   

  

 The company is already the largest employer of interior designers in the country. Livspace currently serves Singapore, Malaysia, Saudi Arabia as well as 30 metro and non\-metro areas in India including \- Bengaluru, Chennai, Delhi, Noida, Gurgaon, Mumbai, Thane, Pune, Hyderabad, Kolkata, Ahmedabad, Kochi, Jaipur, Lucknow, Indore, Surat, Coimbatore, Mysore, Mangalore, Vizag, Vijayawada.
   

  

 Livspace has showcased phenomenal growth since its launch, having delivered over 125,000 rooms and selling over 7\.5 million SKUs through its platform. The company also delivered 50,000 homes across all our serviceable locations.
   

  

 The founders \- Anuj Srivastava and Ramakant Sharma are former Google and Myntra executives respectively, who are seasoned entrepreneurs and successful angel investors. Livspace’s leadership team combines world\-class talent and entrepreneurial experience gathered at some of the best companies in the world.
   

  

 Livspace has raised around USD 450 million in capital from some of the top global investors including KKR, Ingka Group Investments (part of largest IKEA retailer Ingka Group), TPG Growth, Goldman Sachs, Kharis Capital, Venturi Partners, FFP (Peugeot Group’s Holding Company), EDBI, Bessemer Venture Partners, Jungle Ventures, Helion Ventures and UC\-RNT. For more information, please visit: ""https://www.livspace.com/""
   

  

**Job Description**
 In the role of a Business Manager \- Sales, you will be required to own the sales funnel \& drive sales closure. You will need to achieve sales target on projects month on month through a team of 6 to 10 designers.
   

  

* Enure sales funnel management to achieve a higher conversion rate output.
* Target and achieve of 12 to 15 projects a month, by ensuring new projects bookings.
* Responsible for Customer Experience \& Relationship Management.
* Training designers to esnure sales \& enabling them to achieve their targets.


 Job Requirement
   

  

* Bachelor's Qualification: B\-Arch (preferred) \| If any other, then with relevant industry exposure.
* 5\+ years of relevant work\-experience in B2C Business Development and Growth.
* Managerial experience of minimum 12 months leading a team."	jobspy	https://livspace.sensehq.com/careers/jobs/60724&urlHash=Smzs	mid-senior level	Sales and Business Development	Interior Design	https://in.linkedin.com/company/livspace	https://media.licdn.com/dms/image/v2/C4D0BAQH3FQB6L_BhjA/company-logo_100_100/company-logo_100_100/0/1679385176826/livspace_logo?e=2147483647&v=beta&t=H8mX-6cDVPCrJ06A0iKQjj33zBGSF2WhrqgY8VH7Oco
li-4217776461	linkedin	https://www.linkedin.com/jobs/view/4217776461	Validation Lead	Livspace	Bhubaneswar, Odisha, India		fulltime	False		"**About Us**
 Livspace is Asia’s largest and fastest\-growing omnichannel home interiors and renovation platform. Using its proprietary technology, Livspace provides a one\-stop renovation solution for homeowners—from design to managed last mile fulfillment for all rooms in a home. The platform has organized a fragmented industry, bringing together designers, brands, manufacturers, and contractors to enable an eCommerce\-like trusted, and predictable experience.
   

  

 The company launched operations in Bengaluru, India in 2015\. Since its inception, Livspace has organized a fragmented industry, bringing together a curated community of designers, brands, manufacturers and contractors. This has resulted in an e\-commerce\-like trusted and predictable experience for the homeowners. Livspace boasts of a community of 50000\+ satisfied customers and over 2000 interior designers.
   

  

 The company is already the largest employer of interior designers in the country. Livspace currently serves Singapore, Malaysia, Saudi Arabia as well as 30 metro and non\-metro areas in India including \- Bengaluru, Chennai, Delhi, Noida, Gurgaon, Mumbai, Thane, Pune, Hyderabad, Kolkata, Ahmedabad, Kochi, Jaipur, Lucknow, Indore, Surat, Coimbatore, Mysore, Mangalore, Vizag, Vijayawada.
   

  

 Livspace has showcased phenomenal growth since its launch, having delivered over 125,000 rooms and selling over 7\.5 million SKUs through its platform. The company also delivered 50,000 homes across all our serviceable locations.
   

  

 The founders \- Anuj Srivastava and Ramakant Sharma are former Google and Myntra executives respectively, who are seasoned entrepreneurs and successful angel investors. Livspace’s leadership team combines world\-class talent and entrepreneurial experience gathered at some of the best companies in the world.
   

  

 Livspace has raised around USD 450 million in capital from some of the top global investors including KKR, Ingka Group Investments (part of largest IKEA retailer Ingka Group), TPG Growth, Goldman Sachs, Kharis Capital, Venturi Partners, FFP (Peugeot Group’s Holding Company), EDBI, Bessemer Venture Partners, Jungle Ventures, Helion Ventures and UC\-RNT. For more information, please visit: ""https://www.livspace.com/""
   

  

**Job Description**
 A Validation Lead offers solutions on both modular and services scope of work. While modulars are handled by our dedicated vendors across the country, services are delivered through a curated marketplace of Livspace\-certified contractor partners and an in\-house contracting team. To ensure we are providing the right inputs to our vendor partners and the right inputs are captured from the customers , we have a team who handles the following responsibilities :
   

  

* Validate drawings, BOQ \& site.
* Understand drawings of all disciplines (Modular \& Non\-modular KWS, furniture, civil, electrical, plumbing,etc) and verify quantities of each line item in the BOQ.
* Identify design discrepancies and foresee execution risk.
* Highlight the missing line items in the BOQ.
* Finalize BOQ after clarifying design discrepancies and a thorough validation at site.
* Provide error free validation reports within the provided SLA.


 Job Requirement
   

  

* Diploma/ B. Tech. in Civil Engineering or Architecture.
* 3\+ years of contracting experience (1 yr execution \+ 2 yr QS) in residential/commercial projects.
* Ability to assess design feasibility, visualize on\-site conditions and foresee execution risks.
* Proactive and capable of prioritizing work.
* Extremely high level of ownership.
* High learning aptitude.
* Good communication skills – Verbal \& Written."	jobspy	https://livspace.sensehq.com/careers/jobs/54927&urlHash=j42m	mid-senior level	Quality Assurance	Interior Design	https://in.linkedin.com/company/livspace	https://media.licdn.com/dms/image/v2/C4D0BAQH3FQB6L_BhjA/company-logo_100_100/company-logo_100_100/0/1679385176826/livspace_logo?e=2147483647&v=beta&t=H8mX-6cDVPCrJ06A0iKQjj33zBGSF2WhrqgY8VH7Oco
go-XUaQooa9WVseJEt7AAAAAA==	google	https://in.bebee.com/job/dd16d8d941bb83003952da92ea2a9c73?utm_campaign=google_jobs_apply&utm_source=google_jobs_apply&utm_medium=organic	Site Operations Manager	beBee Careers	Cuttack, Odisha	2025-04-28		False		"Job Description

We are seeking a skilled site supervisor to oversee the day-to-day operations on our construction site. The successful candidate will have experience in loading and unloading materials, as well as overseeing the overall construction process.
Responsibilities:
• Loading and unloading materials
• Overseeing the day-to-day operations of the construction site
• Ensuring compliance with safety regulations
Requirements

To be successful in this role, you will need:
• A minimum of 1-2 years of experience in construction, preferably in road or highway construction
• Excellent communication and leadership skills
• Ability to work well under pressure
Benefits

We offer a range of benefits to our employees, including:
• On-site accommodation
• A competitive salary and benefits package"	jobspy						
go-B7jacqvG5GiYDKadAAAAAA==	google	https://en-in.whatjobs.com/gfj/124001289?utm_campaign=google_jobs_apply&utm_source=google_jobs_apply&utm_medium=organic	Data Scientist	TENCYS	Odisha	2025-04-17		False		"Data Scientist

Uni Tencys Systems Private Limited IN

Experience Required: 3+ Years

Location: Bhubaneshwar, Orissa

Employment Type: Full-Time

Job Summary

We are seeking a skilled Data Scientist to join our team in a strategic partnership with Hindalco Industries at their Sambalpur plant. This role offers the opportunity to apply advanced data science techniques and Azure Machine Learning services to drive innovation and operational efficiency in an industrial setting.

Key Responsibilities

- Develop, deploy, and maintain machine learning models using Azure Machine Learning Studio and Azure ML SDK.
- Conduct comprehensive data analysis, including data preparation, exploratory data analysis, and statistical modeling.
- Collaborate with cross-functional teams to understand business requirements and translate them into data-driven solutions.
- Communicate complex analytical findings clearly and effectively to both technical and non-technical stakeholders.

Basic Requirements

- Minimum of 3 years of experience in data science or a related field.
- Proficiency in Python and/or R for data analysis and machine learning.
- Hands-on experience with Azure Machine Learning services.
- Strong understanding of statistical analysis and machine learning algorithms.
- Excellent communication skills, with the ability to convey complex information clearly."	jobspy						
go-BBEdKAgLBjGnytqyAAAAAA==	google	https://in.trabajo.org/job-3150-aaa4c27037bc980f5f9f45b9210270b9?utm_campaign=google_jobs_apply&utm_source=google_jobs_apply&utm_medium=organic	Predictive Analytics Specialist	beBee Careers	Bhubaneswar, Odisha	2025-04-16		False		"About the Role
\

We are seeking a highly skilled and experienced data scientist to work on complex business challenges and drive innovation through data science and machine learning techniques.
\\

The ideal candidate will have a strong background in predictive analytics, data mining, and optimization methods, with hands-on experience in linear regression, classification techniques, logistic regression, discriminant analysis, unsupervised learning techniques like k-means/hierarchical clustering, and feature reduction methods like PCA/SVD.
\\

Responsibilities include:
\\
• \\
• Selecting features, building, and optimizing classifiers using machine learning techniques.\\
• Hypothesis testing, developing hypotheses, and testing them with careful experiments.\\
• Implementing predictive modeling and collaborating with cross-functional teams to integrate AI models into business solutions.\\
• Conducting research and experiments to improve AI models and algorithms.\\
• Staying updated with the latest AI/ML technologies and trends.\\
• Implementing and deploying AI models using cloud AI services.\\
• Ensuring the quality and scalability of AI solutions.\\
\\

Required skills include:
\\
• \\
• At least 10 years experience in predictive analytics and data mining with hands-on experience in linear regression, classification techniques, logistic regression, discriminant analysis, unsupervised learning techniques like k-means/hierarchical clustering, and feature reduction methods like PCA/SVD.\\
• Experience in optimization methods.\\
• Hands-on development experience with Python, R, T-SQL, and graph-based models.\\
• Proven experience as a data scientist and machine learning model builder.\\
• Understanding of Azure Machine Learning and other Azure AI tools.\\
\\

PREFERRED SKILLS:
\\
• \\
• Exposure to machine learning libraries such as Scikit-learn, TensorFlow, or PyTorch.\\
• Leverage Azure Machine Learning to manage data pipelines, experiments, and deployments.\\
• Exposure to implementing end-to-end AI solutions using Azure AI services and Azure Cognitive Services.\\
• Certification in Microsoft Azure AI relative to Azure Machine Learning.\\
• Expert database knowledge in SQL.\\
• Proficiency in Azure Data Services (Data Factory, Synapse Analytics).\\"	jobspy						
go-Gy5gdv77tF7cKz1dAAAAAA==	google	https://in.bebee.com/job/4519c277974e82ea2481a9a69fe09fc5?utm_campaign=google_jobs_apply&utm_source=google_jobs_apply&utm_medium=organic	Financial Operations Coordinator	beBee Careers	Cuttack, Odisha	2025-04-08		False		"Job Summary:
We are looking for a highly organized and detail-oriented individual to join our team as a Financial Operations Coordinator. In this role, you will be responsible for managing day-to-day financial operations, including processing sales orders, generating invoices, and maintaining accurate financial records. Your expertise in Tally and Excel will be instrumental in ensuring seamless financial operations.

Main Responsibilities:
- Process sales orders and generate invoices
- Manage inventory records and maintain accurate financial data
- Provide exceptional customer service and support

Essential Skills and Experience:
- Proficiency in Tally and Excel
- Strong analytical and problem-solving skills
- Excellent communication and interpersonal skills
- Ability to work accurately and efficiently in a fast-paced environment"	jobspy						
li-4220541341	linkedin	https://www.linkedin.com/jobs/view/4220541341	Assistant Professor of Computer Science	NIST University	Brahmapur, Odisha, India		fulltime	False	career@nist.edu, _cse@nist.edu	"**NIST University is inviting applications for the position of Assistant Professor in the Department of Computer Science \& Engineering.** 




  





 We are seeking a dynamic and motivated academic professional for the role of Assistant Professor in the Department of Computer Science. The ideal candidate should be passionate about teaching, research, and academic service, with a strong foundation in modern computing technologies and tools.  
 



  





**Key Responsibilities:** 




 Deliver high\-quality teaching in undergraduate and postgraduate programs.  
 



 Develop course materials and utilize modern teaching methodologies and tools.  
 



 Guide student projects and mentor research scholars.  
 



 Conduct original research in relevant areas and publish in reputed journals (Scopus/WoS indexed).  
 



 Participate in departmental activities including curriculum development, academic planning, and other institutional responsibilities.  
 



 Collaborate with industry and academia for research and consultancy projects.  
 



  





**Essential Qualifications:** 




 Ph.D. in Computer Science or a related discipline from a reputed university/institute OR Master’s degree (minimum 60%) in Computer Science or relevant discipline from a reputed university/institute.  
 



 Candidates who have submitted their Ph.D. thesis may also apply.  
 



 Proficiency in programming languages such as Python, C\#, Java, etc.  
 



 Strong understanding of emerging technologies such as Artificial Intelligence (AI), Machine Learning (ML), Data Science, and Internet of Things (IoT).
 



  





 Please submit your application/resume via email at: career@nist.edu with cc to hod\_cse@nist.edu latest by 20th May 2025\."	jobspy	https://forms.gle/RyUc85fBerW868VK9&urlHash=sioi	entry level	Education and Training	Higher Education	https://in.linkedin.com/school/nistuniversity/	https://media.licdn.com/dms/image/v2/C4D0BAQEm9fF_fiLAdQ/company-logo_100_100/company-logo_100_100/0/1630491451689/national_institute_of_science_and_technology_nist_berhampur_logo?e=2147483647&v=beta&t=qvDgqwqKVc4S-7t3YWgQLL40DL8ecNs8e21QwXdWXPc
